,AK3,ATF7IP2,ATP10D,ATXN7L3,BBS10,BEND3,BHLHE40,BNIP3L,BTLA,C11orf1,C12orf76,CA1,CCNB1,CCPG1,CD8A,CDHR5,CDK10,CLIC5,CYB5R1,CYP20A1,DMRT1,DPF3,DST,DTX1,EHF,EHMT1,ELOF1,FAHD1,FAM208A,FAM229B,FSD1,GLI3,HDHD3,HIST1H4I,HSPA4,HSPH1,IL17F,KCNIP2,KDELR2,KDM6A,KLF13,KLHL17,KLRG1,KRTCAP2,LRP6,LRRC37A3,LRTOMT,LY96,LYST,LZTS1,MAP3K9,MAP7D1,MAP7D3,MAPK8,MBOAT2,MGA,MOSMO,NNAT,ORM2,P3H3,PEX10,PIP,POU2F3,RAB30,RAMP1,RASD2,RCBTB1,RETN,RFX5,RNH1,RPL26L1,RPS6KA1,RYK,S100P,SAMHD1,SH2D2A,SH3KBP1,SIKE1,SIT1,SLC25A33,SLC25A4,SOX15,SPATA2,SUMF1,SYNE1,TCEAL1,TESPA1,THYN1,TP53,TRIT1,TRMT10A,TRPM2,TRPV2,TWIST1,ZDHHC5,ZFP14,ZGLP1,ZNF138,ZNF687,ZNF880
AK3,1.0000094,0.94890213,0.9470401,0.95202637,0.95439965,0.94751555,0.94563645,0.9484502,0.9482131,0.95232564,0.9522734,0.9492065,0.9569996,0.95133674,0.95031214,0.95114356,0.948819,0.955883,0.9445187,0.9488875,0.9527217,0.9530742,0.95209265,0.94951385,0.9452784,0.95131624,0.9529925,0.9513918,0.95818216,0.9458735,0.9474906,0.9456443,0.95425177,0.94695944,0.94650203,0.9540489,0.9471506,0.948896,0.9476049,0.94580334,0.94518024,0.9470864,0.94914514,0.9453824,0.9481333,0.94645125,0.9489365,0.94740695,0.9503575,0.9496099,0.9461422,0.95035267,0.951829,0.94695354,0.9406648,0.94918424,0.9537746,0.9514147,0.95021117,0.9429507,0.9545274,0.9555346,0.94689393,0.9500857,0.94402623,0.94408244,0.94981956,0.94433904,0.9529858,0.948691,0.9496068,0.95508325,0.9534566,0.9513911,0.950023,0.95838785,0.9441006,0.9446325,0.9481925,0.95145684,0.94758147,0.94826245,0.9435607,0.9537584,0.9533794,0.95676893,0.95408416,0.9498398,0.9495909,0.95145714,0.94283235,0.94768685,0.9600258,0.9519899,0.947537,0.95146066,0.94795394,0.947501,0.9497953,0.95177054
ATF7IP2,0.94890213,0.99998575,0.9498048,0.95108366,0.9493871,0.94960374,0.94969344,0.9502456,0.95171106,0.9523127,0.9458111,0.95212454,0.95088255,0.9484688,0.94725317,0.94994485,0.95140487,0.9471524,0.94878113,0.9477182,0.9487778,0.9517446,0.9485825,0.9525571,0.9496576,0.9473284,0.9530337,0.95335,0.9532018,0.9487499,0.9530868,0.9513463,0.9508679,0.9505452,0.9504661,0.9475262,0.9493566,0.95031774,0.9547131,0.95017934,0.94719017,0.9480914,0.95039904,0.94567704,0.9455119,0.9497677,0.9500871,0.94962114,0.9505189,0.9542091,0.9484393,0.94972146,0.9449753,0.94921786,0.9493791,0.9462733,0.9478229,0.9519743,0.94925225,0.949781,0.95014536,0.9469887,0.94750446,0.951815,0.9508444,0.9524647,0.9493719,0.9501038,0.94402903,0.95086545,0.9535403,0.9503571,0.9526985,0.94904166,0.94770986,0.9498405,0.9507768,0.94789535,0.9482727,0.949324,0.94616216,0.95125914,0.9501095,0.95227927,0.9538171,0.946066,0.95039463,0.9480536,0.9496161,0.9481882,0.9499037,0.9524108,0.94871527,0.94847083,0.95046395,0.95016307,0.94940495,0.9492732,0.95137054,0.9502487
ATP10D,0.9470401,0.9498048,1.0000008,0.94918376,0.9502231,0.9522014,0.9480654,0.95203274,0.9520787,0.95157105,0.9493089,0.95143604,0.9489907,0.95117235,0.9497325,0.9484071,0.95268047,0.9496225,0.9487843,0.9478862,0.9467867,0.95020497,0.9501062,0.95050913,0.95155585,0.94645274,0.9506235,0.9527382,0.94559294,0.9518612,0.95106065,0.95010173,0.9508395,0.95039594,0.95056605,0.94819635,0.95009506,0.9497898,0.95265794,0.95332974,0.95016265,0.9540188,0.9484706,0.94947743,0.9505209,0.9466524,0.95319444,0.94829345,0.949687,0.94903773,0.9496367,0.9502746,0.94649345,0.9526768,0.95154184,0.94842803,0.94855064,0.9487308,0.9524559,0.9491631,0.9489175,0.94923574,0.9503852,0.95237845,0.9461503,0.95125115,0.9509894,0.9491712,0.9484016,0.94863236,0.9508639,0.95148396,0.9494952,0.9519227,0.9509533,0.9515467,0.95354486,0.9498671,0.9508218,0.95153916,0.950922,0.95150477,0.9467927,0.94796836,0.9493791,0.9468317,0.9508882,0.94978654,0.95059514,0.9497827,0.9493296,0.95054674,0.9489147,0.9525251,0.9511103,0.95065665,0.95116055,0.9506636,0.94938934,0.95001626
ATXN7L3,0.95202637,0.95108366,0.94918376,0.99999726,0.9545067,0.95485175,0.9552079,0.9525911,0.95244837,0.95122254,0.9527988,0.951028,0.9490194,0.9517553,0.9552086,0.95281565,0.95277655,0.95287657,0.9522803,0.9478669,0.94824755,0.9519487,0.9501957,0.95240474,0.9501536,0.95316446,0.9557707,0.9491754,0.9515457,0.95069826,0.9501826,0.9492929,0.95014554,0.947283,0.9502382,0.95434964,0.9514488,0.95506006,0.9514508,0.9502103,0.953094,0.95023257,0.9537484,0.9521571,0.9498553,0.9477747,0.94951004,0.94965476,0.9500344,0.9500088,0.9449618,0.9540666,0.9527277,0.9492823,0.95046157,0.9517696,0.9551675,0.94999963,0.9516911,0.95281416,0.94987005,0.95747364,0.9539463,0.95119894,0.9479045,0.9489639,0.95033675,0.9538903,0.9499065,0.9501621,0.95205456,0.95071983,0.95134944,0.95213324,0.95114076,0.9510774,0.95141053,0.9525005,0.9497945,0.9526605,0.9530114,0.94815904,0.94994485,0.95417094,0.94997793,0.95311296,0.9557465,0.95151305,0.948918,0.95458865,0.9463657,0.9526238,0.9558491,0.95175046,0.94957155,0.9510442,0.94839174,0.9500201,0.95382226,0.9545192
BBS10,0.95439965,0.9493871,0.9502231,0.9545067,1.0000116,0.9550171,0.951346,0.9527062,0.95081633,0.95660347,0.9627656,0.95497817,0.9540963,0.9557181,0.9586916,0.9513507,0.95468915,0.95604146,0.9522665,0.94804037,0.9485171,0.9541,0.9495567,0.95070577,0.94932586,0.9503813,0.9556453,0.95171785,0.9543494,0.95489407,0.9491532,0.9491912,0.9535307,0.94712055,0.9484815,0.9554166,0.9521295,0.95517784,0.9506051,0.9538988,0.95224524,0.95178026,0.952049,0.9512813,0.9553148,0.94726455,0.9471666,0.9507642,0.9516291,0.9504672,0.9447414,0.95573014,0.95605993,0.94868517,0.95060897,0.9542762,0.9619094,0.9498669,0.95232636,0.9492226,0.9515142,0.9644187,0.95196974,0.9507625,0.9467875,0.9501195,0.9515689,0.9484852,0.95037633,0.9528668,0.95052516,0.9489821,0.95036656,0.95855194,0.9522535,0.9574639,0.95217085,0.95322615,0.9498734,0.9519173,0.9563838,0.95043063,0.9504616,0.9516413,0.9509521,0.9578481,0.9662117,0.9592886,0.9488493,0.955036,0.94774723,0.9514454,0.9610401,0.94950485,0.94859666,0.955137,0.9500982,0.9523723,0.9503932,0.95586514
BEND3,0.94751555,0.94960374,0.9522014,0.95485175,0.9550171,1.0000044,0.951047,0.954089,0.9578349,0.95025074,0.95057315,0.9524119,0.94739753,0.94915015,0.95327836,0.95116156,0.95273936,0.9534352,0.94976604,0.94530666,0.9420344,0.9511729,0.950299,0.9564993,0.94942445,0.95028853,0.9555194,0.9489161,0.9519956,0.9517037,0.95697576,0.94931567,0.94953406,0.94760203,0.9498271,0.9540448,0.9516931,0.96168524,0.95055175,0.9547199,0.9527754,0.9505881,0.95077324,0.9506985,0.94943273,0.9458288,0.949862,0.95662934,0.9503932,0.94886464,0.94494134,0.96212435,0.9480724,0.9518806,0.95045495,0.94808865,0.955168,0.9573037,0.95341486,0.9502437,0.9466106,0.9568263,0.95449704,0.95342565,0.943789,0.94935274,0.9529113,0.952198,0.9466884,0.9498689,0.9548071,0.9501445,0.9483602,0.9501914,0.9486745,0.95097715,0.9516079,0.95413786,0.95109487,0.95643914,0.9592256,0.95122784,0.94778466,0.95035416,0.9498883,0.95380425,0.95628506,0.94853246,0.94276875,0.9554978,0.94929516,0.95387393,0.9528041,0.9511157,0.9494434,0.9509873,0.94779384,0.9538991,0.9543322,0.9495226
BHLHE40,0.94563645,0.94969344,0.9480654,0.9552079,0.951346,0.951047,1.0000083,0.9530355,0.95134485,0.948193,0.95469636,0.9478492,0.9521413,0.9501255,0.95320237,0.95442426,0.94961095,0.9553687,0.95464826,0.94832927,0.95012915,0.9487095,0.94979817,0.9477431,0.9479183,0.95162314,0.9464431,0.9459005,0.9477802,0.9532067,0.9457293,0.9486463,0.9422183,0.9482186,0.9469747,0.95464,0.95299506,0.9533937,0.94570804,0.9528538,0.95429105,0.94489884,0.9441217,0.95746905,0.94741726,0.94958526,0.94728106,0.9502836,0.94926393,0.9529133,0.9460107,0.9524772,0.95651937,0.94841367,0.95880127,0.9510417,0.9554219,0.9442124,0.9453741,0.9549793,0.95324963,0.9493722,0.95183444,0.9462213,0.9523734,0.950774,0.9495754,0.9635169,0.9463901,0.94776946,0.9451379,0.9435464,0.9480909,0.9495609,0.9520665,0.9481055,0.94900167,0.95846844,0.949993,0.94549656,0.9438239,0.94598776,0.9489791,0.95088816,0.9511365,0.9506184,0.9448719,0.95436615,0.95036423,0.95951015,0.94840866,0.9473868,0.9485244,0.95157623,0.94806844,0.95302105,0.9449736,0.95067,0.94885606,0.9521122
BNIP3L,0.9484502,0.9502456,0.95203274,0.9525911,0.9527062,0.954089,0.9530355,0.9999943,0.9514304,0.95173055,0.9510213,0.9505549,0.95066833,0.9505614,0.95140505,0.9493636,0.9526621,0.95271647,0.94951177,0.9484643,0.94748914,0.95146877,0.9512922,0.9530148,0.95085883,0.9498358,0.94996464,0.950145,0.9500104,0.95137304,0.95324254,0.95042574,0.94767904,0.95010275,0.94893146,0.95288354,0.95277286,0.95439625,0.95010483,0.9544691,0.952319,0.9531224,0.9482115,0.9510219,0.95024425,0.94783837,0.9495927,0.95344424,0.9492525,0.9482659,0.9480113,0.95487595,0.9501028,0.9505896,0.95096344,0.9509741,0.95300424,0.95105326,0.95029426,0.95096976,0.95119786,0.9517865,0.95022917,0.9511074,0.9480061,0.95062447,0.9515602,0.95334363,0.94756866,0.9475219,0.9513267,0.9500809,0.94995713,0.9517504,0.9487448,0.9513399,0.95317376,0.9524631,0.95076054,0.95203626,0.95036584,0.95006186,0.94836575,0.94941545,0.9513163,0.9510259,0.95107883,0.95449644,0.9467854,0.95371604,0.94840026,0.9487082,0.94997656,0.9509954,0.9505523,0.9534495,0.94855464,0.95300984,0.952956,0.95082957
BTLA,0.9482131,0.95171106,0.9520787,0.95244837,0.95081633,0.9578349,0.95134485,0.9514304,1.0000075,0.9502222,0.94902754,0.9513704,0.94860685,0.94775254,0.9478638,0.9496786,0.9518037,0.9535567,0.95028484,0.9468279,0.9452843,0.9509157,0.9514955,0.9565314,0.948704,0.9476182,0.950604,0.948834,0.95155495,0.9495868,0.95843446,0.9505104,0.9485807,0.9483363,0.94812596,0.9508031,0.9503028,0.9565591,0.9519069,0.9536239,0.9508437,0.95011336,0.9491266,0.95031685,0.946064,0.94678724,0.94925225,0.955208,0.9496032,0.94987226,0.9464499,0.95700663,0.9456433,0.94901174,0.95022506,0.9467257,0.9507768,0.9546592,0.95034605,0.94911635,0.9474914,0.95369756,0.95141506,0.95189357,0.9443062,0.9489529,0.9498235,0.9501867,0.9463689,0.9487448,0.95375425,0.94975966,0.9497173,0.94992304,0.9487317,0.9520552,0.9501548,0.9525804,0.94983983,0.9527141,0.9533921,0.95039296,0.9470266,0.9489692,0.95188755,0.9480182,0.9530493,0.94899255,0.9436593,0.95278764,0.9490725,0.9502145,0.95226175,0.951247,0.9491777,0.9516551,0.9459409,0.9520754,0.9580426,0.95013154
C11orf1,0.95232564,0.9523127,0.95157105,0.95122254,0.95660347,0.95025074,0.948193,0.95173055,0.9502222,1.000005,0.95484257,0.9537757,0.95656717,0.95376515,0.95196927,0.9526647,0.95560247,0.9502816,0.9478277,0.9483125,0.9518185,0.9581168,0.94698167,0.95119095,0.94723696,0.95008636,0.95233786,0.9563458,0.9574855,0.95081836,0.9516551,0.94968677,0.9538262,0.94875306,0.9500087,0.9464127,0.94889367,0.947217,0.95316696,0.94825363,0.9450827,0.94954854,0.949774,0.9463148,0.94759005,0.9488831,0.94744635,0.949276,0.9517118,0.9535378,0.95045817,0.95053846,0.94984996,0.94849235,0.9461373,0.95181835,0.95299745,0.9519588,0.9519638,0.947117,0.95613563,0.95381856,0.94866157,0.95284754,0.949305,0.95205367,0.94945586,0.94736767,0.9446773,0.9533672,0.9511165,0.94819593,0.9541547,0.9577333,0.9489488,0.9591177,0.95160365,0.9483676,0.949423,0.9509622,0.94884,0.9538536,0.9498726,0.9541924,0.953962,0.95076,0.95802903,0.95594907,0.94875705,0.94666445,0.9488123,0.95149034,0.95647603,0.9477197,0.94888026,0.9560125,0.9487592,0.9506139,0.9492109,0.95499957
C12orf76,0.9522734,0.9458111,0.9493089,0.9527988,0.9627656,0.95057315,0.95469636,0.9510213,0.94902754,0.95484257,1.000006,0.95140386,0.9528749,0.9529377,0.9556807,0.95367146,0.95346665,0.9536403,0.9529747,0.94868296,0.9509625,0.95303965,0.9492829,0.94998837,0.94912803,0.95082563,0.9509431,0.9493702,0.9521118,0.9524393,0.9492892,0.94930434,0.95144504,0.94826347,0.94724894,0.95386755,0.95256877,0.95369333,0.94744587,0.95189416,0.9515655,0.9488567,0.95033693,0.9547939,0.9518157,0.9490353,0.9480554,0.9500499,0.9508531,0.9504781,0.94667995,0.95239246,0.9570432,0.9480641,0.9521084,0.9546448,0.95765066,0.94711393,0.9499167,0.95294183,0.9512743,0.95672596,0.952629,0.9503322,0.94946724,0.95001554,0.9520156,0.9511391,0.9511454,0.9505615,0.9475889,0.94878906,0.95068824,0.9556354,0.95094025,0.9540944,0.9499272,0.95503193,0.94966114,0.9497821,0.95106155,0.9507826,0.95000505,0.95432687,0.9504962,0.9559798,0.955361,0.96049863,0.94838834,0.9553836,0.9482471,0.9503037,0.95639396,0.95026505,0.9480629,0.95559925,0.94854164,0.95210135,0.95015514,0.95380676
CA1,0.9492065,0.95212454,0.95143604,0.951028,0.95497817,0.9524119,0.9478492,0.9505549,0.9513704,0.9537757,0.95140386,0.9999924,0.95184386,0.95452243,0.95337254,0.95007956,0.9518852,0.9490238,0.9515661,0.9516506,0.9482675,0.9549284,0.9479731,0.949833,0.95459414,0.947567,0.9516021,0.954007,0.9521205,0.95096517,0.9507977,0.953868,0.9562787,0.9517448,0.9554489,0.9477899,0.95287585,0.95009685,0.95448977,0.9485591,0.95176506,0.95425355,0.95187217,0.949034,0.95108944,0.9493786,0.95111454,0.94746786,0.9526288,0.9498297,0.95160437,0.949316,0.94991726,0.95234823,0.9492513,0.95133823,0.9542748,0.9506738,0.9558603,0.94765407,0.9512415,0.95745283,0.95234156,0.953329,0.9493158,0.95287174,0.95127475,0.945372,0.94949794,0.95621485,0.9498327,0.94926536,0.9514027,0.9557836,0.9530547,0.95528024,0.9527593,0.948442,0.95397,0.9520181,0.95348954,0.95476484,0.9524064,0.9525535,0.94969845,0.9492821,0.95481366,0.95240134,0.9501715,0.9458854,0.9516418,0.952662,0.95647216,0.95086753,0.9526402,0.9552052,0.9534843,0.94917166,0.948714,0.95546615
CCNB1,0.9569996,0.95088255,0.9489907,0.9490194,0.9540963,0.94739753,0.9521413,0.95066833,0.94860685,0.95656717,0.9528749,0.95184386,1.0000052,0.9543914,0.951629,0.9559202,0.9520569,0.95025975,0.9474342,0.9501205,0.95488226,0.9556147,0.9487614,0.9482084,0.9451338,0.9526494,0.94996256,0.9549793,0.96044177,0.95292354,0.9475482,0.95110357,0.9542991,0.947743,0.9505572,0.9483949,0.9490754,0.9458855,0.95109695,0.94695884,0.9465817,0.9482098,0.9461283,0.94723135,0.948737,0.9499451,0.9464426,0.94782066,0.950852,0.9551497,0.9510994,0.9473257,0.9559676,0.9482961,0.94713855,0.9513918,0.9547522,0.94983137,0.95136446,0.948921,0.955179,0.9546182,0.9509035,0.9489572,0.9521374,0.9520458,0.9502164,0.9478293,0.948318,0.9557238,0.9474892,0.9444938,0.9525759,0.9558521,0.95279586,0.9582394,0.9479795,0.9473641,0.95082474,0.9494462,0.94735944,0.949637,0.9513632,0.9560457,0.951493,0.95281595,0.9536617,0.95244974,0.9491064,0.94567496,0.9508039,0.95117545,0.95599,0.95190895,0.9479031,0.95427966,0.94896346,0.951753,0.945062,0.9577902
CCPG1,0.95133674,0.9484688,0.95117235,0.9517553,0.9557181,0.94915015,0.9501255,0.9505614,0.94775254,0.95376515,0.9529377,0.95452243,0.9543914,1.0000035,0.9567306,0.95228744,0.9530027,0.947172,0.95365685,0.9522951,0.95554626,0.95516217,0.94872016,0.9472887,0.95292056,0.9526255,0.9510165,0.9534425,0.9537579,0.9532418,0.94759065,0.95174074,0.9552763,0.9518898,0.95331746,0.94691914,0.95278335,0.94893086,0.95306504,0.9455379,0.9497156,0.9532053,0.9545584,0.9519018,0.95404875,0.94985783,0.9506358,0.9467697,0.9513887,0.95000523,0.952478,0.9502475,0.9574971,0.9495531,0.94965416,0.9558865,0.9547592,0.9484217,0.9532603,0.9525426,0.9551227,0.95603937,0.9519937,0.95146114,0.9528408,0.954374,0.9505424,0.9474133,0.9520669,0.9566809,0.9469973,0.94894534,0.9515562,0.9580619,0.95733094,0.955068,0.9517905,0.9469677,0.9525126,0.94883037,0.9474459,0.95199955,0.9538881,0.95472133,0.95069456,0.95368713,0.95245516,0.9569049,0.95318985,0.94884086,0.9506731,0.9526241,0.95561826,0.9510598,0.95053315,0.95610607,0.95149267,0.94926023,0.9449201,0.9595655
CD8A,0.95031214,0.94725317,0.9497325,0.9552086,0.9586916,0.95327836,0.95320237,0.95140505,0.9478638,0.95196927,0.9556807,0.95337254,0.951629,0.9567306,0.99999756,0.9542223,0.9530175,0.9486199,0.9515205,0.947991,0.94749415,0.9525707,0.94432974,0.9471648,0.95103186,0.9524521,0.9510134,0.95076466,0.953382,0.95816517,0.9468799,0.94909513,0.95689213,0.94788206,0.95090824,0.9507525,0.9519162,0.9489055,0.9519396,0.947515,0.9539109,0.9501476,0.95663726,0.9519032,0.95852363,0.9486129,0.94836915,0.94497675,0.9505685,0.9499167,0.9481636,0.9506464,0.9574417,0.94984597,0.9532523,0.9625835,0.95550966,0.9485201,0.9524331,0.9525427,0.9513023,0.9625423,0.9541566,0.9518888,0.9527798,0.95424795,0.94883174,0.9497158,0.95344186,0.95961714,0.9466445,0.94795585,0.9490153,0.9579815,0.9551007,0.9555498,0.9559202,0.9494059,0.95182914,0.9522042,0.9517639,0.95001745,0.9539349,0.953922,0.94610184,0.9522901,0.95254725,0.9604345,0.95384264,0.95091087,0.95039797,0.9558288,0.9595189,0.9498147,0.9499371,0.95404494,0.95391214,0.9504334,0.94751734,0.95488846
CDHR5,0.95114356,0.94994485,0.9484071,0.95281565,0.9513507,0.95116156,0.95442426,0.9493636,0.9496786,0.9526647,0.95367146,0.95007956,0.9559202,0.95228744,0.9542223,1.0000067,0.95222926,0.95075876,0.948986,0.9500395,0.952233,0.9515249,0.9480095,0.9478959,0.9476669,0.9547085,0.9479447,0.9485511,0.95605165,0.9490688,0.94749904,0.94950825,0.95110345,0.9477946,0.94920087,0.9507561,0.9523296,0.9508574,0.94954944,0.947985,0.94978243,0.94661,0.949184,0.9507361,0.94585043,0.95068413,0.9470215,0.94886065,0.94986683,0.95580465,0.9491353,0.94926786,0.95631963,0.94944656,0.95153445,0.9527505,0.9530982,0.95073116,0.9491003,0.95356417,0.95368415,0.95612997,0.95444024,0.94931513,0.9545613,0.9528967,0.94877696,0.9547602,0.9470051,0.95409083,0.94733286,0.94393086,0.95163167,0.95241994,0.950825,0.9516134,0.9493212,0.9516258,0.95131934,0.94874066,0.94740695,0.9499283,0.9522757,0.95296824,0.9511174,0.95254534,0.94936574,0.95561755,0.9486442,0.9513255,0.95179844,0.95275724,0.9579797,0.9508951,0.94613737,0.95535684,0.94902253,0.9518479,0.94764495,0.9537197
CDK10,0.948819,0.95140487,0.95268047,0.95277655,0.95468915,0.95273936,0.94961095,0.9526621,0.9518037,0.95560247,0.95346665,0.9518852,0.9520569,0.9530027,0.9530175,0.95222926,1.0000051,0.95174444,0.9511668,0.94936925,0.95430326,0.95491326,0.94995874,0.9533934,0.9498032,0.95031327,0.95125264,0.95414907,0.95199174,0.9520264,0.9532982,0.949505,0.95078605,0.9497351,0.95107114,0.95136887,0.95330507,0.95346606,0.9560596,0.9495505,0.95081574,0.95137376,0.95380807,0.95062286,0.94915104,0.9475026,0.95054305,0.9515089,0.9499916,0.9476914,0.94869477,0.9523448,0.948923,0.9498141,0.9510051,0.95152366,0.9550668,0.95119035,0.9522402,0.9523103,0.9531472,0.95574564,0.9516128,0.95417947,0.94922054,0.95081717,0.95164645,0.94861156,0.94815046,0.9536408,0.951583,0.9519947,0.95263153,0.9554437,0.9506276,0.95444953,0.9543105,0.95031244,0.95165795,0.95244336,0.9520007,0.9522023,0.9507682,0.95291215,0.9529929,0.95366156,0.9539521,0.95540565,0.9487595,0.9512043,0.9487833,0.951593,0.9557372,0.9515523,0.9480956,0.9562042,0.9499141,0.95071316,0.9522531,0.9552651
CLIC5,0.955883,0.9471524,0.9496225,0.95287657,0.95604146,0.9534352,0.9553687,0.95271647,0.9535567,0.9502816,0.9536403,0.9490238,0.95025975,0.947172,0.9486199,0.95075876,0.95174444,0.9999957,0.94688827,0.94424886,0.9463598,0.9490898,0.95204616,0.953834,0.94565797,0.9484382,0.9507055,0.9464731,0.95016223,0.9499869,0.95462745,0.94731164,0.9460377,0.94844157,0.9447395,0.9601215,0.94813484,0.95670265,0.94351447,0.95489895,0.95242727,0.94675934,0.9425519,0.95061445,0.9458407,0.94524294,0.9479996,0.95344496,0.95047903,0.94731563,0.9424647,0.9570303,0.94915986,0.9484298,0.9514875,0.944781,0.9573415,0.9494846,0.9480412,0.9466914,0.9504321,0.9532496,0.947481,0.9478769,0.940907,0.94456583,0.9521851,0.9549175,0.9488906,0.93806094,0.9520575,0.9546155,0.95243055,0.94636154,0.9459948,0.9527958,0.948741,0.954802,0.9492704,0.95181054,0.9529549,0.9460056,0.9389585,0.948705,0.9527622,0.95543957,0.9524399,0.95337015,0.9449318,0.9624415,0.94304997,0.9440025,0.95328337,0.9538541,0.9493508,0.9455816,0.9436469,0.95082676,0.95782876,0.9460371
CYB5R1,0.9445187,0.94878113,0.9487843,0.9522803,0.9522665,0.94976604,0.95464826,0.94951177,0.95028484,0.9478277,0.9529747,0.9515661,0.9474342,0.95365685,0.9515205,0.948986,0.9511668,0.94688827,1.000011,0.9508232,0.95526075,0.95105124,0.94946504,0.9473633,0.95355266,0.9528942,0.9479495,0.94944096,0.9475205,0.9521494,0.9471595,0.95219725,0.94818145,0.94978434,0.9525372,0.9481361,0.95638996,0.95245856,0.9524557,0.94700617,0.9517206,0.95232046,0.9555461,0.9586617,0.9511452,0.95171446,0.9518106,0.94958884,0.95058787,0.9484607,0.95073694,0.9511154,0.9558251,0.95247495,0.9534981,0.9535207,0.95358896,0.9464995,0.9516926,0.95742357,0.9503959,0.9517699,0.9546871,0.95089865,0.9550094,0.9553176,0.95008147,0.9549696,0.9499174,0.9542897,0.94788444,0.94735044,0.9492678,0.9516165,0.9560862,0.9473517,0.95264405,0.9515588,0.9514118,0.9479552,0.94658464,0.95042634,0.95695275,0.9538828,0.95004565,0.9502864,0.94772464,0.95270926,0.9502338,0.95212746,0.95287913,0.9525245,0.95013595,0.9505629,0.9504336,0.9544839,0.9494018,0.94880486,0.9487827,0.9564984
CYP20A1,0.9488875,0.9477182,0.9478862,0.9478669,0.94804037,0.94530666,0.94832927,0.9484643,0.9468279,0.9483125,0.94868296,0.9516506,0.9501205,0.9522951,0.947991,0.9500395,0.94936925,0.94424886,0.9508232,1.0000054,0.9524977,0.9507156,0.9474964,0.94666326,0.95216626,0.9501882,0.947324,0.9502662,0.9483531,0.9485771,0.9459586,0.9530247,0.95048463,0.9545913,0.95369035,0.9460213,0.95099854,0.94558835,0.9504371,0.9463916,0.94789,0.95087326,0.9505833,0.94965583,0.9501488,0.9550362,0.9493278,0.94636893,0.9500959,0.9487925,0.95401955,0.94499105,0.9509781,0.95054495,0.9482991,0.95067436,0.947737,0.9476391,0.9518807,0.95048785,0.9511259,0.9480054,0.94970244,0.95059127,0.95301694,0.95068085,0.94913787,0.947078,0.9510416,0.95227593,0.94603586,0.94719017,0.9499672,0.95020777,0.9511684,0.94800186,0.94982004,0.9462916,0.9524832,0.946099,0.9461996,0.95100576,0.9526739,0.9486034,0.9484745,0.9481761,0.9475709,0.9497491,0.9516049,0.9447422,0.95044553,0.94920516,0.9485144,0.9492579,0.9542796,0.95120907,0.95202255,0.9479755,0.9459168,0.9511615
DMRT1,0.9527217,0.9487778,0.9467867,0.94824755,0.9485171,0.9420344,0.95012915,0.94748914,0.9452843,0.9518185,0.9509625,0.9482675,0.95488226,0.95554626,0.94749415,0.952233,0.95430326,0.9463598,0.95526075,0.9524977,1.0000079,0.9519073,0.9496236,0.9457489,0.9495788,0.9535168,0.9464299,0.95208627,0.9527281,0.9490538,0.94609857,0.94920325,0.9493679,0.95012224,0.9490085,0.9453712,0.9512183,0.9469435,0.9520706,0.943743,0.94544256,0.94831467,0.9530793,0.9524827,0.94763607,0.95203483,0.9490889,0.94815826,0.94845915,0.9500176,0.9531928,0.9465593,0.95431834,0.94706124,0.94744337,0.95212597,0.9510824,0.94709677,0.94681966,0.9545109,0.9568153,0.9475826,0.95080096,0.9513004,0.9575555,0.9522554,0.9486643,0.95219195,0.95012146,0.9526504,0.94728863,0.9496843,0.95255315,0.95298344,0.9510119,0.95086676,0.949301,0.946654,0.94851685,0.94566095,0.9418341,0.9505342,0.95321685,0.95484287,0.95283115,0.95220256,0.9469796,0.95383155,0.9496628,0.9482933,0.952218,0.9489109,0.9518278,0.94901335,0.9484024,0.9555969,0.9486825,0.94837236,0.9447056,0.95612895
DPF3,0.9530742,0.9517446,0.95020497,0.9519487,0.9541,0.9511729,0.9487095,0.95146877,0.9509157,0.9581168,0.95303965,0.9549284,0.9556147,0.95516217,0.9525707,0.9515249,0.95491326,0.9490898,0.95105124,0.9507156,0.9519073,0.9999994,0.9498948,0.9503762,0.9519628,0.9499632,0.9517167,0.95420694,0.954666,0.9514696,0.95009506,0.9522697,0.9567253,0.9508867,0.9528469,0.9470066,0.95421904,0.94875485,0.95573753,0.94837415,0.94765717,0.95281595,0.9530255,0.950616,0.9489725,0.95030814,0.94995904,0.9468125,0.9535055,0.9504912,0.95147014,0.9487257,0.95008624,0.9511386,0.9482166,0.9512222,0.95351213,0.95095587,0.9544967,0.9498166,0.95575655,0.95547366,0.95158505,0.9531684,0.95006573,0.9534903,0.9513442,0.9467119,0.9485072,0.95584536,0.95000494,0.9489291,0.95294094,0.95684886,0.9526045,0.9574751,0.95298445,0.9467082,0.95365167,0.95185596,0.94881606,0.9542644,0.9529488,0.9566587,0.952345,0.9496332,0.9547657,0.9529431,0.9507244,0.94746983,0.95004356,0.95331216,0.9570582,0.9523666,0.9499328,0.9560952,0.95046663,0.9503437,0.94789577,0.9572696
DST,0.95209265,0.9485825,0.9501062,0.9501957,0.9495567,0.950299,0.94979817,0.9512922,0.9514955,0.94698167,0.9492829,0.9479731,0.9487614,0.94872016,0.94432974,0.9480095,0.94995874,0.95204616,0.94946504,0.9474964,0.9496236,0.9498948,1.0000046,0.95244396,0.9488937,0.9474256,0.9491181,0.94763714,0.94875395,0.9461765,0.95259655,0.9488051,0.9471932,0.94885916,0.94699955,0.9511126,0.9491802,0.9532336,0.9477501,0.9499737,0.9496788,0.9482582,0.9483566,0.95054454,0.94732374,0.94711417,0.9520483,0.95416594,0.9492091,0.9464822,0.9473684,0.9523549,0.9472659,0.9494039,0.9480455,0.94508296,0.94983256,0.9509513,0.94953793,0.948976,0.9481311,0.94867796,0.94883454,0.9493804,0.94329643,0.946001,0.9535596,0.9494627,0.94989103,0.94339615,0.9529333,0.950762,0.94892824,0.9483579,0.94741386,0.9493308,0.94779706,0.95066154,0.94929135,0.94911313,0.95048565,0.9483313,0.94569373,0.95063907,0.9507587,0.94977015,0.9497167,0.9461433,0.9451145,0.9514885,0.9470644,0.9474972,0.94915694,0.95091444,0.94871885,0.94951946,0.94501686,0.9502319,0.95332885,0.94817847
DTX1,0.94951385,0.9525571,0.95050913,0.95240474,0.95070577,0.9564993,0.9477431,0.9530148,0.9565314,0.95119095,0.94998837,0.949833,0.9482084,0.9472887,0.9471648,0.9478959,0.9533934,0.953834,0.9473633,0.94666326,0.9457489,0.9503762,0.95244396,0.9999864,0.94800425,0.9480392,0.95162386,0.9513736,0.9529812,0.947402,0.9595,0.949726,0.94916266,0.9484827,0.94893396,0.9523522,0.9492686,0.95533335,0.9486653,0.95110524,0.94878995,0.94998866,0.9483459,0.9469644,0.9443177,0.94633585,0.9495515,0.957901,0.9493907,0.9475094,0.9458656,0.9566658,0.9447845,0.9498001,0.9456362,0.94609725,0.9510678,0.9577239,0.95081985,0.94791394,0.9487821,0.9518947,0.94719005,0.9519179,0.9428892,0.94652647,0.95214564,0.9469979,0.94604075,0.94689554,0.9557965,0.95032465,0.9514003,0.95117307,0.9435748,0.951433,0.95035774,0.9506718,0.94867396,0.9528179,0.95536196,0.94988596,0.9457287,0.9489324,0.9527759,0.95241475,0.95461106,0.9488339,0.93959594,0.95018256,0.9470277,0.9493685,0.9508852,0.949119,0.9486784,0.9495162,0.9447603,0.95194805,0.95769745,0.94921285
EHF,0.9452784,0.9496576,0.95155585,0.9501536,0.94932586,0.94942445,0.9479183,0.95085883,0.948704,0.94723696,0.94912803,0.95459414,0.9451338,0.95292056,0.95103186,0.9476669,0.9498032,0.94565797,0.95355266,0.95216626,0.9495788,0.9519628,0.9488937,0.94800425,1.000006,0.9500142,0.94928336,0.9505533,0.9456409,0.94981885,0.94884324,0.9538788,0.95210195,0.95285684,0.9537909,0.9479154,0.95378876,0.948327,0.95258737,0.94830275,0.95087796,0.95490813,0.954085,0.95242554,0.95141286,0.95115536,0.95410377,0.9478589,0.9520929,0.94753915,0.9515071,0.9481075,0.94948536,0.95434093,0.95071477,0.9505589,0.9489164,0.9487159,0.9539982,0.95244753,0.9493624,0.9504861,0.9522473,0.9523904,0.95129853,0.95433444,0.9512214,0.94901806,0.9532158,0.95177984,0.9498673,0.9499368,0.9490442,0.949177,0.9505885,0.9473722,0.9541461,0.95009255,0.9529733,0.9502507,0.9527276,0.9514515,0.9523889,0.9501809,0.9471239,0.94762796,0.9476682,0.9514785,0.94980615,0.9483617,0.95392424,0.9554384,0.94708407,0.95019466,0.9518439,0.95024776,0.95075005,0.9493742,0.94898957,0.9507541
EHMT1,0.95131624,0.9473284,0.94645274,0.95316446,0.9503813,0.95028853,0.95162314,0.9498358,0.9476182,0.95008636,0.95082563,0.947567,0.9526494,0.9526255,0.9524521,0.9547085,0.95031327,0.9484382,0.9528942,0.9501882,0.9535168,0.9499632,0.9474256,0.9480392,0.9500142,0.99999285,0.9494202,0.9484335,0.9556771,0.94830173,0.94767886,0.94930327,0.9500177,0.9476311,0.9505529,0.9510621,0.95160127,0.9495934,0.9495223,0.94395304,0.948807,0.9473137,0.9529586,0.9513436,0.9476289,0.9503739,0.94873273,0.9492454,0.9483769,0.9520285,0.9503285,0.9498883,0.95647144,0.94889426,0.9490163,0.9519775,0.95144796,0.9505939,0.949018,0.95363843,0.9524763,0.95341414,0.9514352,0.9496138,0.95574325,0.9500874,0.9492264,0.9519902,0.9483733,0.952002,0.9478109,0.9469525,0.9479249,0.95280534,0.950447,0.947835,0.9509773,0.9477487,0.94812787,0.95011616,0.94708276,0.94665056,0.95277303,0.9516972,0.95027465,0.9550565,0.94962,0.95187813,0.94771016,0.95030564,0.95198846,0.9529014,0.95137805,0.9501076,0.9472359,0.9516804,0.94801235,0.95025116,0.9473066,0.953567
ELOF1,0.9529925,0.9530337,0.9506235,0.9557707,0.9556453,0.9555194,0.9464431,0.94996464,0.950604,0.95233786,0.9509431,0.9516021,0.94996256,0.9510165,0.9510134,0.9479447,0.95125264,0.9507055,0.9479495,0.947324,0.9464299,0.9517167,0.9491181,0.95162386,0.94928336,0.9494202,0.9999907,0.952809,0.95342577,0.9499095,0.9512438,0.94827294,0.9526916,0.9485678,0.94915056,0.9478705,0.94993544,0.9531642,0.951951,0.949898,0.9487301,0.95024705,0.95267725,0.9469636,0.9496585,0.9456815,0.9501769,0.9493655,0.95024884,0.9501669,0.9442873,0.95337754,0.94847256,0.94955635,0.94690067,0.94964486,0.9522695,0.953216,0.95245576,0.9483352,0.948245,0.95511925,0.94943035,0.95247746,0.9451941,0.9487436,0.95101935,0.94706625,0.9478466,0.94968975,0.9535856,0.9504264,0.9505396,0.9521374,0.9499782,0.95206356,0.9499529,0.94811153,0.94843304,0.95408136,0.95403314,0.9497214,0.94952375,0.950714,0.9503602,0.9512122,0.9566895,0.94960594,0.94898355,0.9509435,0.9473737,0.95255333,0.95331925,0.9481015,0.9493145,0.9506484,0.9483916,0.95049363,0.9513835,0.9518115
FAHD1,0.9513918,0.95335,0.9527382,0.9491754,0.95171785,0.9489161,0.9459005,0.950145,0.948834,0.9563458,0.9493702,0.954007,0.9549793,0.9534425,0.95076466,0.9485511,0.95414907,0.9464731,0.94944096,0.9502662,0.95208627,0.95420694,0.94763714,0.9513736,0.9505533,0.9484335,0.952809,0.9999916,0.9527255,0.95146,0.95096684,0.9517436,0.95505863,0.9507469,0.95321035,0.9470793,0.9511591,0.9476654,0.9555086,0.9470015,0.9473755,0.9528037,0.9548444,0.94759476,0.9488551,0.9497858,0.9512655,0.9480545,0.95047706,0.9517866,0.95148295,0.9474155,0.95019007,0.94888985,0.9474776,0.94915307,0.9507606,0.9526239,0.9527454,0.9489753,0.9536107,0.9527806,0.95060796,0.95277935,0.94971186,0.95184195,0.94927055,0.9441463,0.9469158,0.9540671,0.9524471,0.9502864,0.9527713,0.9564158,0.9520214,0.95753294,0.9538563,0.9455379,0.9503973,0.95190084,0.9519424,0.9521015,0.95305645,0.9536757,0.9521909,0.9483234,0.9540766,0.951614,0.9500445,0.9439547,0.9497995,0.9540364,0.9534955,0.94974256,0.949545,0.9541929,0.9512426,0.9496215,0.94899106,0.95468056
FAM208A,0.95818216,0.9532018,0.94559294,0.9515457,0.9543494,0.9519956,0.9477802,0.9500104,0.95155495,0.9574855,0.9521118,0.9521205,0.96044177,0.9537579,0.953382,0.95605165,0.95199174,0.95016223,0.9475205,0.9483531,0.9527281,0.954666,0.94875395,0.9529812,0.9456409,0.9556771,0.95342577,0.9527255,1.0000098,0.9458608,0.95197064,0.9489094,0.9547922,0.9476749,0.9507943,0.95205104,0.9483995,0.9524879,0.9525417,0.94602406,0.94251907,0.9459373,0.9497805,0.9464915,0.9424998,0.94772637,0.9467852,0.95129424,0.9498395,0.95580894,0.94947577,0.9536767,0.9523013,0.9465793,0.94220686,0.95032096,0.9553144,0.9578467,0.9507651,0.9485092,0.9550807,0.9572481,0.9496014,0.9509827,0.94950587,0.9497553,0.94976866,0.9466078,0.94740164,0.95576084,0.9503375,0.9470561,0.95201343,0.9564887,0.9490467,0.95790863,0.9468467,0.9478477,0.94979703,0.95153403,0.94941384,0.9500203,0.95116115,0.9558417,0.95480776,0.9582354,0.95719516,0.95285034,0.9434159,0.9471908,0.95092475,0.95297563,0.9593896,0.94791824,0.94756645,0.95528394,0.9462372,0.9537273,0.9492319,0.9562144
FAM229B,0.9458735,0.9487499,0.9518612,0.95069826,0.95489407,0.9517037,0.9532067,0.95137304,0.9495868,0.95081836,0.9524393,0.95096517,0.95292354,0.9532418,0.95816517,0.9490688,0.9520264,0.9499869,0.9521494,0.9485771,0.9490538,0.9514696,0.9461765,0.947402,0.94981885,0.94830173,0.9499095,0.95146,0.9458608,0.9999884,0.9475769,0.94987917,0.94743794,0.9493971,0.95051706,0.94918466,0.95333177,0.9512771,0.95291936,0.951016,0.9580256,0.9537472,0.95220655,0.95243764,0.96235996,0.9487256,0.94833523,0.94550157,0.9500294,0.94720227,0.9495621,0.9497231,0.9518113,0.9507548,0.9580156,0.95632154,0.95408785,0.9426435,0.9501468,0.9506088,0.9509694,0.95450807,0.9524485,0.95008713,0.9505729,0.9527757,0.9483445,0.95302075,0.95098364,0.9531599,0.9470043,0.94961375,0.95008695,0.95112586,0.9553443,0.95445913,0.9543444,0.9505805,0.9505033,0.94910055,0.94942665,0.9510961,0.95203274,0.9521417,0.9483497,0.947992,0.94930273,0.95680416,0.9606836,0.9525062,0.9479092,0.9483184,0.9520721,0.95068765,0.95088816,0.95248663,0.9539429,0.9483612,0.94611263,0.9528197
FSD1,0.9474906,0.9530868,0.95106065,0.9501826,0.9491532,0.95697576,0.9457293,0.95324254,0.95843446,0.9516551,0.9492892,0.9507977,0.9475482,0.94759065,0.9468799,0.94749904,0.9532982,0.95462745,0.9471595,0.9459586,0.94609857,0.95009506,0.95259655,0.9595,0.94884324,0.94767886,0.9512438,0.95096684,0.95197064,0.9475769,1.0000048,0.95015466,0.94820327,0.9503262,0.94933784,0.9509696,0.94947463,0.9563708,0.9517338,0.9513702,0.9488734,0.9506023,0.9490607,0.9471687,0.9448907,0.94619805,0.95019984,0.959391,0.9506582,0.9480798,0.9473354,0.95557046,0.9429673,0.94951946,0.94682944,0.94504154,0.95022553,0.9589216,0.9494183,0.94689715,0.94836414,0.95128113,0.94941473,0.9530786,0.9433062,0.94895554,0.95183176,0.9465649,0.9449221,0.9471994,0.95536053,0.9536893,0.95149744,0.9490708,0.944952,0.9512019,0.9507156,0.9511871,0.94849485,0.9543307,0.9551146,0.95149827,0.9444996,0.94936424,0.9549158,0.9487055,0.9536946,0.94859457,0.94043255,0.9496518,0.9487479,0.94821405,0.95016605,0.9503454,0.95021707,0.95063436,0.946729,0.9525056,0.9571131,0.94813985
GLI3,0.9456443,0.9513463,0.95010173,0.9492929,0.9491912,0.94931567,0.9486463,0.95042574,0.9505104,0.94968677,0.94930434,0.953868,0.95110357,0.95174074,0.94909513,0.94950825,0.949505,0.94731164,0.95219725,0.9530247,0.94920325,0.9522697,0.9488051,0.949726,0.9538788,0.94930327,0.94827294,0.9517436,0.9489094,0.94987917,0.95015466,1.0000018,0.9501491,0.9521757,0.9548962,0.94846386,0.95128125,0.94886774,0.95205283,0.94943804,0.9496379,0.9528272,0.95019555,0.9506456,0.94999826,0.95287776,0.9510352,0.9484093,0.952051,0.9495654,0.9533369,0.94841915,0.94895965,0.9535157,0.94954896,0.95033723,0.94804186,0.95063114,0.95201486,0.95133716,0.95071465,0.949329,0.95236415,0.95021987,0.94973457,0.9526058,0.94972235,0.9479304,0.94998205,0.951861,0.9505434,0.9468498,0.9492551,0.95023185,0.948467,0.94952685,0.95170814,0.94926965,0.9512146,0.9498626,0.94956124,0.9533379,0.9533195,0.95053774,0.94852984,0.9463355,0.94996756,0.9492532,0.94940585,0.94687134,0.9513252,0.952263,0.9489099,0.9504129,0.9520335,0.950595,0.9522121,0.9499121,0.94865125,0.9504616
HDHD3,0.95425177,0.9508679,0.9508395,0.95014554,0.9535307,0.94953406,0.9422183,0.94767904,0.9485807,0.9538262,0.95144504,0.9562787,0.9542991,0.9552763,0.95689213,0.95110345,0.95078605,0.9460377,0.94818145,0.95048463,0.9493679,0.9567253,0.9471932,0.94916266,0.95210195,0.9500177,0.9526916,0.95505863,0.9547922,0.94743794,0.94820327,0.9501491,1.0000052,0.94955134,0.95280653,0.9464337,0.95060843,0.9465767,0.95588696,0.9451241,0.9470804,0.9518241,0.9548699,0.9463583,0.9516706,0.9493766,0.9515898,0.94501776,0.951426,0.95073795,0.95058334,0.9480703,0.9523946,0.95060945,0.94391024,0.95320815,0.95049983,0.9532635,0.9567317,0.9491987,0.95052654,0.9567682,0.95258564,0.95376754,0.9488728,0.9520163,0.9505986,0.9410738,0.9521262,0.9577786,0.9513417,0.949363,0.95104975,0.95702577,0.9542683,0.9555263,0.95156837,0.9433866,0.9529701,0.9536253,0.952759,0.95241326,0.9529754,0.9550464,0.94919515,0.95162356,0.95437825,0.9504122,0.9503533,0.9428065,0.9507674,0.9556648,0.9565818,0.9519617,0.9496536,0.95360744,0.95378685,0.95054823,0.9480982,0.9556142
HIST1H4I,0.94695944,0.9505452,0.95039594,0.947283,0.94712055,0.94760203,0.9482186,0.95010275,0.9483363,0.94875306,0.94826347,0.9517448,0.947743,0.9518898,0.94788206,0.9477946,0.9497351,0.94844157,0.94978434,0.9545913,0.95012224,0.9508867,0.94885916,0.9484827,0.95285684,0.9476311,0.9485678,0.9507469,0.9476749,0.9493971,0.9503262,0.9521757,0.94955134,0.9999987,0.9528136,0.9470732,0.9519942,0.9482803,0.94967306,0.94870025,0.9503223,0.95163584,0.9491966,0.9480345,0.94963604,0.95380574,0.950167,0.94782704,0.951521,0.9474484,0.95204145,0.9487672,0.94674236,0.9509613,0.95000154,0.948468,0.94763374,0.94871545,0.95080173,0.9501368,0.9494987,0.94656175,0.94848776,0.95081234,0.9507811,0.9521539,0.94962037,0.9490009,0.9503603,0.9484498,0.9501463,0.9507054,0.94998944,0.9488392,0.9498837,0.947647,0.95168966,0.94802094,0.9530567,0.947902,0.9489002,0.95187235,0.9499122,0.9491381,0.9487327,0.94775903,0.94813097,0.94995224,0.95040035,0.9480186,0.95159477,0.9493882,0.9475449,0.95031023,0.95579225,0.94970787,0.94978154,0.94935673,0.9484905,0.9481757
HSPA4,0.94650203,0.9504661,0.95056605,0.9502382,0.9484815,0.9498271,0.9469747,0.94893146,0.94812596,0.9500087,0.94724894,0.9554489,0.9505572,0.95331746,0.95090824,0.94920087,0.95107114,0.9447395,0.9525372,0.95369035,0.9490085,0.9528469,0.94699955,0.94893396,0.9537909,0.9505529,0.94915056,0.95321035,0.9507943,0.95051706,0.94933784,0.9548962,0.95280653,0.9528136,1.0000049,0.9451557,0.9525795,0.94687855,0.95430326,0.9453726,0.94958293,0.9533034,0.9516279,0.949867,0.9505859,0.9520726,0.9530456,0.9468858,0.9522678,0.9489906,0.9545916,0.94731593,0.95039976,0.9537834,0.9484783,0.9510427,0.9478908,0.9500767,0.9555197,0.95126736,0.94993824,0.95076966,0.9515165,0.95212716,0.95205796,0.95433044,0.9494233,0.94619083,0.9514254,0.95538545,0.9492432,0.947805,0.94948167,0.9520693,0.9523004,0.9503257,0.9517945,0.9454485,0.9556936,0.9506998,0.9494913,0.9530168,0.9545978,0.9519235,0.9480643,0.94761056,0.95061904,0.94797266,0.9507529,0.94425917,0.9528593,0.95327026,0.9500223,0.9497749,0.9544804,0.95172673,0.95249695,0.9493819,0.9465962,0.9532327
HSPH1,0.9540489,0.9475262,0.94819635,0.95434964,0.9554166,0.9540448,0.95464,0.95288354,0.9508031,0.9464127,0.95386755,0.9477899,0.9483949,0.94691914,0.9507525,0.9507561,0.95136887,0.9601215,0.9481361,0.9460213,0.9453712,0.9470066,0.9511126,0.9523522,0.9479154,0.9510621,0.9478705,0.9470793,0.95205104,0.94918466,0.9509696,0.94846386,0.9464337,0.9470732,0.9451557,0.99999976,0.9491291,0.9551624,0.94374895,0.9531934,0.9537471,0.9468215,0.945453,0.95154256,0.94785905,0.9465115,0.9476134,0.9524264,0.9484715,0.9463973,0.94440293,0.9560815,0.95026964,0.95036274,0.9503002,0.9470925,0.9569154,0.94968075,0.94786453,0.94863075,0.95159054,0.9559268,0.94947433,0.9482051,0.94318277,0.94443065,0.9519244,0.9534445,0.9517972,0.9396086,0.9502431,0.95599174,0.94848377,0.94624436,0.9438539,0.9492871,0.94989055,0.9579661,0.9479555,0.95335376,0.95458823,0.9461366,0.9403871,0.9474207,0.95172846,0.9574863,0.9511499,0.9537782,0.9444083,0.96037847,0.94446886,0.9443177,0.9545979,0.95344335,0.9491006,0.9486378,0.9436686,0.95246124,0.95312667,0.946853
IL17F,0.9471506,0.9493566,0.95009506,0.9514488,0.9521295,0.9516931,0.95299506,0.95277286,0.9503028,0.94889367,0.95256877,0.95287585,0.9490754,0.95278335,0.9519162,0.9523296,0.95330507,0.94813484,0.95638996,0.95099854,0.9512183,0.95421904,0.9491802,0.9492686,0.95378876,0.95160127,0.94993544,0.9511591,0.9483995,0.95333177,0.94947463,0.95128125,0.95060843,0.9519942,0.9525795,0.9491291,1.0000004,0.9539708,0.95407254,0.95013046,0.9552289,0.95331955,0.95373994,0.95494884,0.9509839,0.9507242,0.9501484,0.9485186,0.95093894,0.9482247,0.95120174,0.9507932,0.9537155,0.9523652,0.95508957,0.95208263,0.9533936,0.94746304,0.9529368,0.9530996,0.950112,0.95718235,0.9575882,0.95231646,0.9522133,0.9538005,0.951028,0.9513397,0.9508695,0.953049,0.9479788,0.94767785,0.9502407,0.95251876,0.9534983,0.9495309,0.9515837,0.9516245,0.954277,0.9503983,0.95309746,0.9512658,0.9541074,0.9528114,0.9489298,0.94998926,0.94975895,0.95194036,0.9507483,0.9518829,0.95276463,0.952615,0.9533273,0.9509453,0.94982475,0.9557527,0.95159936,0.94881594,0.9492806,0.95430285
KCNIP2,0.948896,0.95031774,0.9497898,0.95506006,0.95517784,0.96168524,0.9533937,0.95439625,0.9565591,0.947217,0.95369333,0.95009685,0.9458855,0.94893086,0.9489055,0.9508574,0.95346606,0.95670265,0.95245856,0.94558835,0.9469435,0.94875485,0.9532336,0.95533335,0.948327,0.9495934,0.9531642,0.9476654,0.9524879,0.9512771,0.9563708,0.94886774,0.9465767,0.9482803,0.94687855,0.9551624,0.9539708,0.9999987,0.9492645,0.95430386,0.95426005,0.94894,0.95018464,0.9528597,0.9488295,0.94682527,0.95030725,0.95927954,0.9494607,0.9487624,0.944288,0.96391636,0.9506794,0.9496589,0.9515346,0.9485786,0.95771444,0.9544181,0.9510224,0.9516927,0.9455708,0.9574736,0.9533162,0.951838,0.943701,0.9482507,0.95360076,0.95248294,0.94770825,0.9472801,0.9531352,0.9500773,0.94879025,0.949435,0.95058393,0.94923353,0.9489957,0.9571264,0.9501518,0.9531177,0.95589876,0.94938904,0.94706535,0.9515765,0.9521133,0.9557679,0.9552231,0.9508242,0.9417389,0.9596758,0.9482178,0.9495804,0.95231193,0.9523361,0.94857746,0.9529637,0.94440424,0.95280594,0.95618653,0.95022035
KDELR2,0.9476049,0.9547131,0.95265794,0.9514508,0.9506051,0.95055175,0.94570804,0.95010483,0.9519069,0.95316696,0.94744587,0.95448977,0.95109695,0.95306504,0.9519396,0.94954944,0.9560596,0.94351447,0.9524557,0.9504371,0.9520706,0.95573753,0.9477501,0.9486653,0.95258737,0.9495223,0.951951,0.9555086,0.9525417,0.95291936,0.9517338,0.95205283,0.95588696,0.94967306,0.95430326,0.94374895,0.95407254,0.9492645,0.99999774,0.948033,0.9508445,0.9552701,0.9586647,0.94977564,0.95033115,0.9487295,0.951866,0.94720143,0.95044017,0.9489008,0.9508102,0.9488722,0.9474715,0.95135087,0.94815534,0.95221937,0.94837046,0.953192,0.9535625,0.95120925,0.9512825,0.9538677,0.95386815,0.9554908,0.9521198,0.95281804,0.9482696,0.9458165,0.94884515,0.9591305,0.9530781,0.9508225,0.9515438,0.95480114,0.95550567,0.9536851,0.95459884,0.9464917,0.9511916,0.9533627,0.9502001,0.95354396,0.9565606,0.9547311,0.9504195,0.9452786,0.9532629,0.95048213,0.9524195,0.943549,0.9527364,0.9569402,0.9526929,0.95057017,0.95087475,0.9556716,0.95531213,0.94963455,0.94712394,0.95569986
KDM6A,0.94580334,0.95017934,0.95332974,0.9502103,0.9538988,0.9547199,0.9528538,0.9544691,0.9536239,0.94825363,0.95189416,0.9485591,0.94695884,0.9455379,0.947515,0.947985,0.9495505,0.95489895,0.94700617,0.9463916,0.943743,0.94837415,0.9499737,0.95110524,0.94830275,0.94395304,0.949898,0.9470015,0.94602406,0.951016,0.9513702,0.94943804,0.9451241,0.94870025,0.9453726,0.9531934,0.95013046,0.95430386,0.948033,1.0000029,0.953252,0.94814885,0.94278055,0.9511252,0.9482023,0.94704497,0.9469208,0.9520757,0.9491995,0.94993776,0.9457829,0.95418745,0.945129,0.9503039,0.9548261,0.94565976,0.9511746,0.9469005,0.9463084,0.94847375,0.9464275,0.94951874,0.9505621,0.94766116,0.9440763,0.9475678,0.95007366,0.95574015,0.948371,0.9427146,0.94942504,0.94920975,0.9494074,0.9488748,0.94774,0.94928503,0.94929993,0.9581223,0.9485859,0.9484952,0.9513899,0.95022315,0.94356793,0.94651026,0.9491107,0.94530976,0.95094097,0.9497832,0.9485355,0.95786613,0.9476242,0.94717276,0.9468273,0.9506325,0.9494768,0.94745195,0.9472621,0.95005137,0.952153,0.94459265
KLF13,0.94518024,0.94719017,0.95016265,0.953094,0.95224524,0.9527754,0.95429105,0.952319,0.9508437,0.9450827,0.9515655,0.95176506,0.9465817,0.9497156,0.9539109,0.94978243,0.95081574,0.95242727,0.9517206,0.94789,0.94544256,0.94765717,0.9496788,0.94878995,0.95087796,0.948807,0.9487301,0.9473755,0.94251907,0.9580256,0.9488734,0.9496379,0.9470804,0.9503223,0.94958293,0.9537471,0.9552289,0.95426005,0.9508445,0.953252,1.0000067,0.9527046,0.9505298,0.9533987,0.95877635,0.9488975,0.94810146,0.9493194,0.94957685,0.94289446,0.94641465,0.95276606,0.9514788,0.95164007,0.96132445,0.9522209,0.95195246,0.9444801,0.9497874,0.9518958,0.9484131,0.9552162,0.9535194,0.9496248,0.94640255,0.9502726,0.9501416,0.95477253,0.9527309,0.9463657,0.94971114,0.9513353,0.94808006,0.9474238,0.9518643,0.94863516,0.95174634,0.954734,0.9527476,0.9510888,0.9537927,0.94875705,0.94966084,0.951742,0.94684875,0.9479911,0.9472048,0.950989,0.9521823,0.9577361,0.9473029,0.94949484,0.9505274,0.9525169,0.9509009,0.9491655,0.95213354,0.9491187,0.9509152,0.9488448
KLHL17,0.9470864,0.9480914,0.9540188,0.95023257,0.95178026,0.9505881,0.94489884,0.9531224,0.95011336,0.94954854,0.9488567,0.95425355,0.9482098,0.9532053,0.9501476,0.94661,0.95137376,0.94675934,0.95232046,0.95087326,0.94831467,0.95281595,0.9482582,0.94998866,0.95490813,0.9473137,0.95024705,0.9528037,0.9459373,0.9537472,0.9506023,0.9528272,0.9518241,0.95163584,0.9533034,0.9468215,0.95331955,0.94894,0.9552701,0.94814885,0.9527046,1.0000017,0.9544952,0.9491322,0.9538775,0.94884795,0.95276934,0.9474512,0.9515704,0.9437177,0.9508483,0.9484415,0.94696766,0.95249015,0.9496801,0.9509049,0.9485325,0.9499879,0.95511097,0.94921345,0.950388,0.9527989,0.9519396,0.95460784,0.94731003,0.9513532,0.95007235,0.9458483,0.9513172,0.95131975,0.9502653,0.9532025,0.948895,0.952241,0.9512676,0.9527409,0.95345104,0.94663495,0.9531095,0.9517313,0.9534869,0.9528676,0.9509931,0.94873506,0.94773,0.94699895,0.95254517,0.95269775,0.95087636,0.9453075,0.9486216,0.95103717,0.9505832,0.9519521,0.9517337,0.95326906,0.95304143,0.94861406,0.94908524,0.9518625
KLRG1,0.94914514,0.95039904,0.9484706,0.9537484,0.952049,0.95077324,0.9441217,0.9482115,0.9491266,0.949774,0.95033693,0.95187217,0.9461283,0.9545584,0.95663726,0.949184,0.95380807,0.9425519,0.9555461,0.9505833,0.9530793,0.9530255,0.9483566,0.9483459,0.954085,0.9529586,0.95267725,0.9548444,0.9497805,0.95220655,0.9490607,0.95019555,0.9548699,0.9491966,0.9516279,0.945453,0.95373994,0.95018464,0.9586647,0.94278055,0.9505298,0.9544952,0.99999374,0.95268404,0.95435464,0.94758725,0.9523733,0.9479177,0.94937575,0.94494677,0.94825727,0.9489839,0.9506851,0.9490595,0.9495748,0.9531435,0.95228755,0.95049566,0.9534753,0.9536628,0.94856113,0.955984,0.9545268,0.9561546,0.9524156,0.95283276,0.9495444,0.9461491,0.95407265,0.9562417,0.9516202,0.952901,0.9504221,0.95338917,0.95435965,0.9517107,0.9549185,0.9445676,0.9507697,0.952799,0.95201236,0.95120716,0.95557415,0.9555514,0.9496952,0.95109427,0.95077014,0.9532485,0.95200634,0.9472574,0.95270586,0.95731,0.95381415,0.94866556,0.94907594,0.95345914,0.95229197,0.9474771,0.9492464,0.9561159
KRTCAP2,0.9453824,0.94567704,0.94947743,0.9521571,0.9512813,0.9506985,0.95746905,0.9510219,0.95031685,0.9463148,0.9547939,0.949034,0.94723135,0.9519018,0.9519032,0.9507361,0.95062286,0.95061445,0.9586617,0.94965583,0.9524827,0.950616,0.95054454,0.9469644,0.95242554,0.9513436,0.9469636,0.94759476,0.9464915,0.95243764,0.9471687,0.9506456,0.9463583,0.9480345,0.949867,0.95154256,0.95494884,0.9528597,0.94977564,0.9511252,0.9533987,0.9491322,0.95268404,0.9999871,0.9506418,0.94962835,0.94976074,0.95010984,0.9489779,0.9480996,0.950233,0.9514284,0.95602995,0.9517298,0.9574399,0.9518887,0.95318127,0.9455675,0.948276,0.95751655,0.94943434,0.9503266,0.9548193,0.95027214,0.95267236,0.95129824,0.95107496,0.95722616,0.9501816,0.949365,0.9469561,0.9472794,0.94804466,0.949244,0.95257163,0.9475419,0.95103294,0.9563693,0.95042574,0.94821095,0.9466381,0.94956994,0.9506723,0.95248103,0.9498749,0.9489609,0.9460254,0.95248574,0.94993603,0.95668584,0.95030206,0.95082396,0.9466332,0.95315725,0.9497081,0.95005304,0.94846654,0.9492685,0.94916844,0.9521885
LRP6,0.9481333,0.9455119,0.9505209,0.9498553,0.9553148,0.94943273,0.94741726,0.95024425,0.946064,0.94759005,0.9518157,0.95108944,0.948737,0.95404875,0.95852363,0.94585043,0.94915104,0.9458407,0.9511452,0.9501488,0.94763607,0.9489725,0.94732374,0.9443177,0.95141286,0.9476289,0.9496585,0.9488551,0.9424998,0.96235996,0.9448907,0.94999826,0.9516706,0.94963604,0.9505859,0.94785905,0.9509839,0.9488295,0.95033115,0.9482023,0.95877635,0.9538775,0.95435464,0.9506418,1.000007,0.9481303,0.95032144,0.943345,0.95000285,0.9403467,0.9486265,0.9495792,0.9520193,0.9502977,0.95442104,0.9572202,0.95182174,0.9420705,0.9524891,0.95012516,0.9492222,0.95362943,0.95042026,0.95148665,0.94861,0.9511584,0.9494642,0.9465753,0.9553671,0.9536837,0.9485481,0.9499393,0.9476358,0.95146596,0.9549458,0.9518299,0.9519891,0.9493139,0.95137477,0.9508813,0.9518501,0.950064,0.95139766,0.95106655,0.9449399,0.9485272,0.95224005,0.951567,0.96159685,0.94893914,0.9475907,0.9498441,0.9503675,0.95018923,0.9507188,0.95008236,0.95939004,0.9455985,0.9460687,0.95101976
LRRC37A3,0.94645125,0.9497677,0.9466524,0.9477747,0.94726455,0.9458288,0.94958526,0.94783837,0.94678724,0.9488831,0.9490353,0.9493786,0.9499451,0.94985783,0.9486129,0.95068413,0.9475026,0.94524294,0.95171446,0.9550362,0.95203483,0.95030814,0.94711417,0.94633585,0.95115536,0.9503739,0.9456815,0.9497858,0.94772637,0.9487256,0.94619805,0.95287776,0.9493766,0.95380574,0.9520726,0.9465115,0.9507242,0.94682527,0.9487295,0.94704497,0.9488975,0.94884795,0.94758725,0.94962835,0.9481303,1.0000131,0.9490006,0.94708794,0.94923043,0.9518462,0.95503896,0.945537,0.9504668,0.95036274,0.95119494,0.9506672,0.9454243,0.94625324,0.9486488,0.95046204,0.949805,0.9466246,0.9500097,0.9466872,0.9540999,0.9519166,0.9472092,0.9495653,0.9479859,0.95064294,0.9474427,0.94484574,0.9489661,0.9488027,0.94876015,0.9482405,0.9483812,0.9475055,0.95119476,0.9474317,0.9463817,0.950858,0.9533826,0.9507716,0.94891495,0.946066,0.94690585,0.9487501,0.94914967,0.94721395,0.9522354,0.94830525,0.9474269,0.9482727,0.95249474,0.9513085,0.9498595,0.94763035,0.94699347,0.9498553
LRTOMT,0.9489365,0.9500871,0.95319444,0.94951004,0.9471666,0.949862,0.94728106,0.9495927,0.94925225,0.94744635,0.9480554,0.95111454,0.9464426,0.9506358,0.94836915,0.9470215,0.95054305,0.9479996,0.9518106,0.9493278,0.9490889,0.94995904,0.9520483,0.9495515,0.95410377,0.94873273,0.9501769,0.9512655,0.9467852,0.94833523,0.95019984,0.9510352,0.9515898,0.950167,0.9530456,0.9476134,0.9501484,0.95030725,0.951866,0.9469208,0.94810146,0.95276934,0.9523733,0.94976074,0.95032144,0.9490006,1.0000026,0.9497552,0.95074534,0.9457266,0.95072955,0.9487328,0.94518983,0.95338464,0.9473073,0.94837725,0.9488448,0.95189714,0.95338786,0.9513035,0.949291,0.9481265,0.95054257,0.95277125,0.9480847,0.9497276,0.9521848,0.9473399,0.9514184,0.9493166,0.9540591,0.9525715,0.9498258,0.95005584,0.9497488,0.94857615,0.9534362,0.9481271,0.9515879,0.9515005,0.9510776,0.9513614,0.9497716,0.95003575,0.9495266,0.94819504,0.9499241,0.94867283,0.9491755,0.94824183,0.9498998,0.9509639,0.9483355,0.9497087,0.951809,0.94877964,0.9508653,0.9493795,0.9494976,0.9489721
LY96,0.94740695,0.94962114,0.94829345,0.94965476,0.9507642,0.95662934,0.9502836,0.95344424,0.955208,0.949276,0.9500499,0.94746786,0.94782066,0.9467697,0.94497675,0.94886065,0.9515089,0.95344496,0.94958884,0.94636893,0.94815826,0.9468125,0.95416594,0.957901,0.9478589,0.9492454,0.9493655,0.9480545,0.95129424,0.94550157,0.959391,0.9484093,0.94501776,0.94782704,0.9468858,0.9524264,0.9485186,0.95927954,0.94720143,0.9520757,0.9493194,0.9474512,0.9479177,0.95010984,0.943345,0.94708794,0.9497552,0.99999976,0.9482456,0.9479912,0.94671696,0.9583616,0.9469327,0.94835925,0.9478402,0.9465745,0.95162314,0.9557142,0.9474467,0.9500124,0.947823,0.9500958,0.94919723,0.94957304,0.9455671,0.94730806,0.9506861,0.9511899,0.946692,0.9437998,0.95428187,0.9485058,0.9472215,0.9477799,0.94385254,0.94779634,0.94903743,0.9532081,0.9479989,0.9497436,0.9524692,0.948428,0.9455335,0.94863844,0.9531974,0.9528499,0.95114183,0.9484313,0.9352018,0.95343584,0.9491887,0.9479644,0.9482346,0.9490684,0.9476092,0.94961,0.94317555,0.9543152,0.9559963,0.94663876
LYST,0.9503575,0.9505189,0.949687,0.9500344,0.9516291,0.9503932,0.94926393,0.9492525,0.9496032,0.9517118,0.9508531,0.9526288,0.950852,0.9513887,0.9505685,0.94986683,0.9499916,0.95047903,0.95058787,0.9500959,0.94845915,0.9535055,0.9492091,0.9493907,0.9520929,0.9483769,0.95024884,0.95047706,0.9498395,0.9500294,0.9506582,0.952051,0.951426,0.951521,0.9522678,0.9484715,0.95093894,0.9494607,0.95044017,0.9491995,0.94957685,0.9515704,0.94937575,0.9489779,0.95000285,0.94923043,0.95074534,0.9482456,1.000001,0.949922,0.9499973,0.95003897,0.95043343,0.95163697,0.9494655,0.94956535,0.9510506,0.95025265,0.95256555,0.9496583,0.9510944,0.9504107,0.94983745,0.9507732,0.94782096,0.9505132,0.9506829,0.9484257,0.9509668,0.95012987,0.94986004,0.9493216,0.9504416,0.95125246,0.951651,0.9502326,0.9499769,0.9495458,0.95274985,0.9504418,0.9499327,0.9516441,0.9498388,0.95124924,0.9503818,0.95004517,0.9515527,0.949841,0.95128524,0.95089346,0.94790864,0.951347,0.9520613,0.9514108,0.95098335,0.9496955,0.95035684,0.94910204,0.95039785,0.94994146
LZTS1,0.9496099,0.9542091,0.94903773,0.9500088,0.9504672,0.94886464,0.9529133,0.9482659,0.94987226,0.9535378,0.9504781,0.9498297,0.9551497,0.95000523,0.9499167,0.95580465,0.9476914,0.94731563,0.9484607,0.9487925,0.9500176,0.9504912,0.9464822,0.9475094,0.94753915,0.9520285,0.9501669,0.9517866,0.95580894,0.94720227,0.9480798,0.9495654,0.95073795,0.9474484,0.9489906,0.9463973,0.9482247,0.9487624,0.9489008,0.94993776,0.94289446,0.9437177,0.94494677,0.9480996,0.9403467,0.9518462,0.9457266,0.9479912,0.949922,0.99999106,0.9507485,0.9473868,0.9540183,0.946882,0.9486996,0.9495882,0.9490572,0.9510548,0.94654715,0.95097965,0.9479567,0.94931346,0.95131564,0.9467297,0.95203805,0.9511617,0.94792616,0.9528845,0.9442295,0.95316863,0.9487579,0.94174695,0.9488392,0.9511781,0.9498019,0.9502405,0.9454442,0.94897807,0.94732445,0.94686925,0.9459403,0.9487374,0.9532186,0.9504858,0.94957906,0.94847596,0.9510696,0.9480474,0.9490657,0.94726795,0.9508767,0.95473874,0.95176214,0.9468337,0.9467361,0.9523445,0.94748384,0.94996583,0.9476051,0.9526584
MAP3K9,0.9461422,0.9484393,0.9496367,0.9449618,0.9447414,0.94494134,0.9460107,0.9480113,0.9464499,0.95045817,0.94667995,0.95160437,0.9510994,0.952478,0.9481636,0.9491353,0.94869477,0.9424647,0.95073694,0.95401955,0.9531928,0.95147014,0.9473684,0.9458656,0.9515071,0.9503285,0.9442873,0.95148295,0.94947577,0.9495621,0.9473354,0.9533369,0.95058334,0.95204145,0.9545916,0.94440293,0.95120174,0.944288,0.9508102,0.9457829,0.94641465,0.9508483,0.94825727,0.950233,0.9486265,0.95503896,0.95072955,0.94671696,0.9499973,0.9507485,0.9999926,0.94345677,0.9508361,0.9515413,0.94897157,0.9523052,0.94451576,0.9478439,0.94985557,0.95092016,0.951633,0.9457793,0.9503112,0.9478338,0.95596015,0.9535606,0.9477857,0.9467638,0.9496779,0.9538609,0.9456049,0.94367063,0.9478277,0.95068884,0.9514429,0.9501536,0.9492787,0.9458384,0.953131,0.9461855,0.94369507,0.9531593,0.95513076,0.9500518,0.9482163,0.9454987,0.9462031,0.94814396,0.9506983,0.94173956,0.9539446,0.9510353,0.9476469,0.9486673,0.9505738,0.9514228,0.951033,0.9487804,0.94460803,0.9516516
MAP7D1,0.95035267,0.94972146,0.9502746,0.9540666,0.95573014,0.96212435,0.9524772,0.95487595,0.95700663,0.95053846,0.95239246,0.949316,0.9473257,0.9502475,0.9506464,0.94926786,0.9523448,0.9570303,0.9511154,0.94499105,0.9465593,0.9487257,0.9523549,0.9566658,0.9481075,0.9498883,0.95337754,0.9474155,0.9536767,0.9497231,0.95557046,0.94841915,0.9480703,0.9487672,0.94731593,0.9560815,0.9507932,0.96391636,0.9488722,0.95418745,0.95276606,0.9484415,0.9489839,0.9514284,0.9495792,0.945537,0.9487328,0.9583616,0.95003897,0.9473868,0.94345677,1.0000048,0.9490264,0.9501395,0.9509479,0.9473999,0.95620316,0.9545969,0.9505744,0.9505697,0.9489494,0.9548237,0.9520128,0.9512572,0.9433331,0.9467309,0.95220745,0.954673,0.94800895,0.9447281,0.95329756,0.9513072,0.95012,0.95056766,0.9485669,0.9505104,0.9501824,0.9553541,0.94906676,0.95282996,0.955124,0.9497669,0.94499147,0.94979566,0.953696,0.9554192,0.9547886,0.95248973,0.9420542,0.95885813,0.9473351,0.9485075,0.9524843,0.9512352,0.9490843,0.9520606,0.944806,0.95432085,0.9557847,0.9506011
MAP7D3,0.951829,0.9449753,0.94649345,0.9527277,0.95605993,0.9480724,0.95651937,0.9501028,0.9456433,0.94984996,0.9570432,0.94991726,0.9559676,0.9574971,0.9574417,0.95631963,0.948923,0.94915986,0.9558251,0.9509781,0.95431834,0.95008624,0.9472659,0.9447845,0.94948536,0.95647144,0.94847256,0.95019007,0.9523013,0.9518113,0.9429673,0.94895965,0.9523946,0.94674236,0.95039976,0.95026964,0.9537155,0.9506794,0.9474715,0.945129,0.9514788,0.94696766,0.9506851,0.95602995,0.9520193,0.9504668,0.94518983,0.9469327,0.95043343,0.9540183,0.9508361,0.9490264,0.99998945,0.9471913,0.9523888,0.95739734,0.9572594,0.945467,0.9497738,0.9553744,0.9519733,0.9566983,0.9553462,0.9464555,0.9551731,0.95181847,0.9486189,0.95318776,0.952596,0.95355135,0.9430079,0.94480807,0.94757926,0.9534114,0.9548389,0.9509383,0.9467131,0.95147127,0.9505851,0.9480357,0.9473787,0.9468451,0.9560869,0.9557961,0.94880635,0.9559288,0.9499476,0.95463115,0.9501356,0.9529357,0.9510274,0.9521279,0.95379287,0.94987494,0.9461224,0.9549833,0.94817924,0.94841105,0.9452147,0.956718
MAPK8,0.94695354,0.94921786,0.9526768,0.9492823,0.94868517,0.9518806,0.94841367,0.9505896,0.94901174,0.94849235,0.9480641,0.95234823,0.9482961,0.9495531,0.94984597,0.94944656,0.9498141,0.9484298,0.95247495,0.95054495,0.94706124,0.9511386,0.9494039,0.9498001,0.95434093,0.94889426,0.94955635,0.94888985,0.9465793,0.9507548,0.94951946,0.9535157,0.95060945,0.9509613,0.9537834,0.95036274,0.9523652,0.9496589,0.95135087,0.9503039,0.95164007,0.95249015,0.9490595,0.9517298,0.9502977,0.95036274,0.95338464,0.94835925,0.95163697,0.946882,0.9515413,0.9501395,0.9471913,1.000013,0.9509822,0.94835263,0.9478878,0.94835216,0.95365775,0.9511613,0.94901323,0.9500698,0.9518299,0.95225364,0.94789964,0.95027393,0.95137715,0.95056367,0.9528335,0.9489887,0.94979185,0.949554,0.9490672,0.9486098,0.9515145,0.9478309,0.95044094,0.9508121,0.952245,0.9508181,0.95141727,0.95114195,0.9500426,0.9485401,0.9481314,0.9481932,0.9484799,0.9477253,0.94994795,0.9501137,0.9508927,0.95030373,0.9492681,0.9538703,0.9531217,0.9491769,0.9504619,0.95022243,0.94983315,0.9487031
MBOAT2,0.9406648,0.9493791,0.95154184,0.95046157,0.95060897,0.95045495,0.95880127,0.95096344,0.95022506,0.9461373,0.9521084,0.9492513,0.94713855,0.94965416,0.9532523,0.95153445,0.9510051,0.9514875,0.9534981,0.9482991,0.94744337,0.9482166,0.9480455,0.9456362,0.95071477,0.9490163,0.94690067,0.9474776,0.94220686,0.9580156,0.94682944,0.94954896,0.94391024,0.95000154,0.9484783,0.9503002,0.95508957,0.9515346,0.94815534,0.9548261,0.96132445,0.9496801,0.9495748,0.9574399,0.95442104,0.95119494,0.9473073,0.9478402,0.9494655,0.9486996,0.94897157,0.9509479,0.9523888,0.9509822,1.00001,0.9522816,0.95069784,0.9404395,0.94655645,0.95562226,0.9481986,0.9502203,0.95384383,0.94709057,0.9516322,0.95284784,0.9484756,0.95973057,0.94927824,0.94770044,0.9475828,0.9454272,0.9479474,0.9463071,0.9510361,0.9478575,0.95120084,0.95691586,0.95041233,0.9461337,0.94755065,0.9486773,0.9517972,0.9505611,0.94766974,0.9446211,0.9444732,0.9542435,0.9561964,0.95814615,0.9511148,0.9482192,0.94677657,0.9511315,0.95054746,0.9494796,0.9503168,0.94872385,0.9497157,0.9500843
MGA,0.94918424,0.9462733,0.94842803,0.9517696,0.9542762,0.94808865,0.9510417,0.9509741,0.9467257,0.95181835,0.9546448,0.95133823,0.9513918,0.9558865,0.9625835,0.9527505,0.95152366,0.944781,0.9535207,0.95067436,0.95212597,0.9512222,0.94508296,0.94609725,0.9505589,0.9519775,0.94964486,0.94915307,0.95032096,0.95632154,0.94504154,0.95033723,0.95320815,0.948468,0.9510427,0.9470925,0.95208263,0.9485786,0.95221937,0.94565976,0.9522209,0.9509049,0.9531435,0.9518887,0.9572202,0.9506672,0.94837725,0.9465745,0.94956535,0.9495882,0.9523052,0.9473999,0.95739734,0.94835263,0.9522816,0.99999255,0.9512546,0.9460495,0.95076144,0.95136845,0.9514183,0.9573476,0.9522895,0.9506386,0.95675266,0.9548956,0.94662297,0.94976145,0.95110774,0.9579207,0.94673824,0.94634753,0.94930476,0.9551214,0.9551432,0.9527927,0.95246327,0.94729936,0.9509084,0.948343,0.9478244,0.95098853,0.95570743,0.9529249,0.94803834,0.9516282,0.9488764,0.95984054,0.95375395,0.9472692,0.9486816,0.95021087,0.9557769,0.9487317,0.94949514,0.9562018,0.95412797,0.94928986,0.94486356,0.9567655
MOSMO,0.9537746,0.9478229,0.94855064,0.9551675,0.9619094,0.955168,0.9554219,0.95300424,0.9507768,0.95299745,0.95765066,0.9542748,0.9547522,0.9547592,0.95550966,0.9530982,0.9550668,0.9573415,0.95358896,0.947737,0.9510824,0.95351213,0.94983256,0.9510678,0.9489164,0.95144796,0.9522695,0.9507606,0.9553144,0.95408785,0.95022553,0.94804186,0.95049983,0.94763374,0.9478908,0.9569154,0.9533936,0.95771444,0.94837046,0.9511746,0.95195246,0.9485325,0.95228755,0.95318127,0.95182174,0.9454243,0.9488448,0.95162314,0.9510506,0.9490572,0.94451576,0.95620316,0.9572594,0.9478878,0.95069784,0.9512546,1.0000086,0.95078677,0.95306253,0.9514939,0.9538861,0.9607871,0.95279205,0.9526562,0.9465884,0.94844645,0.95230734,0.9532259,0.9516497,0.9514602,0.9494711,0.95205915,0.9514584,0.95433867,0.9526279,0.9570553,0.9498722,0.95518374,0.95066386,0.9523622,0.9528283,0.94862264,0.94794923,0.95508164,0.9523632,0.9599035,0.9571377,0.957024,0.9475994,0.9582994,0.94600856,0.9505152,0.9584767,0.9525686,0.9488597,0.95415896,0.94716656,0.9507138,0.9512919,0.95611036
NNAT,0.9514147,0.9519743,0.9487308,0.94999963,0.9498669,0.9573037,0.9442124,0.95105326,0.9546592,0.9519588,0.94711393,0.9506738,0.94983137,0.9484217,0.9485201,0.95073116,0.95119035,0.9494846,0.9464995,0.9476391,0.94709677,0.95095587,0.9509513,0.9577239,0.9487159,0.9505939,0.953216,0.9526239,0.9578467,0.9426435,0.9589216,0.95063114,0.9532635,0.94871545,0.9500767,0.94968075,0.94746304,0.9544181,0.953192,0.9469005,0.9444801,0.9499879,0.95049566,0.9455675,0.9420705,0.94625324,0.95189714,0.9557142,0.95025265,0.9510548,0.9478439,0.9545969,0.945467,0.94835216,0.9404395,0.9460495,0.95078677,1.0000097,0.95222044,0.94828975,0.9469256,0.95082474,0.94984037,0.953519,0.9461757,0.9480733,0.9516665,0.94402486,0.9467547,0.95189655,0.95562047,0.9500063,0.9498902,0.951892,0.94620603,0.9503755,0.95009875,0.9457803,0.9489938,0.9554511,0.95459694,0.95135796,0.9484708,0.9487224,0.9518041,0.9533302,0.9558544,0.9457948,0.93716186,0.9453319,0.9494153,0.95438457,0.9510842,0.9485871,0.94827485,0.9507279,0.94794595,0.9533535,0.9529567,0.9490414
ORM2,0.95021117,0.94925225,0.9524559,0.9516911,0.95232636,0.95341486,0.9453741,0.95029426,0.95034605,0.9519638,0.9499167,0.9558603,0.95136446,0.9532603,0.9524331,0.9491003,0.9522402,0.9480412,0.9516926,0.9518807,0.94681966,0.9544967,0.94953793,0.95081985,0.9539982,0.949018,0.95245576,0.9527454,0.9507651,0.9501468,0.9494183,0.95201486,0.9567317,0.95080173,0.9555197,0.94786453,0.9529368,0.9510224,0.9535625,0.9463084,0.9497874,0.95511097,0.9534753,0.948276,0.9524891,0.9486488,0.95338786,0.9474467,0.95256555,0.94654715,0.94985557,0.9505744,0.9497738,0.95365775,0.94655645,0.95076144,0.95306253,0.95222044,1.0000001,0.9499262,0.9500261,0.95661813,0.95191455,0.95427716,0.94616234,0.9512719,0.95318276,0.943353,0.9538489,0.9534299,0.9525036,0.9496962,0.95145816,0.95382833,0.9513686,0.9535308,0.95151985,0.9468733,0.95423734,0.95356876,0.95500576,0.9537574,0.95050585,0.95218074,0.94896954,0.9516767,0.9540694,0.9492054,0.94963866,0.94801235,0.9476842,0.953874,0.9545631,0.9524782,0.95088786,0.95094395,0.95218533,0.9503195,0.9494917,0.9529824
P3H3,0.9429507,0.949781,0.9491631,0.95281416,0.9492226,0.9502437,0.9549793,0.95096976,0.94911635,0.947117,0.95294183,0.94765407,0.948921,0.9525426,0.9525427,0.95356417,0.9523103,0.9466914,0.95742357,0.95048785,0.9545109,0.9498166,0.948976,0.94791394,0.95244753,0.95363843,0.9483352,0.9489753,0.9485092,0.9506088,0.94689715,0.95133716,0.9491987,0.9501368,0.95126736,0.94863075,0.9530996,0.9516927,0.95120925,0.94847375,0.9518958,0.94921345,0.9536628,0.95751655,0.95012516,0.95046204,0.9513035,0.9500124,0.9496583,0.95097965,0.95092016,0.9505697,0.9553744,0.9511613,0.95562226,0.95136845,0.9514939,0.94828975,0.9499262,0.99999064,0.9493829,0.94993716,0.95416784,0.9522146,0.9555677,0.95320374,0.9501277,0.95652467,0.9502897,0.9514242,0.94716465,0.9457842,0.9487405,0.9521804,0.9532142,0.94547373,0.9518076,0.9518411,0.95151454,0.948058,0.94728464,0.94969624,0.9535903,0.9535875,0.9493745,0.9492318,0.94619584,0.95276535,0.9506836,0.95391774,0.9527164,0.9541956,0.9467732,0.95057285,0.9486184,0.95309937,0.94691557,0.9514596,0.94811773,0.95385885
PEX10,0.9545274,0.95014536,0.9489175,0.94987005,0.9515142,0.9466106,0.95324963,0.95119786,0.9474914,0.95613563,0.9512743,0.9512415,0.955179,0.9551227,0.9513023,0.95368415,0.9531472,0.9504321,0.9503959,0.9511259,0.9568153,0.95575655,0.9481311,0.9487821,0.9493624,0.9524763,0.948245,0.9536107,0.9550807,0.9509694,0.94836414,0.95071465,0.95052654,0.9494987,0.94993824,0.95159054,0.950112,0.9455708,0.9512825,0.9464275,0.9484131,0.950388,0.94856113,0.94943434,0.9492222,0.949805,0.949291,0.947823,0.9510944,0.9479567,0.951633,0.9489494,0.9519733,0.94901323,0.9481986,0.9514183,0.9538861,0.9469256,0.9500261,0.9493829,0.99998665,0.95220506,0.94854647,0.9496834,0.9522391,0.9523149,0.9493836,0.9493067,0.9488329,0.95177674,0.9463815,0.95078814,0.9534596,0.95566314,0.95091945,0.9560873,0.95291215,0.94827753,0.95097363,0.94711983,0.9430898,0.95087934,0.9509113,0.95504713,0.95412886,0.9515605,0.94979584,0.9549167,0.9516736,0.94851154,0.9489845,0.94773555,0.9563848,0.95105636,0.9491359,0.953316,0.94855416,0.9501113,0.94695973,0.9556783
PIP,0.9555346,0.9469887,0.94923574,0.95747364,0.9644187,0.9568263,0.9493722,0.9517865,0.95369756,0.95381856,0.95672596,0.95745283,0.9546182,0.95603937,0.9625423,0.95612997,0.95574564,0.9532496,0.9517699,0.9480054,0.9475826,0.95547366,0.94867796,0.9518947,0.9504861,0.95341414,0.95511925,0.9527806,0.9572481,0.95450807,0.95128113,0.949329,0.9567682,0.94656175,0.95076966,0.9559268,0.95718235,0.9574736,0.9538677,0.94951874,0.9552162,0.9527989,0.955984,0.9503266,0.95362943,0.9466246,0.9481265,0.9500958,0.9504107,0.94931346,0.9457793,0.9548237,0.9566983,0.9500698,0.9502203,0.9573476,0.9607871,0.95082474,0.95661813,0.94993716,0.95220506,1.0000051,0.9566559,0.9537551,0.94643486,0.9492318,0.95046604,0.9463783,0.9508762,0.95626837,0.95043504,0.94929,0.9491189,0.9615404,0.953203,0.9628806,0.9515528,0.95173544,0.95221627,0.95542145,0.9590588,0.9504943,0.9515139,0.9557334,0.9496527,0.9573364,0.9604699,0.9575837,0.9488328,0.9539502,0.94666696,0.9543952,0.9687902,0.9522482,0.9494717,0.9598441,0.9512731,0.95202875,0.95237005,0.9581516
POU2F3,0.94689393,0.94750446,0.9503852,0.9539463,0.95196974,0.95449704,0.95183444,0.95022917,0.95141506,0.94866157,0.952629,0.95234156,0.9509035,0.9519937,0.9541566,0.95444024,0.9516128,0.947481,0.9546871,0.94970244,0.95080096,0.95158505,0.94883454,0.94719005,0.9522473,0.9514352,0.94943035,0.95060796,0.9496014,0.9524485,0.94941473,0.95236415,0.95258564,0.94848776,0.9515165,0.94947433,0.9575882,0.9533162,0.95386815,0.9505621,0.9535194,0.9519396,0.9545268,0.9548193,0.95042026,0.9500097,0.95054257,0.94919723,0.94983745,0.95131564,0.9503112,0.9520128,0.9553462,0.9518299,0.95384383,0.9522895,0.95279205,0.94984037,0.95191455,0.95416784,0.94854647,0.9566559,0.9999866,0.95205843,0.9526985,0.9526416,0.95122284,0.9516867,0.95082843,0.95502406,0.94955844,0.9456685,0.94938165,0.95416063,0.95447356,0.9495294,0.95180506,0.951802,0.9516665,0.9513449,0.95384437,0.9509691,0.95469594,0.95151085,0.9471157,0.9487895,0.9490303,0.95072365,0.95035994,0.9506123,0.9546342,0.95557964,0.9532658,0.9514525,0.9495707,0.9572271,0.95124733,0.9509103,0.9494391,0.9552641
RAB30,0.9500857,0.951815,0.95237845,0.95119894,0.9507625,0.95342565,0.9462213,0.9511074,0.95189357,0.95284754,0.9503322,0.953329,0.9489572,0.95146114,0.9518888,0.94931513,0.95417947,0.9478769,0.95089865,0.95059127,0.9513004,0.9531684,0.9493804,0.9519179,0.9523904,0.9496138,0.95247746,0.95277935,0.9509827,0.95008713,0.9530786,0.95021987,0.95376754,0.95081234,0.95212716,0.9482051,0.95231646,0.951838,0.9554908,0.94766116,0.9496248,0.95460784,0.9561546,0.95027214,0.95148665,0.9466872,0.95277125,0.94957304,0.9507732,0.9467297,0.9478338,0.9512572,0.9464555,0.95225364,0.94709057,0.9506386,0.9526562,0.953519,0.95427716,0.9522146,0.9496834,0.9537551,0.95205843,0.99999624,0.94794285,0.9530697,0.9523238,0.9468945,0.9492963,0.95141506,0.95274544,0.95376354,0.95131373,0.9536694,0.9509556,0.9523628,0.954328,0.94770366,0.95205134,0.9529336,0.9528704,0.95114326,0.9507761,0.9507534,0.95015913,0.9491685,0.95204085,0.9530818,0.9500351,0.94906276,0.9506279,0.95258534,0.9531645,0.9529383,0.9525266,0.95452505,0.9523623,0.9508684,0.9512142,0.95220613
RAMP1,0.94402623,0.9508444,0.9461503,0.9479045,0.9467875,0.943789,0.9523734,0.9480061,0.9443062,0.949305,0.94946724,0.9493158,0.9521374,0.9528408,0.9527798,0.9545613,0.94922054,0.940907,0.9550094,0.95301694,0.9575555,0.95006573,0.94329643,0.9428892,0.95129853,0.95574325,0.9451941,0.94971186,0.94950587,0.9505729,0.9433062,0.94973457,0.9488728,0.9507811,0.95205796,0.94318277,0.9522133,0.943701,0.9521198,0.9440763,0.94640255,0.94731003,0.9524156,0.95267236,0.94861,0.9540999,0.9480847,0.9455671,0.94782096,0.95203805,0.95596015,0.9433331,0.9551731,0.94789964,0.9516322,0.95675266,0.9465884,0.9461757,0.94616234,0.9555677,0.9522391,0.94643486,0.9526985,0.94794285,1.0000097,0.9569687,0.94584024,0.9533583,0.94659626,0.960014,0.9443943,0.94325244,0.94845605,0.952672,0.9525138,0.9455769,0.9519306,0.9473599,0.94929504,0.9446595,0.9408149,0.9488941,0.9615175,0.9509082,0.9482447,0.9470046,0.94431543,0.9539022,0.95301425,0.943713,0.9581979,0.953477,0.9474845,0.9458046,0.94691133,0.95333695,0.95275587,0.9481616,0.94095147,0.95607495
RASD2,0.94408244,0.9524647,0.95125115,0.9489639,0.9501195,0.94935274,0.950774,0.95062447,0.9489529,0.95205367,0.95001554,0.95287174,0.9520458,0.954374,0.95424795,0.9528967,0.95081717,0.94456583,0.9553176,0.95068085,0.9522554,0.9534903,0.946001,0.94652647,0.95433444,0.9500874,0.9487436,0.95184195,0.9497553,0.9527757,0.94895554,0.9526058,0.9520163,0.9521539,0.95433044,0.94443065,0.9538005,0.9482507,0.95281804,0.9475678,0.9502726,0.9513532,0.95283276,0.95129824,0.9511584,0.9519166,0.9497276,0.94730806,0.9505132,0.9511617,0.9535606,0.9467309,0.95181847,0.95027393,0.95284784,0.9548956,0.94844645,0.9480733,0.9512719,0.95320374,0.9523149,0.9492318,0.9526416,0.9530697,0.9569687,0.9999909,0.9497204,0.9494746,0.9469621,0.9578742,0.9491468,0.94468725,0.9495022,0.9531392,0.9528718,0.94983184,0.9548259,0.94756514,0.9518441,0.9487212,0.94813037,0.95286334,0.9581964,0.95354277,0.948177,0.9454339,0.94940555,0.95379883,0.9521563,0.9461317,0.95654285,0.95348084,0.9509018,0.9492871,0.95022273,0.9540167,0.95232785,0.95029354,0.9456301,0.95609677
RCBTB1,0.94981956,0.9493719,0.9509894,0.95033675,0.9515689,0.9529113,0.9495754,0.9515602,0.9498235,0.94945586,0.9520156,0.95127475,0.9502164,0.9505424,0.94883174,0.94877696,0.95164645,0.9521851,0.95008147,0.94913787,0.9486643,0.9513442,0.9535596,0.95214564,0.9512214,0.9492264,0.95101935,0.94927055,0.94976866,0.9483445,0.95183176,0.94972235,0.9505986,0.94962037,0.9494233,0.9519244,0.951028,0.95360076,0.9482696,0.95007366,0.9501416,0.95007235,0.9495444,0.95107496,0.9494642,0.9472092,0.9521848,0.9506861,0.9506829,0.94792616,0.9477857,0.95220745,0.9486189,0.95137715,0.9484756,0.94662297,0.95230734,0.9516665,0.95318276,0.9501277,0.9493836,0.95046604,0.95122284,0.9523238,0.94584024,0.9497204,1.0000011,0.9485839,0.951057,0.94759434,0.9515164,0.9491967,0.9506458,0.9526137,0.9490743,0.9499541,0.95012146,0.9517875,0.95140135,0.9513892,0.95247334,0.949739,0.9475985,0.9500158,0.9507175,0.9529109,0.951673,0.9492582,0.9452944,0.95111656,0.94861025,0.9515883,0.9497797,0.9523557,0.9494617,0.94951004,0.94861907,0.9514859,0.95130664,0.9490089
RETN,0.94433904,0.9501038,0.9491712,0.9538903,0.9484852,0.952198,0.9635169,0.95334363,0.9501867,0.94736767,0.9511391,0.945372,0.9478293,0.9474133,0.9497158,0.9547602,0.94861156,0.9549175,0.9549696,0.947078,0.95219195,0.9467119,0.9494627,0.9469979,0.94901806,0.9519902,0.94706625,0.9441463,0.9466078,0.95302075,0.9465649,0.9479304,0.9410738,0.9490009,0.94619083,0.9534445,0.9513397,0.95248294,0.9458165,0.95574015,0.95477253,0.9458483,0.9461491,0.95722616,0.9465753,0.9495653,0.9473399,0.9511899,0.9484257,0.9528845,0.9467638,0.954673,0.95318776,0.95056367,0.95973057,0.94976145,0.9532259,0.94402486,0.943353,0.95652467,0.9493067,0.9463783,0.9516867,0.9468945,0.9533583,0.9494746,0.9485839,0.999987,0.94592,0.9432594,0.94712466,0.9475509,0.9486093,0.94583964,0.949552,0.94502705,0.9507474,0.9582172,0.94857454,0.94558674,0.9440647,0.9466334,0.9487812,0.95075464,0.9513453,0.94743776,0.9420673,0.9554796,0.95021045,0.9617056,0.951142,0.9481797,0.9468229,0.95386183,0.9484649,0.9491519,0.9450287,0.95041394,0.9501382,0.9497575
RFX5,0.9529858,0.94402903,0.9484016,0.9499065,0.95037633,0.9466884,0.9463901,0.94756866,0.9463689,0.9446773,0.9511454,0.94949794,0.948318,0.9520669,0.95344186,0.9470051,0.94815046,0.9488906,0.9499174,0.9510416,0.95012146,0.9485072,0.94989103,0.94604075,0.9532158,0.9483733,0.9478466,0.9469158,0.94740164,0.95098364,0.9449221,0.94998205,0.9521262,0.9503603,0.9514254,0.9517972,0.9508695,0.94770825,0.94884515,0.948371,0.9527309,0.9513172,0.95407265,0.9501816,0.9553671,0.9479859,0.9514184,0.946692,0.9509668,0.9442295,0.9496779,0.94800895,0.952596,0.9528335,0.94927824,0.95110774,0.9516497,0.9467547,0.9538489,0.9502897,0.9488329,0.9508762,0.95082843,0.9492963,0.94659626,0.9469621,0.951057,0.94592,0.9999944,0.9464793,0.9464285,0.9545771,0.95012367,0.94644624,0.9520447,0.94904375,0.9498084,0.94869477,0.95158774,0.9506506,0.952049,0.94819987,0.94654715,0.9510834,0.94533336,0.9523383,0.947234,0.9495012,0.95038426,0.95156616,0.94805026,0.9493587,0.9490298,0.95237255,0.9510341,0.9456153,0.95166147,0.946988,0.94751084,0.9475004
RNH1,0.948691,0.95086545,0.94863236,0.9501621,0.9528668,0.9498689,0.94776946,0.9475219,0.9487448,0.9533672,0.9505615,0.95621485,0.9557238,0.9566809,0.95961714,0.95409083,0.9536408,0.93806094,0.9542897,0.95227593,0.9526504,0.95584536,0.94339615,0.94689554,0.95177984,0.952002,0.94968975,0.9540671,0.95576084,0.9531599,0.9471994,0.951861,0.9577786,0.9484498,0.95538545,0.9396086,0.953049,0.9472801,0.9591305,0.9427146,0.9463657,0.95131975,0.9562417,0.949365,0.9536837,0.95064294,0.9493166,0.9437998,0.95012987,0.95316863,0.9538609,0.9447281,0.95355135,0.9489887,0.94770044,0.9579207,0.9514602,0.95189655,0.9534299,0.9514242,0.95177674,0.95626837,0.95502406,0.95141506,0.960014,0.9578742,0.94759434,0.9432594,0.9464793,0.9999884,0.9472232,0.93973446,0.94828767,0.96054786,0.95756286,0.95405084,0.95180327,0.9447645,0.9526515,0.94901973,0.9487654,0.9522609,0.96386284,0.9549002,0.94705194,0.9489103,0.95210063,0.95355,0.9539291,0.93787867,0.9565066,0.9594692,0.95704615,0.94610876,0.94791937,0.9600651,0.95833135,0.94956285,0.94266933,0.960167
RPL26L1,0.9496068,0.9535403,0.9508639,0.95205456,0.95052516,0.9548071,0.9451379,0.9513267,0.95375425,0.9511165,0.9475889,0.9498327,0.9474892,0.9469973,0.9466445,0.94733286,0.951583,0.9520575,0.94788444,0.94603586,0.94728863,0.95000494,0.9529333,0.9557965,0.9498673,0.9478109,0.9535856,0.9524471,0.9503375,0.9470043,0.95536053,0.9505434,0.9513417,0.9501463,0.9492432,0.9502431,0.9479788,0.9531352,0.9530781,0.94942504,0.94971114,0.9502653,0.9516202,0.9469561,0.9485481,0.9474427,0.9540591,0.95428187,0.94986004,0.9487579,0.9456049,0.95329756,0.9430079,0.94979185,0.9475828,0.94673824,0.9494711,0.95562047,0.9525036,0.94716465,0.9463815,0.95043504,0.94955844,0.95274544,0.9443943,0.9491468,0.9515164,0.94712466,0.9464285,0.9472232,1.0000011,0.95476943,0.9511286,0.94764453,0.94717574,0.9502707,0.95163065,0.94925386,0.9477833,0.95577115,0.95666367,0.9499424,0.9474724,0.9500245,0.9515439,0.9492065,0.9544284,0.9480537,0.94481707,0.9508217,0.9486818,0.951277,0.9502569,0.95110726,0.9507083,0.9481965,0.9490643,0.9504242,0.955921,0.9485229
RPS6KA1,0.95508325,0.9503571,0.95148396,0.95071983,0.9489821,0.9501445,0.9435464,0.9500809,0.94975966,0.94819593,0.94878906,0.94926536,0.9444938,0.94894534,0.94795585,0.94393086,0.9519947,0.9546155,0.94735044,0.94719017,0.9496843,0.9489291,0.950762,0.95032465,0.9499368,0.9469525,0.9504264,0.9502864,0.9470561,0.94961375,0.9536893,0.9468498,0.949363,0.9507054,0.947805,0.95599174,0.94767785,0.9500773,0.9508225,0.94920975,0.9513353,0.9532025,0.952901,0.9472794,0.9499393,0.94484574,0.9525715,0.9485058,0.9493216,0.94174695,0.94367063,0.9513072,0.94480807,0.949554,0.9454272,0.94634753,0.95205915,0.9500063,0.9496962,0.9457842,0.95078814,0.94929,0.9456685,0.95376354,0.94325244,0.94468725,0.9491967,0.9475509,0.9545771,0.93973446,0.95476943,0.99999624,0.9523538,0.944625,0.9473364,0.9521451,0.9522398,0.9496304,0.94911635,0.9548045,0.9539304,0.9486629,0.94125015,0.9496176,0.95044804,0.95225793,0.95087713,0.95191485,0.94868076,0.9539715,0.94305253,0.94652176,0.95040464,0.9529809,0.9513482,0.9464894,0.9486939,0.9464261,0.9556306,0.9459022
RYK,0.9534566,0.9526985,0.9494952,0.95134944,0.95036656,0.9483602,0.9480909,0.94995713,0.9497173,0.9541547,0.95068824,0.9514027,0.9525759,0.9515562,0.9490153,0.95163167,0.95263153,0.95243055,0.9492678,0.9499672,0.95255315,0.95294094,0.94892824,0.9514003,0.9490442,0.9479249,0.9505396,0.9527713,0.95201343,0.95008695,0.95149744,0.9492551,0.95104975,0.94998944,0.94948167,0.94848377,0.9502407,0.94879025,0.9515438,0.9494074,0.94808006,0.948895,0.9504221,0.94804466,0.9476358,0.9489661,0.9498258,0.9472215,0.9504416,0.9488392,0.9478277,0.95012,0.94757926,0.9490672,0.9479474,0.94930476,0.9514584,0.9498902,0.95145816,0.9487405,0.9534596,0.9491189,0.94938165,0.95131373,0.94845605,0.9495022,0.9506458,0.9486093,0.95012367,0.94828767,0.9511286,0.9523538,1.0000092,0.95243233,0.94900733,0.9529853,0.95000744,0.94884694,0.94990295,0.9500057,0.9491797,0.95207083,0.94773626,0.9522835,0.95449644,0.9505427,0.9521377,0.9510803,0.9505032,0.95086205,0.9473817,0.9486839,0.9539426,0.95012206,0.9491074,0.95166546,0.94839925,0.9483512,0.9499721,0.95286465
S100P,0.9513911,0.94904166,0.9519227,0.95213324,0.95855194,0.9501914,0.9495609,0.9517504,0.94992304,0.9577333,0.9556354,0.9557836,0.9558521,0.9580619,0.9579815,0.95241994,0.9554437,0.94636154,0.9516165,0.95020777,0.95298344,0.95684886,0.9483579,0.95117307,0.949177,0.95280534,0.9521374,0.9564158,0.9564887,0.95112586,0.9490708,0.95023185,0.95702577,0.9488392,0.9520693,0.94624436,0.95251876,0.949435,0.95480114,0.9488748,0.9474238,0.952241,0.95338917,0.949244,0.95146596,0.9488027,0.95005584,0.9477799,0.95125246,0.9511781,0.95068884,0.95056766,0.9534114,0.9486098,0.9463071,0.9551214,0.95433867,0.951892,0.95382833,0.9521804,0.95566314,0.9615404,0.95416063,0.9536694,0.952672,0.9531392,0.9526137,0.94583964,0.94644624,0.96054786,0.94764453,0.944625,0.95243233,0.9999885,0.9529786,0.9598039,0.95341444,0.9484819,0.95212317,0.9504969,0.9490833,0.9546445,0.9536365,0.9558637,0.95117617,0.95141655,0.9578665,0.9557542,0.950968,0.9443789,0.9503124,0.9550194,0.9626818,0.9485852,0.9491211,0.9602874,0.9521052,0.9507219,0.9474615,0.9619109
SAMHD1,0.950023,0.94770986,0.9509533,0.95114076,0.9522535,0.9486745,0.9520665,0.9487448,0.9487317,0.9489488,0.95094025,0.9530547,0.95279586,0.95733094,0.9551007,0.950825,0.9506276,0.9459948,0.9560862,0.9511684,0.9510119,0.9526045,0.94741386,0.9435748,0.9505885,0.950447,0.9499782,0.9520214,0.9490467,0.9553443,0.944952,0.948467,0.9542683,0.9498837,0.9523004,0.9438539,0.9534983,0.95058393,0.95550567,0.94774,0.9518643,0.9512676,0.95435965,0.95257163,0.9549458,0.94876015,0.9497488,0.94385254,0.951651,0.9498019,0.9514429,0.9485669,0.9548389,0.9515145,0.9510361,0.9551432,0.9526279,0.94620603,0.9513686,0.9532142,0.95091945,0.953203,0.95447356,0.9509556,0.9525138,0.9528718,0.9490743,0.949552,0.9520447,0.95756286,0.94717574,0.9473364,0.94900733,0.9529786,0.9999891,0.9502347,0.9502491,0.9490726,0.9526402,0.9475384,0.94821954,0.9498968,0.95491254,0.95491827,0.94776356,0.9488745,0.9487251,0.95115054,0.95925575,0.94977695,0.95129424,0.9537157,0.9530381,0.9510255,0.95021284,0.9535827,0.95511955,0.9473047,0.94496363,0.9566864
SH2D2A,0.95838785,0.9498405,0.9515467,0.9510774,0.9574639,0.95097715,0.9481055,0.9513399,0.9520552,0.9591177,0.9540944,0.95528024,0.9582394,0.955068,0.9555498,0.9516134,0.95444953,0.9527958,0.9473517,0.94800186,0.95086676,0.9574751,0.9493308,0.951433,0.9473722,0.947835,0.95206356,0.95753294,0.95790863,0.95445913,0.9512019,0.94952685,0.9555263,0.947647,0.9503257,0.9492871,0.9495309,0.94923353,0.9536851,0.94928503,0.94863516,0.9527409,0.9517107,0.9475419,0.9518299,0.9482405,0.94857615,0.94779634,0.9502326,0.9502405,0.9501536,0.9505104,0.9509383,0.9478309,0.9478575,0.9527927,0.9570553,0.9503755,0.9535308,0.94547373,0.9560873,0.9628806,0.9495294,0.9523628,0.9455769,0.94983184,0.9499541,0.94502705,0.94904375,0.95405084,0.9502707,0.9521451,0.9529853,0.9598039,0.9502347,1.0000055,0.9516766,0.9465753,0.95109576,0.9520926,0.9505503,0.9511344,0.9500654,0.9578533,0.95264,0.9516258,0.9566342,0.9573264,0.9514288,0.9477714,0.94403,0.9511654,0.9629539,0.9520844,0.9484674,0.9574042,0.95124793,0.95079255,0.9504284,0.95613027
SH3KBP1,0.9441006,0.9507768,0.95354486,0.95141053,0.95217085,0.9516079,0.94900167,0.95317376,0.9501548,0.95160365,0.9499272,0.9527593,0.9479795,0.9517905,0.9559202,0.9493212,0.9543105,0.948741,0.95264405,0.94982004,0.949301,0.95298445,0.94779706,0.95035774,0.9541461,0.9509773,0.9499529,0.9538563,0.9468467,0.9543444,0.9507156,0.95170814,0.95156837,0.95168966,0.9517945,0.94989055,0.9515837,0.9489957,0.95459884,0.94929993,0.95174634,0.95345104,0.9549185,0.95103294,0.9519891,0.9483812,0.9534362,0.94903743,0.9499769,0.9454442,0.9492787,0.9501824,0.9467131,0.95044094,0.95120084,0.95246327,0.9498722,0.95009875,0.95151985,0.9518076,0.95291215,0.9515528,0.95180506,0.954328,0.9519306,0.9548259,0.95012146,0.9507474,0.9498084,0.95180327,0.95163065,0.9522398,0.95000744,0.95341444,0.9502491,0.9516766,0.9999909,0.94727385,0.9521159,0.9521949,0.9501469,0.95244056,0.95262235,0.95186067,0.9497031,0.94704616,0.9491842,0.957939,0.9513037,0.94823384,0.95194876,0.95340234,0.9516218,0.9519469,0.951656,0.9529125,0.9509053,0.9519048,0.9493308,0.95309806
SIKE1,0.9446325,0.94789535,0.9498671,0.9525005,0.95322615,0.95413786,0.95846844,0.9524631,0.9525804,0.9483676,0.95503193,0.948442,0.9473641,0.9469677,0.9494059,0.9516258,0.95031244,0.954802,0.9515588,0.9462916,0.946654,0.9467082,0.95066154,0.9506718,0.95009255,0.9477487,0.94811153,0.9455379,0.9478477,0.9505805,0.9511871,0.94926965,0.9433866,0.94802094,0.9454485,0.9579661,0.9516245,0.9571264,0.9464917,0.9581223,0.954734,0.94663495,0.9445676,0.9563693,0.9493139,0.9475055,0.9481271,0.9532081,0.9495458,0.94897807,0.9458384,0.9553541,0.95147127,0.9508121,0.95691586,0.94729936,0.95518374,0.9457803,0.9468733,0.9518411,0.94827753,0.95173544,0.951802,0.94770366,0.9473599,0.94756514,0.9517875,0.9582172,0.94869477,0.9447645,0.94925386,0.9496304,0.94884694,0.9484819,0.9490726,0.9465753,0.94727385,0.99999666,0.9497236,0.9473642,0.95297545,0.9460616,0.94685036,0.9490558,0.949176,0.9510342,0.9494021,0.95240694,0.9474888,0.9611691,0.94824976,0.9478948,0.9485415,0.9527445,0.9493973,0.9475902,0.94556445,0.95163316,0.9530338,0.9468986
SIT1,0.9481925,0.9482727,0.9508218,0.9497945,0.9498734,0.95109487,0.949993,0.95076054,0.94983983,0.949423,0.94966114,0.95397,0.95082474,0.9525126,0.95182914,0.95131934,0.95165795,0.9492704,0.9514118,0.9524832,0.94851685,0.95365167,0.94929135,0.94867396,0.9529733,0.94812787,0.94843304,0.9503973,0.94979703,0.9505033,0.94849485,0.9512146,0.9529701,0.9530567,0.9556936,0.9479555,0.954277,0.9501518,0.9511916,0.9485859,0.9527476,0.9531095,0.9507697,0.95042574,0.95137477,0.95119476,0.9515879,0.9479989,0.95274985,0.94732445,0.953131,0.94906676,0.9505851,0.952245,0.95041233,0.9509084,0.95066386,0.9489938,0.95423734,0.95151454,0.95097363,0.95221627,0.9516665,0.95205134,0.94929504,0.9518441,0.95140135,0.94857454,0.95158774,0.9526515,0.9477833,0.94911635,0.94990295,0.95212317,0.9526402,0.95109576,0.9521159,0.9497236,1.0000045,0.94987965,0.952246,0.9529217,0.9520773,0.95276594,0.9478835,0.94902736,0.94849604,0.95129114,0.95049965,0.9485193,0.9501273,0.951063,0.95192504,0.9519296,0.95160764,0.9523445,0.951835,0.9509155,0.9494399,0.9508358
SLC25A33,0.95145684,0.949324,0.95153916,0.9526605,0.9519173,0.95643914,0.94549656,0.95203626,0.9527141,0.9509622,0.9497821,0.9520181,0.9494462,0.94883037,0.9522042,0.94874066,0.95244336,0.95181054,0.9479552,0.946099,0.94566095,0.95185596,0.94911313,0.9528179,0.9502507,0.95011616,0.95408136,0.95190084,0.95153403,0.94910055,0.9543307,0.9498626,0.9536253,0.947902,0.9506998,0.95335376,0.9503983,0.9531177,0.9533627,0.9484952,0.9510888,0.9517313,0.952799,0.94821095,0.9508813,0.9474317,0.9515005,0.9497436,0.9504418,0.94686925,0.9461855,0.95282996,0.9480357,0.9508181,0.9461337,0.948343,0.9523622,0.9554511,0.95356876,0.948058,0.94711983,0.95542145,0.9513449,0.9529336,0.9446595,0.9487212,0.9513892,0.94558674,0.9506506,0.94901973,0.95577115,0.9548045,0.9500057,0.9504969,0.9475384,0.9520926,0.9521949,0.9473642,0.94987965,1.0000002,0.95810187,0.9519612,0.94904584,0.95060194,0.9512341,0.95253474,0.9565364,0.9477774,0.9451969,0.9500247,0.9493853,0.9521703,0.95242953,0.952423,0.9497421,0.9501997,0.9505644,0.9504377,0.9540204,0.9490148
SLC25A4,0.94758147,0.94616216,0.950922,0.9530114,0.9563838,0.9592256,0.9438239,0.95036584,0.9533921,0.94884,0.95106155,0.95348954,0.94735944,0.9474459,0.9517639,0.94740695,0.9520007,0.9529549,0.94658464,0.9461996,0.9418341,0.94881606,0.95048565,0.95536196,0.9527276,0.94708276,0.95403314,0.9519424,0.94941384,0.94942665,0.9551146,0.94956124,0.952759,0.9489002,0.9494913,0.95458823,0.95309746,0.95589876,0.9502001,0.9513899,0.9537927,0.9534869,0.95201236,0.9466381,0.9518501,0.9463817,0.9510776,0.9524692,0.9499327,0.9459403,0.94369507,0.955124,0.9473787,0.95141727,0.94755065,0.9478244,0.9528283,0.95459694,0.95500576,0.94728464,0.9430898,0.9590588,0.95384437,0.9528704,0.9408149,0.94813037,0.95247334,0.9440647,0.952049,0.9487654,0.95666367,0.9539304,0.9491797,0.9490833,0.94821954,0.9505503,0.9501469,0.95297545,0.952246,0.95810187,1.0000049,0.95001566,0.94753814,0.9477307,0.94759977,0.95227087,0.95834404,0.9477314,0.9440448,0.95334196,0.948287,0.9530357,0.95200896,0.95140463,0.9512753,0.94784987,0.95030767,0.9511623,0.95538557,0.9466646
SOX15,0.94826245,0.95125914,0.95150477,0.94815904,0.95043063,0.95122784,0.94598776,0.95006186,0.95039296,0.9538536,0.9507826,0.95476484,0.949637,0.95199955,0.95001745,0.9499283,0.9522023,0.9460056,0.95042634,0.95100576,0.9505342,0.9542644,0.9483313,0.94988596,0.9514515,0.94665056,0.9497214,0.9521015,0.9500203,0.9510961,0.95149827,0.9533379,0.95241326,0.95187235,0.9530168,0.9461366,0.9512658,0.94938904,0.95354396,0.95022315,0.94875705,0.9528676,0.95120716,0.94956994,0.950064,0.950858,0.9513614,0.948428,0.9516441,0.9487374,0.9531593,0.9497669,0.9468451,0.95114195,0.9486773,0.95098853,0.94862264,0.95135796,0.9537574,0.94969624,0.95087934,0.9504943,0.9509691,0.95114326,0.9488941,0.95286334,0.949739,0.9466334,0.94819987,0.9522609,0.9499424,0.9486629,0.95207083,0.9546445,0.9498968,0.9511344,0.95244056,0.9460616,0.9529217,0.9519612,0.95001566,0.9999959,0.9513266,0.9504674,0.9510106,0.9473876,0.9517846,0.94975823,0.9501933,0.94642115,0.95144475,0.95042175,0.95205486,0.94836974,0.9502618,0.95412487,0.94999343,0.94897646,0.9485084,0.9524593
SPATA2,0.9435607,0.9501095,0.9467927,0.94994485,0.9504616,0.94778466,0.9489791,0.94836575,0.9470266,0.9498726,0.95000505,0.9524064,0.9513632,0.9538881,0.9539349,0.9522757,0.9507682,0.9389585,0.95695275,0.9526739,0.95321685,0.9529488,0.94569373,0.9457287,0.9523889,0.95277303,0.94952375,0.95305645,0.95116115,0.95203274,0.9444996,0.9533195,0.9529754,0.9499122,0.9545978,0.9403871,0.9541074,0.94706535,0.9565606,0.94356793,0.94966084,0.9509931,0.95557415,0.9506723,0.95139766,0.9533826,0.9497716,0.9455335,0.9498388,0.9532186,0.95513076,0.94499147,0.9560869,0.9500426,0.9517972,0.95570743,0.94794923,0.9484708,0.95050585,0.9535903,0.9509113,0.9515139,0.95469594,0.9507761,0.9615175,0.9581964,0.9475985,0.9487812,0.94654715,0.96386284,0.9474724,0.94125015,0.94773626,0.9536365,0.95491254,0.9500654,0.95262235,0.94685036,0.9520773,0.94904584,0.94753814,0.9513266,0.9999978,0.9546833,0.9476475,0.94688666,0.9496903,0.94967914,0.9534437,0.9426473,0.9566817,0.9570833,0.9500005,0.94661057,0.9488015,0.95546764,0.9551411,0.9496756,0.9441807,0.9577787
SUMF1,0.9537584,0.95227927,0.94796836,0.95417094,0.9516413,0.95035416,0.95088816,0.94941545,0.9489692,0.9541924,0.95432687,0.9525535,0.9560457,0.95472133,0.953922,0.95296824,0.95291215,0.948705,0.9538828,0.9486034,0.95484287,0.9566587,0.95063907,0.9489324,0.9501809,0.9516972,0.950714,0.9536757,0.9558417,0.9521417,0.94936424,0.95053774,0.9550464,0.9491381,0.9519235,0.9474207,0.9528114,0.9515765,0.9547311,0.94651026,0.951742,0.94873506,0.9555514,0.95248103,0.95106655,0.9507716,0.95003575,0.94863844,0.95124924,0.9504858,0.9500518,0.94979566,0.9557961,0.9485401,0.9505611,0.9529249,0.95508164,0.9487224,0.95218074,0.9535875,0.95504713,0.9557334,0.95151085,0.9507534,0.9509082,0.95354277,0.9500158,0.95075464,0.9510834,0.9549002,0.9500245,0.9496176,0.9522835,0.9558637,0.95491827,0.9578533,0.95186067,0.9490558,0.95276594,0.95060194,0.9477307,0.9504674,0.9546833,0.999987,0.9528718,0.9526635,0.95226824,0.95355487,0.9507764,0.9508941,0.9482778,0.9522686,0.95653564,0.9505647,0.94730127,0.95362175,0.94943917,0.9495168,0.94895357,0.9565943
SYNE1,0.9533794,0.9538171,0.9493791,0.94997793,0.9509521,0.9498883,0.9511365,0.9513163,0.95188755,0.953962,0.9504962,0.94969845,0.951493,0.95069456,0.94610184,0.9511174,0.9529929,0.9527622,0.95004565,0.9484745,0.95283115,0.952345,0.9507587,0.9527759,0.9471239,0.95027465,0.9503602,0.9521909,0.95480776,0.9483497,0.9549158,0.94852984,0.94919515,0.9487327,0.9480643,0.95172846,0.9489298,0.9521133,0.9504195,0.9491107,0.94684875,0.94773,0.9496952,0.9498749,0.9449399,0.94891495,0.9495266,0.9531974,0.9503818,0.94957906,0.9482163,0.953696,0.94880635,0.9481314,0.94766974,0.94803834,0.9523632,0.9518041,0.94896954,0.9493745,0.95412886,0.9496527,0.9471157,0.95015913,0.9482447,0.948177,0.9507175,0.9513453,0.94533336,0.94705194,0.9515439,0.95044804,0.95449644,0.95117617,0.94776356,0.95264,0.9497031,0.949176,0.9478835,0.9512341,0.94759977,0.9510106,0.9476475,0.9528718,0.99999017,0.9514195,0.9515826,0.95128065,0.9455973,0.95067656,0.9478447,0.9477343,0.95210546,0.95071244,0.94878244,0.9503937,0.9451641,0.9511367,0.95076776,0.9526502
TCEAL1,0.95676893,0.946066,0.9468317,0.95311296,0.9578481,0.95380425,0.9506184,0.9510259,0.9480182,0.95076,0.9559798,0.9492821,0.95281595,0.95368713,0.9522901,0.95254534,0.95366156,0.95543957,0.9502864,0.9481761,0.95220256,0.9496332,0.94977015,0.95241475,0.94762796,0.9550565,0.9512122,0.9483234,0.9582354,0.947992,0.9487055,0.9463355,0.95162356,0.94775903,0.94761056,0.9574863,0.94998926,0.9557679,0.9452786,0.94530976,0.9479911,0.94699895,0.95109427,0.9489609,0.9485272,0.946066,0.94819504,0.9528499,0.95004517,0.94847596,0.9454987,0.9554192,0.9559288,0.9481932,0.9446211,0.9516282,0.9599035,0.9533302,0.9516767,0.9492318,0.9515605,0.9573364,0.9487895,0.9491685,0.9470046,0.9454339,0.9529109,0.94743776,0.9523383,0.9489103,0.9492065,0.95225793,0.9505427,0.95141655,0.9488745,0.9516258,0.94704616,0.9510342,0.94902736,0.95253474,0.95227087,0.9473876,0.94688666,0.9526635,0.9514195,0.99999857,0.95641226,0.95439863,0.94174844,0.95330894,0.94384027,0.94909245,0.9557709,0.9505416,0.94611806,0.95118654,0.94447196,0.95157176,0.9508529,0.95245504
TESPA1,0.95408416,0.95039463,0.9508882,0.9557465,0.9662117,0.95628506,0.9448719,0.95107883,0.9530493,0.95802903,0.955361,0.95481366,0.9536617,0.95245516,0.95254725,0.94936574,0.9539521,0.9524399,0.94772464,0.9475709,0.9469796,0.9547657,0.9497167,0.95461106,0.9476682,0.94962,0.9566895,0.9540766,0.95719516,0.94930273,0.9536946,0.94996756,0.95437825,0.94813097,0.95061904,0.9511499,0.94975895,0.9552231,0.9532629,0.95094097,0.9472048,0.95254517,0.95077014,0.9460254,0.95224005,0.94690585,0.9499241,0.95114183,0.9515527,0.9510696,0.9462031,0.9547886,0.9499476,0.9484799,0.9444732,0.9488764,0.9571377,0.9558544,0.9540694,0.94619584,0.94979584,0.9604699,0.9490303,0.95204085,0.94431543,0.94940555,0.951673,0.9420673,0.947234,0.95210063,0.9544284,0.95087713,0.9521377,0.9578665,0.9487251,0.9566342,0.9491842,0.9494021,0.94849604,0.9565364,0.95834404,0.9517846,0.9496903,0.95226824,0.9515826,0.95641226,1.0000005,0.95073146,0.94393855,0.9473457,0.9466726,0.9509249,0.95897007,0.94900703,0.9496117,0.95325303,0.9485052,0.95165527,0.9547326,0.9528713
THYN1,0.9498398,0.9480536,0.94978654,0.95151305,0.9592886,0.94853246,0.95436615,0.95449644,0.94899255,0.95594907,0.96049863,0.95240134,0.95244974,0.9569049,0.9604345,0.95561755,0.95540565,0.95337015,0.95270926,0.9497491,0.95383155,0.9529431,0.9461433,0.9488339,0.9514785,0.95187813,0.94960594,0.951614,0.95285034,0.95680416,0.94859457,0.9492532,0.9504122,0.94995224,0.94797266,0.9537782,0.95194036,0.9508242,0.95048213,0.9497832,0.950989,0.95269775,0.9532485,0.95248574,0.951567,0.9487501,0.94867283,0.9484313,0.949841,0.9480474,0.94814396,0.95248973,0.95463115,0.9477253,0.9542435,0.95984054,0.957024,0.9457948,0.9492054,0.95276535,0.9549167,0.9575837,0.95072365,0.9530818,0.9539022,0.95379883,0.9492582,0.9554796,0.9495012,0.95355,0.9480537,0.95191485,0.9510803,0.9557542,0.95115054,0.9573264,0.957939,0.95240694,0.95129114,0.9477774,0.9477314,0.94975823,0.94967914,0.95355487,0.95128065,0.95439863,0.95073146,0.99999285,0.951264,0.95423913,0.9494532,0.9489566,0.9577257,0.9518659,0.94934154,0.95771134,0.95014876,0.95142025,0.94830614,0.9559929
TP53,0.9495909,0.9496161,0.95059514,0.948918,0.9488493,0.94276875,0.95036423,0.9467854,0.9436593,0.94875705,0.94838834,0.9501715,0.9491064,0.95318985,0.95384264,0.9486442,0.9487595,0.9449318,0.9502338,0.9516049,0.9496628,0.9507244,0.9451145,0.93959594,0.94980615,0.94771016,0.94898355,0.9500445,0.9434159,0.9606836,0.94043255,0.94940585,0.9503533,0.95040035,0.9507529,0.9444083,0.9507483,0.9417389,0.9524195,0.9485355,0.9521823,0.95087636,0.95200634,0.94993603,0.96159685,0.94914967,0.9491755,0.9352018,0.95128524,0.9490657,0.9506983,0.9420542,0.9501356,0.94994795,0.9561964,0.95375395,0.9475994,0.93716186,0.94963866,0.9506836,0.9516736,0.9488328,0.95035994,0.9500351,0.95301425,0.9521563,0.9452944,0.95021045,0.95038426,0.9539291,0.94481707,0.94868076,0.9505032,0.950968,0.95925575,0.9514288,0.9513037,0.9474888,0.95049965,0.9451969,0.9440448,0.9501933,0.9534437,0.9507764,0.9455973,0.94174844,0.94393855,0.951264,1.0000033,0.9475178,0.9488554,0.9507439,0.95187044,0.94854355,0.9506082,0.95004123,0.96000123,0.94319075,0.9431589,0.9523248
TRIT1,0.95145714,0.9481882,0.9497827,0.95458865,0.955036,0.9554978,0.95951015,0.95371604,0.95278764,0.94666445,0.9553836,0.9458854,0.94567496,0.94884086,0.95091087,0.9513255,0.9512043,0.9624415,0.95212746,0.9447422,0.9482933,0.94746983,0.9514885,0.95018256,0.9483617,0.95030564,0.9509435,0.9439547,0.9471908,0.9525062,0.9496518,0.94687134,0.9428065,0.9480186,0.94425917,0.96037847,0.9518829,0.9596758,0.943549,0.95786613,0.9577361,0.9453075,0.9472574,0.95668584,0.94893914,0.94721395,0.94824183,0.95343584,0.95089346,0.94726795,0.94173956,0.95885813,0.9529357,0.9501137,0.95814615,0.9472692,0.9582994,0.9453319,0.94801235,0.95391774,0.94851154,0.9539502,0.9506123,0.94906276,0.943713,0.9461317,0.95111656,0.9617056,0.95156616,0.93787867,0.9508217,0.9539715,0.95086205,0.9443789,0.94977695,0.9477714,0.94823384,0.9611691,0.9485193,0.9500247,0.95334196,0.94642115,0.9426473,0.9508941,0.95067656,0.95330894,0.9473457,0.95423913,0.9475178,1.0000038,0.9438857,0.9474345,0.95023257,0.95459425,0.9483945,0.94628125,0.94342756,0.9494028,0.95569247,0.9456164
TRMT10A,0.94283235,0.9499037,0.9493296,0.9463657,0.94774723,0.94929516,0.94840866,0.94840026,0.9490725,0.9488123,0.9482471,0.9516418,0.9508039,0.9506731,0.95039797,0.95179844,0.9487833,0.94304997,0.95287913,0.95044553,0.952218,0.95004356,0.9470644,0.9470277,0.95392424,0.95198846,0.9473737,0.9497995,0.95092475,0.9479092,0.9487479,0.9513252,0.9507674,0.95159477,0.9528593,0.94446886,0.95276463,0.9482178,0.9527364,0.9476242,0.9473029,0.9486216,0.95270586,0.95030206,0.9475907,0.9522354,0.9498998,0.9491887,0.94790864,0.9508767,0.9539446,0.9473351,0.9510274,0.9508927,0.9511148,0.9486816,0.94600856,0.9494153,0.9476842,0.9527164,0.9489845,0.94666696,0.9546342,0.9506279,0.9581979,0.95654285,0.94861025,0.951142,0.94805026,0.9565066,0.9486818,0.94305253,0.9473817,0.9503124,0.95129424,0.94403,0.95194876,0.94824976,0.9501273,0.9493853,0.948287,0.95144475,0.9566817,0.9482778,0.9478447,0.94384027,0.9466726,0.9494532,0.9488554,0.9438857,1.0000031,0.955614,0.9451498,0.94827646,0.94984335,0.95108616,0.95055413,0.9510753,0.94622546,0.95262337
TRPM2,0.94768685,0.9524108,0.95054674,0.9526238,0.9514454,0.95387393,0.9473868,0.9487082,0.9502145,0.95149034,0.9503037,0.952662,0.95117545,0.9526241,0.9558288,0.95275724,0.951593,0.9440025,0.9525245,0.94920516,0.9489109,0.95331216,0.9474972,0.9493685,0.9554384,0.9529014,0.95255333,0.9540364,0.95297563,0.9483184,0.94821405,0.952263,0.9556648,0.9493882,0.95327026,0.9443177,0.952615,0.9495804,0.9569402,0.94717276,0.94949484,0.95103717,0.95731,0.95082396,0.9498441,0.94830525,0.9509639,0.9479644,0.951347,0.95473874,0.9510353,0.9485075,0.9521279,0.95030373,0.9482192,0.95021087,0.9505152,0.95438457,0.953874,0.9541956,0.94773555,0.9543952,0.95557964,0.95258534,0.953477,0.95348084,0.9515883,0.9481797,0.9493587,0.9594692,0.951277,0.94652176,0.9486839,0.9550194,0.9537157,0.9511654,0.95340234,0.9478948,0.951063,0.9521703,0.9530357,0.95042175,0.9570833,0.9522686,0.9477343,0.94909245,0.9509249,0.9489566,0.9507439,0.9474345,0.955614,0.9999896,0.95093143,0.9486189,0.94876623,0.9526625,0.95219743,0.95083237,0.94850194,0.9550854
TRPV2,0.9600258,0.94871527,0.9489147,0.9558491,0.9610401,0.9528041,0.9485244,0.94997656,0.95226175,0.95647603,0.95639396,0.95647216,0.95599,0.95561826,0.9595189,0.9579797,0.9557372,0.95328337,0.95013595,0.9485144,0.9518278,0.9570582,0.94915694,0.9508852,0.94708407,0.95137805,0.95331925,0.9534955,0.9593896,0.9520721,0.95016605,0.9489099,0.9565818,0.9475449,0.9500223,0.9545979,0.9533273,0.95231193,0.9526929,0.9468273,0.9505274,0.9505832,0.95381415,0.9466332,0.9503675,0.9474269,0.9483355,0.9482346,0.9520613,0.95176214,0.9476469,0.9524843,0.95379287,0.9492681,0.94677657,0.9557769,0.9584767,0.9510842,0.9545631,0.9467732,0.9563848,0.9687902,0.9532658,0.9531645,0.9474845,0.9509018,0.9497797,0.9468229,0.9490298,0.95704615,0.9502569,0.95040464,0.9539426,0.9626818,0.9530381,0.9629539,0.9516218,0.9485415,0.95192504,0.95242953,0.95200896,0.95205486,0.9500005,0.95653564,0.95210546,0.9557709,0.95897007,0.9577257,0.95187044,0.95023257,0.9451498,0.95093143,0.9999946,0.95194954,0.9480076,0.9601336,0.9513844,0.9501413,0.9514746,0.95904696
TWIST1,0.9519899,0.94847083,0.9525251,0.95175046,0.94950485,0.9511157,0.95157623,0.9509954,0.951247,0.9477197,0.95026505,0.95086753,0.95190895,0.9510598,0.9498147,0.9508951,0.9515523,0.9538541,0.9505629,0.9492579,0.94901335,0.9523666,0.95091444,0.949119,0.95019466,0.9501076,0.9481015,0.94974256,0.94791824,0.95068765,0.9503454,0.9504129,0.9519617,0.95031023,0.9497749,0.95344335,0.9509453,0.9523361,0.95057017,0.9506325,0.9525169,0.9519521,0.94866556,0.95315725,0.95018923,0.9482727,0.9497087,0.9490684,0.9514108,0.9468337,0.9486673,0.9512352,0.94987494,0.9538703,0.9511315,0.9487317,0.9525686,0.9485871,0.9524782,0.95057285,0.95105636,0.9522482,0.9514525,0.9529383,0.9458046,0.9492871,0.9523557,0.95386183,0.95237255,0.94610876,0.95110726,0.9529809,0.95012206,0.9485852,0.9510255,0.9520844,0.9519469,0.9527445,0.9519296,0.952423,0.95140463,0.94836974,0.94661057,0.9505647,0.95071244,0.9505416,0.94900703,0.9518659,0.94854355,0.95459425,0.94827646,0.9486189,0.95194954,0.99998844,0.95113057,0.95019704,0.94792956,0.9502656,0.9510369,0.9501989
ZDHHC5,0.947537,0.95046395,0.9511103,0.94957155,0.94859666,0.9494434,0.94806844,0.9505523,0.9491777,0.94888026,0.9480629,0.9526402,0.9479031,0.95053315,0.9499371,0.94613737,0.9480956,0.9493508,0.9504336,0.9542796,0.9484024,0.9499328,0.94871885,0.9486784,0.9518439,0.9472359,0.9493145,0.949545,0.94756645,0.95088816,0.95021707,0.9520335,0.9496536,0.95579225,0.9544804,0.9491006,0.94982475,0.94857746,0.95087475,0.9494768,0.9509009,0.9517337,0.94907594,0.9497081,0.9507188,0.95249474,0.951809,0.9476092,0.95098335,0.9467361,0.9505738,0.9490843,0.9461224,0.9531217,0.95054746,0.94949514,0.9488597,0.94827485,0.95088786,0.9486184,0.9491359,0.9494717,0.9495707,0.9525266,0.94691133,0.95022273,0.9494617,0.9484649,0.9510341,0.94791937,0.9507083,0.9513482,0.9491074,0.9491211,0.95021284,0.9484674,0.951656,0.9493973,0.95160764,0.9497421,0.9512753,0.9502618,0.9488015,0.94730127,0.94878244,0.94611806,0.9496117,0.94934154,0.9506082,0.9483945,0.94984335,0.94876623,0.9480076,0.95113057,1.0000077,0.94910735,0.9504553,0.9488312,0.94956255,0.9484099
ZFP14,0.95146066,0.95016307,0.95065665,0.9510442,0.955137,0.9509873,0.95302105,0.9534495,0.9516551,0.9560125,0.95559925,0.9552052,0.95427966,0.95610607,0.95404494,0.95535684,0.9562042,0.9455816,0.9544839,0.95120907,0.9555969,0.9560952,0.94951946,0.9495162,0.95024776,0.9516804,0.9506484,0.9541929,0.95528394,0.95248663,0.95063436,0.950595,0.95360744,0.94970787,0.95172673,0.9486378,0.9557527,0.9529637,0.9556716,0.94745195,0.9491655,0.95326906,0.95345914,0.95005304,0.95008236,0.9513085,0.94877964,0.94961,0.9496955,0.9523445,0.9514228,0.9520606,0.9549833,0.9491769,0.9494796,0.9562018,0.95415896,0.9507279,0.95094395,0.95309937,0.953316,0.9598441,0.9572271,0.95452505,0.95333695,0.9540167,0.94951004,0.9491519,0.9456153,0.9600651,0.9481965,0.9464894,0.95166546,0.9602874,0.9535827,0.9574042,0.9529125,0.9475902,0.9523445,0.9501997,0.94784987,0.95412487,0.95546764,0.95362175,0.9503937,0.95118654,0.95325303,0.95771134,0.95004123,0.94628125,0.95108616,0.9526625,0.9601336,0.95019704,0.94910735,1.0000017,0.9513332,0.9512068,0.94811517,0.96209776
ZGLP1,0.94795394,0.94940495,0.95116055,0.94839174,0.9500982,0.94779384,0.9449736,0.94855464,0.9459409,0.9487592,0.94854164,0.9534843,0.94896346,0.95149267,0.95391214,0.94902253,0.9499141,0.9436469,0.9494018,0.95202255,0.9486825,0.95046663,0.94501686,0.9447603,0.95075005,0.94801235,0.9483916,0.9512426,0.9462372,0.9539429,0.946729,0.9522121,0.95378685,0.94978154,0.95249695,0.9436686,0.95159936,0.94440424,0.95531213,0.9472621,0.95213354,0.95304143,0.95229197,0.94846654,0.95939004,0.9498595,0.9508653,0.94317555,0.95035684,0.94748384,0.951033,0.944806,0.94817924,0.9504619,0.9503168,0.95412797,0.94716656,0.94794595,0.95218533,0.94691557,0.94855416,0.9512731,0.95124733,0.9523623,0.95275587,0.95232785,0.94861907,0.9450287,0.95166147,0.95833135,0.9490643,0.9486939,0.94839925,0.9521052,0.95511955,0.95124793,0.9509053,0.94556445,0.951835,0.9505644,0.95030767,0.94999343,0.9551411,0.94943917,0.9451641,0.94447196,0.9485052,0.95014876,0.96000123,0.94342756,0.95055413,0.95219743,0.9513844,0.94792956,0.9504553,0.9513332,0.9999966,0.9460164,0.9444579,0.95038617
ZNF138,0.947501,0.9492732,0.9506636,0.9500201,0.9523723,0.9538991,0.95067,0.95300984,0.9520754,0.9506139,0.95210135,0.94917166,0.951753,0.94926023,0.9504334,0.9518479,0.95071316,0.95082676,0.94880486,0.9479755,0.94837236,0.9503437,0.9502319,0.95194805,0.9493742,0.95025116,0.95049363,0.9496215,0.9537273,0.9483612,0.9525056,0.9499121,0.95054823,0.94935673,0.9493819,0.95246124,0.94881594,0.95280594,0.94963455,0.95005137,0.9491187,0.94861406,0.9474771,0.9492685,0.9455985,0.94763035,0.9493795,0.9543152,0.94910204,0.94996583,0.9487804,0.95432085,0.94841105,0.95022243,0.94872385,0.94928986,0.9507138,0.9533535,0.9503195,0.9514596,0.9501113,0.95202875,0.9509103,0.9508684,0.9481616,0.95029354,0.9514859,0.95041394,0.946988,0.94956285,0.9504242,0.9464261,0.9483512,0.9507219,0.9473047,0.95079255,0.9519048,0.95163316,0.9509155,0.9504377,0.9511623,0.94897646,0.9496756,0.9495168,0.9511367,0.95157176,0.95165527,0.95142025,0.94319075,0.9494028,0.9510753,0.95083237,0.9501413,0.9502656,0.9488312,0.9512068,0.9460164,1.0000004,0.9499724,0.9504553
ZNF687,0.9497953,0.95137054,0.94938934,0.95382226,0.9503932,0.9543322,0.94885606,0.952956,0.9580426,0.9492109,0.95015514,0.948714,0.945062,0.9449201,0.94751734,0.94764495,0.9522531,0.95782876,0.9487827,0.9459168,0.9447056,0.94789577,0.95332885,0.95769745,0.94898957,0.9473066,0.9513835,0.94899106,0.9492319,0.94611263,0.9571131,0.94865125,0.9480982,0.9484905,0.9465962,0.95312667,0.9492806,0.95618653,0.94712394,0.952153,0.9509152,0.94908524,0.9492464,0.94916844,0.9460687,0.94699347,0.9494976,0.9559963,0.95039785,0.9476051,0.94460803,0.9557847,0.9452147,0.94983315,0.9497157,0.94486356,0.9512919,0.9529567,0.9494917,0.94811773,0.94695973,0.95237005,0.9494391,0.9512142,0.94095147,0.9456301,0.95130664,0.9501382,0.94751084,0.94266933,0.955921,0.9556306,0.9499721,0.9474615,0.94496363,0.9504284,0.9493308,0.9530338,0.9494399,0.9540204,0.95538557,0.9485084,0.9441807,0.94895357,0.95076776,0.9508529,0.9547326,0.94830614,0.9431589,0.95569247,0.94622546,0.94850194,0.9514746,0.9510369,0.94956255,0.94811517,0.9444579,0.9499724,0.99999017,0.946077
ZNF880,0.95177054,0.9502487,0.95001626,0.9545192,0.95586514,0.9495226,0.9521122,0.95082957,0.95013154,0.95499957,0.95380676,0.95546615,0.9577902,0.9595655,0.95488846,0.9537197,0.9552651,0.9460371,0.9564984,0.9511615,0.95612895,0.9572696,0.94817847,0.94921285,0.9507541,0.953567,0.9518115,0.95468056,0.9562144,0.9528197,0.94813985,0.9504616,0.9556142,0.9481757,0.9532327,0.946853,0.95430285,0.95022035,0.95569986,0.94459265,0.9488448,0.9518625,0.9561159,0.9521885,0.95101976,0.9498553,0.9489721,0.94663876,0.94994146,0.9526584,0.9516516,0.9506011,0.956718,0.9487031,0.9500843,0.9567655,0.95611036,0.9490414,0.9529824,0.95385885,0.9556783,0.9581516,0.9552641,0.95220613,0.95607495,0.95609677,0.9490089,0.9497575,0.9475004,0.960167,0.9485229,0.9459022,0.95286465,0.9619109,0.9566864,0.95613027,0.95309806,0.9468986,0.9508358,0.9490148,0.9466646,0.9524593,0.9577787,0.9565943,0.9526502,0.95245504,0.9528713,0.9559929,0.9523248,0.9456164,0.95262337,0.9550854,0.95904696,0.9501989,0.9484099,0.96209776,0.95038617,0.9504553,0.946077,1.0000024
