,AK3,ATF7IP2,ATP10D,ATXN7L3,BBS10,BEND3,BHLHE40,BNIP3L,BTLA,C11orf1,C12orf76,CA1,CCNB1,CCPG1,CD8A,CDHR5,CDK10,CLIC5,CYB5R1,CYP20A1,DMRT1,DPF3,DST,DTX1,EHF,EHMT1,ELOF1,FAHD1,FAM208A,FAM229B,FSD1,GLI3,HDHD3,HIST1H4I,HSPA4,HSPH1,IL17F,KCNIP2,KDELR2,KDM6A,KLF13,KLHL17,KLRG1,KRTCAP2,LRP6,LRRC37A3,LRTOMT,LY96,LYST,LZTS1,MAP3K9,MAP7D1,MAP7D3,MAPK8,MBOAT2,MGA,MOSMO,NNAT,ORM2,P3H3,PEX10,PIP,POU2F3,RAB30,RAMP1,RASD2,RCBTB1,RETN,RFX5,RNH1,RPL26L1,RPS6KA1,RYK,S100P,SAMHD1,SH2D2A,SH3KBP1,SIKE1,SIT1,SLC25A33,SLC25A4,SOX15,SPATA2,SUMF1,SYNE1,TCEAL1,TESPA1,THYN1,TP53,TRIT1,TRMT10A,TRPM2,TRPV2,TWIST1,ZDHHC5,ZFP14,ZGLP1,ZNF138,ZNF687,ZNF880
AK3,0.9999948,0.9489184,0.9470509,0.9519216,0.95429075,0.94762295,0.9457454,0.94834536,0.9482141,0.9523319,0.95227784,0.9491069,0.95699954,0.9512343,0.95043874,0.9511465,0.94882846,0.955781,0.94452137,0.9488891,0.9527307,0.95296913,0.95198756,0.94941777,0.9450613,0.9513302,0.95300215,0.95150554,0.95807236,0.94588995,0.9473864,0.94553983,0.9542522,0.9468554,0.946507,0.9539437,0.9470442,0.9487926,0.9476182,0.94581467,0.945189,0.9468796,0.9492677,0.945502,0.9481428,0.9464477,0.9489459,0.94730246,0.95025444,0.94972277,0.9461508,0.95024776,0.9518441,0.9469554,0.9405573,0.94919485,0.9536679,0.95129955,0.9502168,0.9429674,0.954542,0.9554368,0.94679636,0.95009434,0.9440284,0.94409275,0.94971615,0.9444624,0.95300275,0.94870126,0.9495041,0.9549855,0.9533505,0.9512998,0.95004046,0.9582826,0.94411635,0.9445294,0.9481993,0.9515721,0.9474757,0.9482705,0.9436779,0.95377326,0.9532739,0.9566704,0.95397806,0.94973904,0.94959867,0.9513533,0.9429517,0.94770044,0.9599303,0.9518933,0.94743043,0.9513605,0.94796556,0.94751126,0.9498061,0.95166075
ATF7IP2,0.9489184,1.0000002,0.9498283,0.9511065,0.9494029,0.9496149,0.9497033,0.9502696,0.95172495,0.95233184,0.94583005,0.9521502,0.95089775,0.94849056,0.9472818,0.9499619,0.95142704,0.9471788,0.94879675,0.9477344,0.94880134,0.9517674,0.9486073,0.95259017,0.9496778,0.9473573,0.95305645,0.9533657,0.95321894,0.94877976,0.9531101,0.95137024,0.95088303,0.9505701,0.95048416,0.9475537,0.9492738,0.9503426,0.95473844,0.9502019,0.94721246,0.94811696,0.9504211,0.9457003,0.9455361,0.9497773,0.9501093,0.94964564,0.9505446,0.9542238,0.94846183,0.9497462,0.9450058,0.9492327,0.94939375,0.9462991,0.94784355,0.9519876,0.9492749,0.9498101,0.950174,0.94702154,0.9475383,0.9518369,0.95085967,0.9524872,0.94939786,0.95013267,0.94406176,0.9508896,0.95356584,0.95039177,0.9527212,0.94907576,0.9477418,0.9497625,0.9508047,0.9479194,0.9483911,0.9493438,0.9462963,0.9512798,0.9501283,0.9523078,0.95384026,0.94609386,0.9504153,0.9480761,0.9496375,0.948213,0.9500279,0.95243704,0.9488484,0.9485034,0.9504893,0.9501886,0.94943047,0.9492964,0.9513936,0.9502648
ATP10D,0.9470509,0.9498283,1.0000026,0.9492017,0.9502329,0.9522019,0.94806564,0.9520509,0.9520864,0.951585,0.9493214,0.9514562,0.9490004,0.95118856,0.94975495,0.9484193,0.95269674,0.9496426,0.9487938,0.94789624,0.9468049,0.9502231,0.9501246,0.9505366,0.9516825,0.9464759,0.9506414,0.9527446,0.9456061,0.95188355,0.95107853,0.95012045,0.9508486,0.9504156,0.9505782,0.94811136,0.95010984,0.94980943,0.95267797,0.9533463,0.95017827,0.9540371,0.94848305,0.9494903,0.9505371,0.9466574,0.9532101,0.9483126,0.9497071,0.94904375,0.9496526,0.9502934,0.94651765,0.95268476,0.9515502,0.9484467,0.9485657,0.94873977,0.9524721,0.9491869,0.948941,0.9491551,0.95041686,0.95239437,0.9461609,0.951268,0.9510089,0.94909006,0.9484268,0.94865096,0.950884,0.951517,0.9495131,0.95195115,0.9509783,0.9515703,0.9535664,0.949885,0.9508358,0.9515486,0.95093644,0.9515203,0.9468059,0.9479922,0.94951147,0.946854,0.95090365,0.94990134,0.95061004,0.9498017,0.94923896,0.95056784,0.948947,0.9525513,0.95113415,0.95067674,0.9511792,0.9506806,0.9494076,0.95002675
ATXN7L3,0.9519216,0.9511065,0.9492017,0.99999833,0.9544008,0.95496196,0.95531905,0.95249027,0.95245624,0.95123637,0.95281017,0.95093215,0.94902855,0.95165694,0.95534456,0.9528258,0.9527925,0.9527781,0.95228875,0.94787645,0.9482643,0.951848,0.9500944,0.952313,0.9499443,0.9531853,0.9558982,0.94929343,0.95154154,0.95072025,0.95008105,0.94919205,0.9501545,0.9471835,0.95025015,0.95435584,0.9514503,0.95495975,0.9514711,0.9502273,0.9531083,0.9502473,0.9539788,0.95228046,0.9498712,0.9477785,0.9495262,0.949554,0.949935,0.9501254,0.944978,0.9539651,0.9527494,0.94929147,0.9503569,0.95178664,0.9550646,0.94988894,0.9515889,0.95294863,0.94989264,0.9573857,0.9538581,0.951215,0.94791347,0.9489808,0.950237,0.9540223,0.9499308,0.95017976,0.9519555,0.9507428,0.95124793,0.952046,0.9511649,0.9509834,0.9514323,0.9525147,0.94980806,0.95277977,0.9530231,0.9481752,0.95007247,0.954193,0.9498764,0.9530183,0.9556443,0.9514155,0.9489329,0.9544877,0.94649625,0.95264375,0.9557636,0.9516573,0.9494754,0.9509482,0.94841075,0.95003754,0.95383936,0.95441365
BBS10,0.95429075,0.9494029,0.9502329,0.9544008,0.9999967,0.9551234,0.9514542,0.9526006,0.9508169,0.9566081,0.96276706,0.9548774,0.95409656,0.9556144,0.9588173,0.9513534,0.954697,0.95604134,0.95226693,0.948042,0.9486301,0.95399404,0.94945115,0.9506093,0.9493248,0.95049924,0.95565444,0.95183164,0.9542398,0.95490843,0.94904804,0.94908583,0.95353085,0.9471251,0.94848573,0.9554154,0.952022,0.95507383,0.9506179,0.9539075,0.9522527,0.95178753,0.95227355,0.95140064,0.9553219,0.94736725,0.94717604,0.95065874,0.951525,0.95057994,0.9447503,0.9556248,0.9560739,0.9486863,0.95050025,0.95428574,0.96180177,0.949752,0.9522202,0.9493445,0.95152867,0.96421826,0.95187074,0.9507707,0.9468905,0.9501285,0.95146453,0.9488102,0.95039296,0.9528759,0.95042163,0.94888496,0.9503651,0.95845914,0.9522702,0.957155,0.9521844,0.9531209,0.94987935,0.951932,0.9562755,0.95043796,0.9505785,0.95165616,0.9508463,0.9577488,0.96610445,0.959186,0.94885737,0.95493126,0.9479695,0.95145774,0.96094364,0.9494078,0.9484891,0.9550362,0.9501095,0.95238113,0.95040333,0.9557542
BEND3,0.94762295,0.9496149,0.9522019,0.95496196,0.9551234,0.99999404,0.95093554,0.95420015,0.95782506,0.9502524,0.95057476,0.9525279,0.9473992,0.94926393,0.95319307,0.9511621,0.952741,0.95354754,0.94976705,0.94530904,0.9420485,0.95128417,0.9505169,0.95661986,0.9496442,0.9502997,0.9555207,0.94881094,0.9522018,0.95172393,0.95708513,0.94942737,0.9495354,0.94771445,0.9498285,0.95416373,0.95180213,0.9619024,0.95056397,0.95471966,0.95278674,0.9507034,0.9506772,0.9505985,0.94945467,0.9458223,0.94986254,0.95685214,0.95050544,0.94875795,0.94495404,0.96223557,0.9480942,0.9518718,0.95056146,0.9481107,0.9552778,0.95740515,0.9535249,0.9502551,0.94662255,0.95695144,0.954622,0.95342743,0.9438009,0.94936454,0.95302296,0.95210797,0.9467103,0.94988877,0.95491964,0.95027125,0.9484708,0.9503161,0.94869375,0.95109653,0.95161885,0.9542475,0.95109445,0.95633525,0.95933324,0.9512278,0.94769037,0.9503647,0.9499988,0.95392275,0.95639443,0.9486475,0.9427896,0.9556085,0.94909465,0.953884,0.95293206,0.95123535,0.94956017,0.95110303,0.9478163,0.9538994,0.95433235,0.94962937
BHLHE40,0.9457454,0.9497033,0.94806564,0.95531905,0.9514542,0.95093554,0.99999535,0.9531477,0.95133466,0.94819397,0.9546958,0.9479672,0.9521407,0.9502402,0.9531137,0.9544232,0.94961184,0.95548195,0.95464706,0.94832927,0.9501398,0.948822,0.9499096,0.9478642,0.9480279,0.95163226,0.94644487,0.9457973,0.9479884,0.9532259,0.94584143,0.9487587,0.9422197,0.9483313,0.9469754,0.9547539,0.95310473,0.95350605,0.9457201,0.95285285,0.9543012,0.9449156,0.9440281,0.9573701,0.9474389,0.9495766,0.9472802,0.9503955,0.9493777,0.9529182,0.94602203,0.9525892,0.95653796,0.94840384,0.95890844,0.951062,0.9555324,0.94431514,0.9454869,0.95498776,0.95325875,0.9494944,0.9519549,0.946223,0.9523824,0.95078427,0.9496888,0.9633202,0.9464104,0.9477887,0.9452522,0.9436695,0.94820225,0.94968694,0.9520842,0.9482206,0.9490117,0.9585789,0.9499911,0.9453938,0.9439353,0.9459874,0.94888115,0.9508975,0.95124763,0.950737,0.94498265,0.9544819,0.95038354,0.95962167,0.9483126,0.9475007,0.94864905,0.9516967,0.94818085,0.95313776,0.9449958,0.95066905,0.9488558,0.9522201
BNIP3L,0.94834536,0.9502696,0.9520509,0.95249027,0.9526006,0.95420015,0.9531477,0.99999696,0.9514395,0.95174557,0.95103395,0.95045924,0.95067805,0.9504629,0.951544,0.94937545,0.9526794,0.95261765,0.9495215,0.94847435,0.9475069,0.95136744,0.9511907,0.95302963,0.9507545,0.94985867,0.9499836,0.9502631,0.94990563,0.95139635,0.95314074,0.95032537,0.9476891,0.95000315,0.9489444,0.95279175,0.9526696,0.95429754,0.9501257,0.95448685,0.95233476,0.95302486,0.9483373,0.9511463,0.9502605,0.947843,0.94961,0.95334363,0.94915277,0.94849724,0.9480278,0.9547754,0.95012593,0.9505992,0.9508582,0.9509921,0.95290196,0.950943,0.9501921,0.9509933,0.95122105,0.95170194,0.95014375,0.9511244,0.94801545,0.9506415,0.9515793,0.95347816,0.9475936,0.94754046,0.9512273,0.9499961,0.94985545,0.951663,0.9487702,0.9512478,0.95319664,0.9524785,0.95077515,0.95215577,0.9502631,0.9500782,0.9484953,0.94943964,0.95121527,0.95093197,0.95097667,0.95439863,0.94680095,0.95373017,0.948425,0.94873023,0.9498937,0.9509025,0.950458,0.95325637,0.9485737,0.95302784,0.952975,0.9506272
BTLA,0.9482141,0.95172495,0.9520864,0.95245624,0.9508169,0.95782506,0.95133466,0.9514395,0.9999892,0.9502269,0.9490306,0.9513814,0.9486078,0.94775957,0.94787735,0.9496806,0.95181036,0.95356727,0.9502847,0.94682914,0.9452935,0.95092344,0.95150477,0.9565492,0.9487097,0.9476318,0.9506129,0.94883144,0.9515576,0.94960105,0.9584407,0.9505194,0.94858164,0.9483469,0.9481293,0.950819,0.9504122,0.9565682,0.9519175,0.9536307,0.9508498,0.9501233,0.94912916,0.9503198,0.94607246,0.9467827,0.94926023,0.9552167,0.94961405,0.9498685,0.9464577,0.9570153,0.94565827,0.9490118,0.95022446,0.94673586,0.95078206,0.9547646,0.95035356,0.9491307,0.9475058,0.9537174,0.9514374,0.9519001,0.9443081,0.9489612,0.9499521,0.9502007,0.9463856,0.9487543,0.9538735,0.94978416,0.94972616,0.94994205,0.9487481,0.9520692,0.9501678,0.95258826,0.949845,0.9527142,0.9535123,0.9503994,0.9470307,0.9489836,0.9518963,0.948031,0.95305455,0.94899935,0.94366765,0.9527963,0.9490811,0.9502263,0.95228446,0.9512644,0.9491935,0.9516653,0.94595224,0.9520832,0.95804834,0.95013285
C11orf1,0.9523319,0.95233184,0.951585,0.95123637,0.9566081,0.9502524,0.94819397,0.95174557,0.9502269,0.99999994,0.9548497,0.953792,0.95657116,0.9537767,0.9519881,0.9526715,0.9556139,0.95029813,0.9478343,0.94831914,0.95183146,0.95812917,0.94699705,0.95121473,0.947358,0.95010513,0.95235175,0.95635194,0.95749253,0.9508379,0.9517858,0.9497016,0.9538311,0.9487691,0.95001715,0.9464314,0.9489049,0.9472335,0.9531839,0.9482682,0.94509673,0.94945943,0.9497869,0.9463281,0.94760406,0.9488841,0.9474603,0.94929147,0.9517281,0.9536551,0.9504706,0.95055354,0.94986993,0.9484984,0.9461437,0.9518332,0.9531057,0.9520697,0.9519765,0.947138,0.95615315,0.9538405,0.9486862,0.9528594,0.9493115,0.952067,0.94947267,0.9473883,0.9447001,0.95338106,0.95113313,0.9482223,0.95416784,0.95775634,0.94897103,0.9591322,0.95162207,0.9483821,0.94943386,0.9509725,0.94885147,0.9538644,0.9498826,0.954211,0.95397633,0.9507779,0.9580386,0.95596004,0.9487695,0.9466808,0.9487213,0.95150745,0.9564998,0.9477432,0.9488975,0.9560275,0.9487758,0.9506276,0.9492258,0.9550051
C12orf76,0.95227784,0.94583005,0.9493214,0.95281017,0.96276706,0.95057476,0.9546958,0.95103395,0.9490306,0.9548497,0.9999971,0.9514183,0.9528784,0.952947,0.9556969,0.95367604,0.953477,0.9536541,0.95297796,0.94868785,0.9509737,0.9530511,0.9492956,0.95001024,0.9492468,0.9508423,0.95095557,0.9493776,0.9520196,0.95245653,0.9493021,0.94931704,0.95144856,0.9482774,0.9472566,0.9539828,0.9525771,0.9537064,0.94746244,0.95190525,0.9515754,0.9488705,0.95034933,0.9548058,0.9518266,0.94903386,0.9480671,0.95006275,0.9508673,0.95059526,0.9466921,0.9525078,0.95705855,0.9480678,0.95211124,0.9546566,0.9576578,0.9471169,0.9499278,0.9529592,0.95129156,0.95674276,0.95264846,0.950343,0.94947153,0.95002747,0.95202935,0.95115614,0.95116436,0.9505749,0.947604,0.9488114,0.9507001,0.955657,0.9509599,0.9541056,0.9499445,0.9550424,0.94967014,0.9497923,0.95107,0.9507925,0.9500133,0.95434296,0.9505088,0.9559939,0.95536894,0.96050656,0.9483991,0.95539546,0.9481542,0.9503191,0.95641387,0.95028603,0.9480762,0.9556124,0.9485561,0.95211226,0.95016766,0.95371395
CA1,0.9491069,0.9521502,0.9514562,0.95093215,0.9548774,0.9525279,0.9479672,0.95045924,0.9513814,0.953792,0.9514183,0.99999934,0.95185554,0.9544296,0.9535105,0.9500936,0.95190424,0.9489305,0.9515779,0.9516624,0.94828737,0.9546374,0.9478772,0.9497464,0.954495,0.9475925,0.95162255,0.9541303,0.95212394,0.95099145,0.95070195,0.9538699,0.9562891,0.95164996,0.9554617,0.9476967,0.9527784,0.95000285,0.95451254,0.9485796,0.951783,0.9541617,0.95200413,0.94916385,0.9511087,0.9493846,0.95113283,0.9473722,0.9525342,0.9499525,0.95162237,0.9492205,0.9499435,0.952359,0.9491521,0.95135885,0.95417726,0.9505678,0.9557634,0.9476807,0.9512668,0.957366,0.9523591,0.9533471,0.94932795,0.952891,0.9511803,0.945506,0.9495255,0.9562342,0.949841,0.9491787,0.951306,0.95590293,0.9530823,0.9551861,0.9527838,0.94834715,0.9539857,0.95214283,0.95339197,0.95478153,0.95253414,0.95257896,0.9496025,0.9491932,0.9547162,0.95230955,0.95018965,0.94579154,0.95177186,0.9526851,0.9564899,0.9507798,0.9525427,0.955213,0.95350516,0.94919175,0.9487348,0.9554646
CCNB1,0.95699954,0.95089775,0.9490004,0.94902855,0.95409656,0.9473992,0.9521407,0.95067805,0.9486078,0.95657116,0.9528784,0.95185554,0.9999905,0.9543984,0.9516442,0.9559219,0.95206505,0.9502711,0.9474364,0.9501222,0.95489025,0.95562243,0.94877106,0.9481263,0.94514066,0.9526631,0.9499723,0.9549852,0.960443,0.95293844,0.9475585,0.95111364,0.9542992,0.9477545,0.9505612,0.948404,0.9490815,0.9458972,0.95110947,0.94696873,0.9465906,0.94811505,0.94614184,0.947244,0.94874656,0.9499409,0.94645184,0.9478316,0.9508635,0.95515436,0.95110726,0.9473359,0.95598125,0.94829726,0.94713974,0.9514024,0.95475715,0.94983137,0.9513724,0.9489365,0.95519215,0.95463085,0.9509188,0.94896585,0.95213866,0.9520548,0.950228,0.9478448,0.9483355,0.955733,0.9475012,0.944512,0.9525846,0.9558712,0.9528126,0.95824504,0.94799435,0.94737446,0.9508307,0.94945586,0.9473663,0.9496446,0.95136887,0.95605874,0.95150197,0.9529308,0.95366704,0.9524573,0.9491145,0.9456865,0.9509143,0.9511881,0.95600516,0.9519267,0.9479112,0.9542903,0.94897586,0.9517614,0.9450729,0.9577905
CCPG1,0.9512343,0.94849056,0.95118856,0.95165694,0.9556144,0.94926393,0.9502402,0.9504629,0.94775957,0.9537767,0.952947,0.9544296,0.9543984,1.0000018,0.95686245,0.9522966,0.953017,0.9470763,0.95366395,0.9524017,0.9555607,0.95525897,0.9486217,0.94719946,0.95281935,0.9526452,0.95103216,0.9535631,0.95375675,0.9532629,0.9474933,0.95174134,0.9552834,0.9517924,0.95332706,0.94682026,0.9527899,0.94883394,0.9530839,0.94555444,0.94973034,0.95320916,0.95468676,0.9521258,0.9540633,0.94995844,0.9508447,0.94667214,0.9513888,0.9501251,0.9525897,0.950149,0.9575171,0.94956076,0.94955224,0.9559023,0.9546587,0.94831365,0.95306426,0.952564,0.95514303,0.9560522,0.9519007,0.95147556,0.9528483,0.9543887,0.9504454,0.94763887,0.9522842,0.95669585,0.9469007,0.94885325,0.9514572,0.95797706,0.95735323,0.9549682,0.9518111,0.9468711,0.95252514,0.9489522,0.9473467,0.95220804,0.95401037,0.95474166,0.95059586,0.9535951,0.95235485,0.95690966,0.95320284,0.9487436,0.95079786,0.95264274,0.95552796,0.95096934,0.950431,0.95601285,0.95151025,0.94927603,0.94493747,0.9594616
CD8A,0.95043874,0.9472818,0.94975495,0.95534456,0.9588173,0.95319307,0.9531137,0.951544,0.94787735,0.9519881,0.9556969,0.9535105,0.9516442,0.95686245,1.0000112,0.9542382,0.95303833,0.94876,0.95153534,0.94800705,0.947518,0.9527072,0.94446903,0.94731295,0.95116574,0.95247924,0.9510356,0.95068383,0.9535117,0.9581931,0.9470193,0.9492335,0.95690626,0.9480224,0.95092595,0.9509885,0.95204955,0.94904506,0.9519662,0.94753665,0.9539318,0.9501795,0.9565586,0.95182717,0.9585466,0.94862264,0.94839025,0.945116,0.9507092,0.9498356,0.94818676,0.9507855,0.9574707,0.9498592,0.9533765,0.9626075,0.9556424,0.94864863,0.9525695,0.9525703,0.95133007,0.9626726,0.95438987,0.95191014,0.9527958,0.95427054,0.9489727,0.9496367,0.9534719,0.95964116,0.94678485,0.9480944,0.9491529,0.95812625,0.95513123,0.9556768,0.9559468,0.94954294,0.95184773,0.9521233,0.9520052,0.95003814,0.953843,0.9539496,0.9462407,0.95242894,0.9526798,0.96056426,0.95396465,0.95104873,0.95021015,0.9558545,0.9596534,0.9499615,0.95006615,0.9541819,0.95393825,0.9504547,0.94754,0.9550152
CDHR5,0.9511465,0.9499619,0.9484193,0.9528258,0.9513534,0.9511621,0.9544232,0.94937545,0.9496806,0.9526715,0.95367604,0.9500936,0.9559219,0.9522966,0.9542382,0.9999958,0.9522386,0.950772,0.94898975,0.950043,0.9522433,0.95153487,0.9480217,0.9479171,0.94767505,0.95472276,0.94795704,0.94855773,0.95605546,0.9490861,0.9475115,0.9495199,0.9511062,0.9478079,0.949207,0.9507677,0.9522344,0.95087004,0.9495644,0.94799626,0.949792,0.94651735,0.9491967,0.95074874,0.9458624,0.9506813,0.9470324,0.94887257,0.94988036,0.9558091,0.9491453,0.94927996,0.95633435,0.9494493,0.9515366,0.95276254,0.95310575,0.95073223,0.9491105,0.95358014,0.9536995,0.9561453,0.9545557,0.9493253,0.95456344,0.95290667,0.9487907,0.95477587,0.9470244,0.9541022,0.9473467,0.94395274,0.9516422,0.952441,0.95084363,0.9516237,0.94933736,0.9516362,0.9513264,0.94875085,0.9474155,0.94993746,0.9522825,0.9529843,0.9511288,0.9525597,0.9493739,0.9556258,0.9486542,0.95133716,0.9519118,0.9527714,0.95799774,0.950915,0.9461496,0.9553687,0.9490361,0.9518583,0.94765705,0.95372283
CDK10,0.94882846,0.95142704,0.95269674,0.9527925,0.954697,0.952741,0.94961184,0.9526794,0.95181036,0.9556139,0.953477,0.95190424,0.95206505,0.953017,0.95303833,0.9522386,1.0000052,0.9517633,0.95117503,0.94937825,0.9543179,0.95492876,0.949976,0.9534197,0.94992787,0.9503341,0.9512693,0.9541562,0.95200217,0.9520481,0.9533144,0.9495227,0.9507946,0.94975364,0.9510817,0.95139086,0.9533179,0.95348364,0.9560772,0.94956666,0.95083034,0.95139164,0.95382017,0.9506361,0.94916683,0.9475063,0.95055807,0.9515263,0.9500103,0.94769865,0.9487103,0.9523623,0.9489453,0.9498221,0.95101243,0.95154035,0.9550795,0.95119745,0.9522551,0.9523317,0.95316803,0.9557711,0.951641,0.95419365,0.9492291,0.95083296,0.95166457,0.94863397,0.9481751,0.953657,0.95171225,0.95192415,0.9526477,0.95546997,0.9506516,0.95446914,0.9543304,0.9503287,0.9516705,0.9524538,0.95201355,0.952216,0.9507802,0.95293343,0.95300937,0.9536811,0.953965,0.955517,0.94877416,0.9512216,0.9486927,0.9516123,0.955765,0.95157784,0.94811755,0.95622194,0.9499323,0.95072925,0.95226914,0.9552732
CLIC5,0.955781,0.9471788,0.9496426,0.9527781,0.95604134,0.95354754,0.95548195,0.95261765,0.95356727,0.95029813,0.9536541,0.9489305,0.9502711,0.9470763,0.94876,0.950772,0.9517633,1.0000012,0.94689983,0.94426143,0.94637907,0.9489911,0.95194715,0.9538484,0.9455568,0.94846284,0.9508305,0.94659305,0.95006,0.95001173,0.95452803,0.94721293,0.9460498,0.94834423,0.944755,0.9600304,0.94803417,0.95660543,0.94353867,0.954918,0.952444,0.9468812,0.94268054,0.9507395,0.9458594,0.9452497,0.9480189,0.95334625,0.9503817,0.94743425,0.94248337,0.957036,0.94918513,0.9484421,0.9513845,0.94480187,0.9573455,0.9493767,0.94794184,0.9467174,0.9504575,0.9531664,0.94739795,0.947896,0.94091946,0.9445854,0.9522043,0.9550524,0.94891775,0.938082,0.9519603,0.9545319,0.9523315,0.9462771,0.94602257,0.9526046,0.94876575,0.95470256,0.9492871,0.95203596,0.9528537,0.9460245,0.93908906,0.94873035,0.95266306,0.9553474,0.95244336,0.9532751,0.94494903,0.962343,0.9430774,0.94402665,0.95310223,0.95376354,0.9492585,0.94548845,0.9436688,0.9508469,0.9578484,0.94593453
CYB5R1,0.94452137,0.94879675,0.9487938,0.95228875,0.95226693,0.94976705,0.95464706,0.9495215,0.9502847,0.9478343,0.95297796,0.9515779,0.9474364,0.95366395,0.95153534,0.94898975,0.95117503,0.94689983,0.99999577,0.9508243,0.9552684,0.9511577,0.94947475,0.9473825,0.9534486,0.95290715,0.9479599,0.94944745,0.94752413,0.95216423,0.9471699,0.95220697,0.94818336,0.94979495,0.95254034,0.94814473,0.95639396,0.9524685,0.952468,0.94701624,0.9517275,0.9523303,0.9555567,0.95886755,0.95115393,0.9517097,0.95181835,0.9495986,0.95059925,0.94846696,0.95074475,0.9511251,0.9558387,0.95247465,0.95349777,0.9535308,0.95359415,0.94649965,0.95169985,0.957436,0.9504104,0.9517828,0.95470095,0.95090646,0.95500946,0.9553253,0.95009315,0.95498323,0.9499342,0.95429885,0.94789654,0.947368,0.94927657,0.95173347,0.95610166,0.94735956,0.9526577,0.9515677,0.95141727,0.9479656,0.9465915,0.9504334,0.9569569,0.9538966,0.9500549,0.9502988,0.94773126,0.9527162,0.9502418,0.95213664,0.95288855,0.9525368,0.95025074,0.9505804,0.95044065,0.9544939,0.9494137,0.94881433,0.9487925,0.9564003
CYP20A1,0.9488891,0.9477344,0.94789624,0.94787645,0.948042,0.94530904,0.94832927,0.94847435,0.94682914,0.94831914,0.94868785,0.9516624,0.9501222,0.9524017,0.94800705,0.950043,0.94937825,0.94426143,0.9508243,0.9999906,0.95250607,0.95072407,0.94750655,0.9466829,0.95217127,0.95020276,0.9473345,0.9502727,0.94846076,0.9485933,0.9459695,0.9531327,0.95048594,0.9546007,0.9536935,0.9460308,0.951004,0.94560045,0.9504499,0.94640183,0.9478983,0.9508838,0.95059556,0.949668,0.95015836,0.95503044,0.9493361,0.9463798,0.9501072,0.94879895,0.9540267,0.94500166,0.9509933,0.9505452,0.9482998,0.95068526,0.9477432,0.9476397,0.9518882,0.95050275,0.9511406,0.94801986,0.949718,0.95059955,0.95301795,0.9506898,0.9491496,0.94709384,0.95105827,0.9522862,0.94604826,0.94720787,0.949976,0.9503277,0.95118564,0.94800985,0.94983447,0.94630206,0.9522889,0.9461093,0.9462068,0.9510124,0.95267934,0.94861877,0.9484842,0.94818926,0.94757736,0.94975674,0.9516123,0.94475377,0.95055735,0.9492184,0.94853103,0.9492755,0.95428574,0.95122015,0.9520338,0.9479854,0.9459274,0.9511629
DMRT1,0.9527307,0.94880134,0.9468049,0.9482643,0.9486301,0.9420485,0.9501398,0.9475069,0.9452935,0.95183146,0.9509737,0.94828737,0.95489025,0.9555607,0.947518,0.9522433,0.9543179,0.94637907,0.9552684,0.95250607,1.0000095,0.9519233,0.94964075,0.9457758,0.94970113,0.9535377,0.9464486,0.9521033,0.9528385,0.94907755,0.94611716,0.9492204,0.9493776,0.9501407,0.9490204,0.94538516,0.95123166,0.9469624,0.9520904,0.94376177,0.9454596,0.9482255,0.9531017,0.95250535,0.9476539,0.95203763,0.9491052,0.948176,0.9484785,0.9500347,0.95320755,0.9465773,0.9543405,0.94707036,0.9474522,0.9521445,0.9510957,0.94710416,0.94683653,0.95453244,0.9568359,0.94760126,0.9508202,0.95131546,0.95756274,0.9522722,0.9486836,0.9522141,0.950146,0.9526681,0.9473081,0.94970536,0.95256907,0.95301044,0.9510365,0.950776,0.9493235,0.9466717,0.9485306,0.9456824,0.9417397,0.9505485,0.9532299,0.954864,0.9528477,0.9522223,0.9469937,0.9538459,0.949679,0.9483111,0.9522357,0.9489318,0.95184755,0.94903904,0.94841397,0.9557116,0.948703,0.94838953,0.9447245,0.95613694
DPF3,0.95296913,0.9517674,0.9502231,0.951848,0.95399404,0.95128417,0.948822,0.95136744,0.95092344,0.95812917,0.9530511,0.9546374,0.95562243,0.95525897,0.9527072,0.95153487,0.95492876,0.9489911,0.9511577,0.95072407,0.9519233,0.9999996,0.9497936,0.95028424,0.95197237,0.9499846,0.95173395,0.9543249,0.95466393,0.95149195,0.94999397,0.95226765,0.95673275,0.950787,0.95295626,0.94680357,0.95441926,0.94865537,0.9557566,0.9483916,0.9476724,0.95271254,0.9532587,0.9507406,0.9489879,0.9504103,0.95017046,0.9467118,0.9535034,0.950608,0.95168126,0.9486247,0.95010865,0.95114744,0.9481119,0.951239,0.9534097,0.9508449,0.95439523,0.9498395,0.9558756,0.9553856,0.9514974,0.9531843,0.95007384,0.9537006,0.95124453,0.94684494,0.9485315,0.9558612,0.9499058,0.9488419,0.95283926,0.95676124,0.9526291,0.9574787,0.95300573,0.94660825,0.9536649,0.9519757,0.948828,0.9543766,0.95327014,0.9566805,0.9523558,0.9495388,0.95466274,0.95284605,0.9507385,0.94737047,0.95016253,0.95333195,0.95697254,0.9522743,0.94993526,0.956097,0.9504851,0.95036095,0.9479135,0.9570669
DST,0.95198756,0.9486073,0.9501246,0.9500944,0.94945115,0.9505169,0.9499096,0.9511907,0.95150477,0.94699705,0.9492956,0.9478772,0.94877106,0.9486217,0.94446903,0.9480217,0.949976,0.95194715,0.94947475,0.94750655,0.94964075,0.9497936,1.0000072,0.9523524,0.9488995,0.9474486,0.94913703,0.94775534,0.94875455,0.94620013,0.9524949,0.94870454,0.94720316,0.9487585,0.9470128,0.9510211,0.9490767,0.95313346,0.94777143,0.94999176,0.9496942,0.9481616,0.94848233,0.9506682,0.9473401,0.9471193,0.95217615,0.9541708,0.9491095,0.9465995,0.9473847,0.9522541,0.9472897,0.9494135,0.9479402,0.9451019,0.9498384,0.9508405,0.94954646,0.9489997,0.9481547,0.948594,0.9488584,0.94950706,0.9433068,0.946019,0.9535779,0.9495978,0.94991595,0.9434155,0.9528343,0.950677,0.9488261,0.9482704,0.9474394,0.949239,0.9478205,0.9505607,0.94930625,0.9492325,0.95038235,0.9483477,0.9458229,0.9506629,0.9507651,0.94967526,0.94961405,0.946046,0.94513035,0.95149505,0.9470903,0.94751924,0.9490744,0.95082164,0.9486247,0.9495204,0.94503653,0.95025015,0.95334685,0.94807315
DTX1,0.94941777,0.95259017,0.9505366,0.952313,0.9506093,0.95661986,0.9478642,0.95302963,0.9565492,0.95121473,0.95001024,0.9497464,0.9481263,0.94719946,0.94731295,0.9479171,0.9534197,0.9538484,0.9473825,0.9466829,0.9457758,0.95028424,0.9523524,1.0000074,0.94790953,0.9480714,0.9516516,0.9515001,0.9528858,0.94743484,0.9594072,0.94963443,0.9491819,0.94850117,0.9489558,0.9523722,0.9491747,0.95534647,0.94869614,0.95123893,0.94881505,0.9499012,0.94848084,0.947097,0.94434416,0.94635034,0.9495785,0.95792055,0.9493003,0.94774675,0.94589174,0.9566788,0.94481784,0.9498189,0.9455403,0.9461252,0.9509743,0.9576224,0.95072734,0.947947,0.94881535,0.9517086,0.94711477,0.9519445,0.9429083,0.9465537,0.9521732,0.9472484,0.9460752,0.946819,0.955815,0.950354,0.9513077,0.95109504,0.94360995,0.9514567,0.95049596,0.9508013,0.94869787,0.9529469,0.9552679,0.94991165,0.9457654,0.94896555,0.9526837,0.95243263,0.954518,0.94884765,0.9396214,0.95030797,0.94716924,0.9493996,0.9508121,0.94903535,0.94859385,0.94942904,0.9447889,0.95197564,0.9577247,0.9491167
EHF,0.9450613,0.9496778,0.9516825,0.9499443,0.9493248,0.9496442,0.9480279,0.9507545,0.9487097,0.947358,0.9492468,0.954495,0.94514066,0.95281935,0.95116574,0.94767505,0.94992787,0.9455568,0.9534486,0.95217127,0.94970113,0.95197237,0.9488995,0.94790953,1.0000001,0.94992477,0.94929814,0.95078063,0.94553363,0.9498381,0.94884765,0.9536695,0.9522173,0.95286846,0.95379835,0.9477109,0.9535746,0.9483341,0.9527146,0.9483174,0.95089,0.95491916,0.9540976,0.9524492,0.95142525,0.95115507,0.9541157,0.94775546,0.95210207,0.9477632,0.95162886,0.94800377,0.9495051,0.9543451,0.95060664,0.9504609,0.9489203,0.94870996,0.95378643,0.95235956,0.9492749,0.9502858,0.95226854,0.9525161,0.9513037,0.9544567,0.95111793,0.9491477,0.95312893,0.9517937,0.94987416,0.9498468,0.9488341,0.94918525,0.95072025,0.9474839,0.9542753,0.9499892,0.9530974,0.9504781,0.95262134,0.95146304,0.95262134,0.9502004,0.9470197,0.9475311,0.9475634,0.95148534,0.9498178,0.9481538,0.95416033,0.9555662,0.9468862,0.95021176,0.9517435,0.9502606,0.9508713,0.9495006,0.94900453,0.9505475
EHMT1,0.9513302,0.9473573,0.9464759,0.9531853,0.95049924,0.9502997,0.95163226,0.94985867,0.9476318,0.95010513,0.9508423,0.9475925,0.9526631,0.9526452,0.95247924,0.95472276,0.9503341,0.94846284,0.95290715,0.95020276,0.9535377,0.9499846,0.9474486,0.9480714,0.94992477,1.000005,0.9494426,0.94845027,0.9555941,0.9483304,0.9478183,0.94932634,0.9500318,0.947655,0.95056915,0.9510859,0.9516198,0.9496169,0.9495483,0.9439765,0.94882756,0.9472323,0.9529795,0.95136523,0.9476509,0.9503823,0.94875395,0.9492687,0.9484016,0.952044,0.9503492,0.9499111,0.9564977,0.9489081,0.9490293,0.9520003,0.95146686,0.9506066,0.94903916,0.953665,0.952503,0.95344245,0.9514654,0.9496349,0.95575583,0.95010906,0.9492509,0.95201755,0.9484032,0.9520246,0.9478355,0.9469859,0.94794726,0.9528374,0.9504764,0.9478587,0.95100397,0.9477717,0.94814694,0.9501357,0.94710237,0.9466717,0.95279074,0.95172447,0.9502973,0.9550812,0.94963956,0.9519959,0.94773114,0.9503285,0.95201075,0.95292616,0.9514098,0.9501382,0.9472599,0.951704,0.9480372,0.95027304,0.94732994,0.9535806
ELOF1,0.95300215,0.95305645,0.9506414,0.9558982,0.95565444,0.9555207,0.94644487,0.9499836,0.9506129,0.95235175,0.95095557,0.95162255,0.9499723,0.95103216,0.9510356,0.94795704,0.9512693,0.9508305,0.9479599,0.9473345,0.9464486,0.95173395,0.94913703,0.9516516,0.94929814,0.9494426,0.9999932,0.95281655,0.95353645,0.949933,0.9512619,0.948292,0.9527002,0.9485881,0.9491631,0.9478958,0.94995075,0.9531834,0.95197153,0.94991577,0.948746,0.9503787,0.9527933,0.94697756,0.94967544,0.9456872,0.9501936,0.94938457,0.9502691,0.9501735,0.9443053,0.9533961,0.94849646,0.9495659,0.9469105,0.9496637,0.9522838,0.9532242,0.952472,0.9483594,0.94826853,0.95514727,0.9494616,0.9524935,0.9452052,0.9487612,0.951039,0.9470903,0.94787204,0.9497085,0.9536054,0.9504588,0.95055753,0.9521655,0.9500033,0.95208603,0.9499753,0.94813025,0.9484483,0.9540919,0.9540468,0.9497372,0.9495371,0.9507372,0.950379,0.9512338,0.95670396,0.9496222,0.9489992,0.95096225,0.9473924,0.95257366,0.95334965,0.94812876,0.94933814,0.9506683,0.94841164,0.9505111,0.95140105,0.95182127
FAHD1,0.95150554,0.9533657,0.9527446,0.94929343,0.95183164,0.94881094,0.9457973,0.9502631,0.94883144,0.95635194,0.9493776,0.9541303,0.9549852,0.9535631,0.95068383,0.94855773,0.9541562,0.94659305,0.94944745,0.9502727,0.9521033,0.9543249,0.94775534,0.9515001,0.95078063,0.94845027,0.95281655,0.9999924,0.9528389,0.95148635,0.9510844,0.95196474,0.9551648,0.9508655,0.9532167,0.947094,0.9514827,0.94778466,0.9555251,0.9471076,0.9473933,0.9528209,0.9547548,0.94750273,0.9488831,0.9497839,0.95127094,0.94817203,0.95059615,0.95179856,0.9514998,0.9475337,0.9502168,0.9488873,0.94759166,0.94918025,0.950877,0.95273113,0.9528619,0.94899184,0.95362645,0.952911,0.95073754,0.9527866,0.9497282,0.9519603,0.9494908,0.9440617,0.94694257,0.9540919,0.9525666,0.9504167,0.9528876,0.9565475,0.9520457,0.95765525,0.9538721,0.9456565,0.95040274,0.9517031,0.9520584,0.9521067,0.9529658,0.95369124,0.9523081,0.9484475,0.9541923,0.95173573,0.95007026,0.94407475,0.9498112,0.9540519,0.9536278,0.9498689,0.9496659,0.95441264,0.95126975,0.94962746,0.9489976,0.95469624
FAM208A,0.95807236,0.95321894,0.9456061,0.95154154,0.9542398,0.9522018,0.9479884,0.94990563,0.9515576,0.95749253,0.9520196,0.95212394,0.960443,0.95375675,0.9535117,0.95605546,0.95200217,0.95006,0.94752413,0.94846076,0.9528385,0.95466393,0.94875455,0.9528858,0.94553363,0.9555941,0.95353645,0.9528389,0.9999981,0.9458788,0.9519817,0.94880426,0.9547943,0.94757116,0.95079976,0.95195025,0.9482928,0.9523851,0.9525557,0.9460367,0.94253004,0.9457328,0.94990206,0.9466111,0.9425111,0.94772476,0.94679666,0.951189,0.9497362,0.9559211,0.9493867,0.9535723,0.9523176,0.9465827,0.9420985,0.95023453,0.95530796,0.95783687,0.9506545,0.9485268,0.95509624,0.95735526,0.94960976,0.9510956,0.9494104,0.94976634,0.9496651,0.94673365,0.94742054,0.9557711,0.9502348,0.9470623,0.95190775,0.95639634,0.9490655,0.95770264,0.94686353,0.9477439,0.9498051,0.95164925,0.9492997,0.9500299,0.95128155,0.95585734,0.9547022,0.95823705,0.9570882,0.9528481,0.94342566,0.9470873,0.950949,0.9530907,0.9593974,0.94782174,0.947568,0.95528466,0.94634944,0.9537382,0.94924426,0.95610416
FAM229B,0.94588995,0.94877976,0.95188355,0.95072025,0.95490843,0.95172393,0.9532259,0.95139635,0.94960105,0.9508379,0.95245653,0.95099145,0.95293844,0.9532629,0.9581931,0.9490861,0.9520481,0.95001173,0.95216423,0.9485933,0.94907755,0.95149195,0.94620013,0.94743484,0.9498381,0.9483304,0.949933,0.95148635,0.9458788,1.0000032,0.9474865,0.94990236,0.94745445,0.94942164,0.9505351,0.9493083,0.9533509,0.9513009,0.95294577,0.9510383,0.95804524,0.9537715,0.95223856,0.95246947,0.96237993,0.94873554,0.9483576,0.945419,0.9500544,0.9472289,0.9495846,0.94974625,0.9518406,0.95076877,0.95802826,0.9563448,0.95410687,0.9426575,0.95016897,0.95063764,0.95099753,0.95452875,0.9524707,0.9501089,0.95058936,0.9527982,0.94837,0.9530486,0.9510145,0.95318425,0.9470298,0.94963807,0.95010966,0.9511595,0.9553741,0.95447344,0.95437133,0.95060325,0.95052284,0.94912976,0.94944656,0.95111674,0.95205265,0.95216984,0.9483728,0.94801944,0.9493226,0.9568245,0.9607028,0.95252895,0.9478317,0.94834566,0.9520955,0.9507195,0.9510057,0.9525118,0.95396817,0.94838417,0.94613683,0.95283484
FSD1,0.9473864,0.9531101,0.95107853,0.95008105,0.94904804,0.95708513,0.94584143,0.95314074,0.9584407,0.9517858,0.9493021,0.95070195,0.9475585,0.9474933,0.9470193,0.9475115,0.9533144,0.95452803,0.9471699,0.9459695,0.94611716,0.94999397,0.9524949,0.9594072,0.94884765,0.9478183,0.9512619,0.9510844,0.9519817,0.9474865,1.0000072,0.950054,0.9482133,0.9502258,0.94935054,0.9508777,0.9493717,0.9563746,0.95175433,0.9513873,0.9487754,0.95050573,0.9491862,0.9472924,0.94479,0.9462035,0.95021695,0.9592879,0.95067304,0.9483134,0.9473524,0.9555693,0.942993,0.94952875,0.94672495,0.9450614,0.9501233,0.95892745,0.9493169,0.9469216,0.94838786,0.9510858,0.94932944,0.9530948,0.94331765,0.94897324,0.9518493,0.94670016,0.94494855,0.9472189,0.95536876,0.95360327,0.9513953,0.94898355,0.9449788,0.95111036,0.9507382,0.9510857,0.9485099,0.95444876,0.9550102,0.9515135,0.9446295,0.9493882,0.9548132,0.9486115,0.9535916,0.9484978,0.94045085,0.94966286,0.94887984,0.9482361,0.95008355,0.9502528,0.9501225,0.9505385,0.94674915,0.9525228,0.957129,0.94803524
GLI3,0.94553983,0.95137024,0.95012045,0.94919205,0.94908583,0.94942737,0.9487587,0.95032537,0.9505194,0.9497016,0.94931704,0.9538699,0.95111364,0.95174134,0.9492335,0.9495199,0.9495227,0.94721293,0.95220697,0.9531327,0.9492204,0.95226765,0.94870454,0.94963443,0.9536695,0.94932634,0.948292,0.95196474,0.94880426,0.94990236,0.950054,1.0000036,0.95015895,0.95217484,0.954908,0.94837093,0.9511788,0.9487689,0.952074,0.94945645,0.9496535,0.95262647,0.95032203,0.9508685,0.95001435,0.9531766,0.9510529,0.94830865,0.95195144,0.9496828,0.9533528,0.9483184,0.9489826,0.95352536,0.94944423,0.95035547,0.94793975,0.9506306,0.9518069,0.95136136,0.95073795,0.94924366,0.9522781,0.9502369,0.9497436,0.95262325,0.94962287,0.9480649,0.9500069,0.9518789,0.95055634,0.94676447,0.9491539,0.9501451,0.948493,0.949434,0.9517307,0.94916916,0.9515217,0.9499822,0.94945854,0.9533539,0.9534482,0.95056164,0.9484288,0.9462414,0.94986534,0.94915634,0.94942087,0.94677174,0.9514563,0.95228434,0.9488264,0.95032054,0.9520365,0.9504004,0.95223093,0.9499301,0.94867015,0.9503568
HDHD3,0.9542522,0.95088303,0.9508486,0.9501545,0.95353085,0.9495354,0.9422197,0.9476891,0.94858164,0.9538311,0.95144856,0.9562891,0.9542992,0.9552834,0.95690626,0.9511062,0.9507946,0.9460498,0.94818336,0.95048594,0.9493776,0.95673275,0.94720316,0.9491819,0.9522173,0.9500318,0.9527002,0.9551648,0.9547943,0.94745445,0.9482133,0.95015895,0.99999046,0.9495622,0.9528099,0.9464434,0.95061433,0.94658816,0.9558978,0.9451346,0.94708896,0.9518345,0.9548811,0.9463712,0.95167917,0.9493724,0.95159733,0.94502944,0.9514371,0.9507437,0.95059144,0.94808036,0.9524091,0.9506097,0.94391197,0.95321816,0.95050526,0.9532626,0.95673794,0.9492141,0.9505413,0.9567804,0.9526005,0.9537747,0.9488749,0.9520252,0.95061,0.9411897,0.9521424,0.957787,0.9513531,0.9493799,0.95105857,0.9570444,0.9542843,0.9554294,0.9515821,0.9432886,0.9529753,0.9536345,0.9527643,0.9524199,0.9529805,0.95505965,0.94920456,0.95163614,0.95438313,0.9504198,0.9503611,0.94281846,0.9507776,0.955676,0.9565967,0.95197946,0.94966084,0.95361793,0.95379746,0.9505568,0.9481081,0.9557121
HIST1H4I,0.9468554,0.9505701,0.9504156,0.9471835,0.9471251,0.94771445,0.9483313,0.95000315,0.9483469,0.9487691,0.9482774,0.95164996,0.9477545,0.9517924,0.9480224,0.9478079,0.94975364,0.94834423,0.94979495,0.9546007,0.9501407,0.950787,0.9487585,0.94850117,0.95286846,0.947655,0.9485881,0.9508655,0.94757116,0.94942164,0.9502258,0.95217484,0.9495622,1.0000029,0.9528258,0.9468718,0.9518917,0.94818234,0.9496954,0.94871986,0.9503389,0.9516546,0.94932306,0.9481598,0.949653,0.95381,0.9501848,0.94772774,0.95142204,0.94756657,0.95205784,0.94866717,0.94676733,0.95097136,0.94989777,0.94848764,0.9475325,0.9487166,0.9507009,0.9501614,0.94952327,0.9464785,0.9484036,0.9508303,0.9507916,0.9521714,0.9495217,0.94913644,0.95038563,0.9484693,0.950048,0.9506217,0.9498885,0.94885296,0.9499098,0.9475558,0.9517133,0.94792175,0.9532708,0.94813025,0.9486932,0.95188904,0.9500421,0.9491628,0.9486322,0.94766563,0.94802976,0.9498558,0.9504161,0.94791985,0.95172703,0.94941056,0.94746304,0.9502184,0.9556967,0.9495132,0.9498018,0.94937605,0.94851,0.9480717
HSPA4,0.946507,0.95048416,0.9505782,0.95025015,0.94848573,0.9498285,0.9469754,0.9489444,0.9481293,0.95001715,0.9472566,0.9554617,0.9505612,0.95332706,0.95092595,0.949207,0.9510817,0.944755,0.95254034,0.9536935,0.9490204,0.95295626,0.9470128,0.9489558,0.95379835,0.95056915,0.9491631,0.9532167,0.95079976,0.9505351,0.94935054,0.954908,0.9528099,0.9528258,0.9999955,0.94517106,0.9525872,0.94689244,0.95431733,0.9453858,0.9495932,0.9533157,0.95164,0.94987977,0.9505974,0.9520701,0.95305574,0.9468992,0.9522816,0.9489976,0.954601,0.9473291,0.9504175,0.95378554,0.9484815,0.9510557,0.9478998,0.9500791,0.9555291,0.95128477,0.949956,0.9507881,0.95153636,0.9521375,0.9520616,0.9543408,0.94943804,0.94620955,0.95144427,0.9553969,0.94925785,0.94782746,0.94949317,0.9520911,0.95231956,0.95033777,0.9518109,0.9454615,0.9557987,0.95070946,0.9495001,0.9530258,0.9546047,0.9519406,0.9480772,0.94762653,0.9506273,0.9479828,0.95076275,0.94427335,0.95287144,0.953285,0.9501425,0.9497955,0.954491,0.9518393,0.95251024,0.9493938,0.9466096,0.95323646
HSPH1,0.9539437,0.9475537,0.94811136,0.95435584,0.9554154,0.95416373,0.9547539,0.95279175,0.950819,0.9464314,0.9539828,0.9476967,0.948404,0.94682026,0.9509885,0.9507677,0.95139086,0.9600304,0.94814473,0.9460308,0.94538516,0.94680357,0.9510211,0.9523722,0.9477109,0.9510859,0.9478958,0.947094,0.95195025,0.9493083,0.9508777,0.94837093,0.9464434,0.9468718,0.94517106,0.99999434,0.94903123,0.9550705,0.94366413,0.9532174,0.95386237,0.94683504,0.9455787,0.95167047,0.9479723,0.9465182,0.94752717,0.9523351,0.9483818,0.9464115,0.9444152,0.95598906,0.95039237,0.9503799,0.95019305,0.9472088,0.95681584,0.94946814,0.9477701,0.94865775,0.9516157,0.95594066,0.9493892,0.9482271,0.94318396,0.9444456,0.9518337,0.9535778,0.9519221,0.9396192,0.9500422,0.9559069,0.94839144,0.9462629,0.94387764,0.9490886,0.9499148,0.9580847,0.94786537,0.9534815,0.9546027,0.94615954,0.9405083,0.9474475,0.95163625,0.9573924,0.9510522,0.95378315,0.9444114,0.96028405,0.9445973,0.94434154,0.9546144,0.95335907,0.9490099,0.9485436,0.94367766,0.9524853,0.95315146,0.94674945
IL17F,0.9470442,0.9492738,0.95010984,0.9514503,0.952022,0.95180213,0.95310473,0.9526696,0.9504122,0.9489049,0.9525771,0.9527784,0.9490815,0.9527899,0.95204955,0.9522344,0.9533179,0.94803417,0.95639396,0.951004,0.95123166,0.95441926,0.9490767,0.9491747,0.9535746,0.9516198,0.94995075,0.9514827,0.9482928,0.9533509,0.9493717,0.9511788,0.95061433,0.9518917,0.9525872,0.94903123,0.9999949,0.95386875,0.954089,0.9501447,0.95524,0.95332664,0.9538636,0.95527494,0.95099646,0.9508324,0.95016164,0.94841594,0.9508369,0.94834,0.9513206,0.9506902,0.95373404,0.95237064,0.95498186,0.95209694,0.95328885,0.9473504,0.95283246,0.9531191,0.95013154,0.95719445,0.9574961,0.9524357,0.95221865,0.95381325,0.9509258,0.9514688,0.95089066,0.95306325,0.94787765,0.94758755,0.95013696,0.9525353,0.95351934,0.9494336,0.9516021,0.95152175,0.9542866,0.9505162,0.9531064,0.9512776,0.9542308,0.95283073,0.94882613,0.9498926,0.9496544,0.9518413,0.9507605,0.9517807,0.9527836,0.9526323,0.9532387,0.95085025,0.9497242,0.95575225,0.9516148,0.94883066,0.94929576,0.95409715
KCNIP2,0.9487926,0.9503426,0.94980943,0.95495975,0.95507383,0.9619024,0.95350605,0.95429754,0.9565682,0.9472335,0.9537064,0.95000285,0.9458972,0.94883394,0.94904506,0.95087004,0.95348364,0.95660543,0.9524685,0.94560045,0.9469624,0.94865537,0.95313346,0.95534647,0.9483341,0.9496169,0.9531834,0.94778466,0.9523851,0.9513009,0.9563746,0.9487689,0.94658816,0.94818234,0.94689244,0.9550705,0.95386875,1.0000029,0.9492868,0.9543223,0.9542756,0.94884527,0.9503113,0.952984,0.9488465,0.94683135,0.95032525,0.9591798,0.94936264,0.94888014,0.9443062,0.96381724,0.9507034,0.9496693,0.9514308,0.94859785,0.9576134,0.95430905,0.9509222,0.9517169,0.9455963,0.9573885,0.95323133,0.9518559,0.94371253,0.948269,0.95361936,0.95261717,0.9477343,0.94729954,0.95303774,0.94999385,0.9486905,0.94934964,0.9506096,0.949142,0.94902,0.95714164,0.95016736,0.9532384,0.95579636,0.9494065,0.94719505,0.9516007,0.95201325,0.9556752,0.9551227,0.95072806,0.9417557,0.9595759,0.9484488,0.9496025,0.9522295,0.9522446,0.94848454,0.9528693,0.94442517,0.9528249,0.95620507,0.95011646
KDELR2,0.9476182,0.95473844,0.95267797,0.9514711,0.9506179,0.95056397,0.9457201,0.9501257,0.9519175,0.9531839,0.94746244,0.95451254,0.95110947,0.9530839,0.9519662,0.9495644,0.9560772,0.94353867,0.952468,0.9504499,0.9520904,0.9557566,0.94777143,0.94869614,0.9527146,0.9495483,0.95197153,0.9555251,0.9525557,0.95294577,0.95175433,0.952074,0.9558978,0.9496954,0.95431733,0.94366413,0.954089,0.9492868,1.0000068,0.94805354,0.9508638,0.9551858,0.95868576,0.9497997,0.95035124,0.9487373,0.95188504,0.9472235,0.9504628,0.94891864,0.9508296,0.94889367,0.94749916,0.95136225,0.94816774,0.95224094,0.9483885,0.9532022,0.95347303,0.95123523,0.9513081,0.9538922,0.9538935,0.955509,0.9521326,0.9528381,0.9482928,0.94584435,0.9488739,0.9591496,0.9531001,0.9508509,0.95156384,0.9548317,0.95553243,0.95370317,0.9546233,0.9465134,0.95120853,0.9533827,0.95021796,0.9535618,0.95657665,0.95475614,0.9504403,0.9453038,0.95327973,0.9505007,0.9524378,0.943572,0.95285875,0.9569623,0.9528195,0.9505993,0.9508934,0.9556938,0.9553335,0.949655,0.94714576,0.95571196
KDM6A,0.94581467,0.9502019,0.9533463,0.9502273,0.9539075,0.95471966,0.95285285,0.95448685,0.9536307,0.9482682,0.95190525,0.9485796,0.94696873,0.94555444,0.94753665,0.94799626,0.94956666,0.954918,0.94701624,0.94640183,0.94376177,0.9483916,0.94999176,0.95123893,0.9483174,0.9439765,0.94991577,0.9471076,0.9460367,0.9510383,0.9513873,0.94945645,0.9451346,0.94871986,0.9453858,0.9532174,0.9501447,0.9543223,0.94805354,1.0000032,0.9532657,0.94828063,0.9427937,0.9511368,0.9482186,0.947049,0.94693774,0.9520937,0.94921935,0.9499424,0.9457996,0.9542051,0.94515306,0.9503126,0.95483345,0.94567883,0.951189,0.9469093,0.9463259,0.9484969,0.94645095,0.9494376,0.9505932,0.94767785,0.94408715,0.94758534,0.95021087,0.9557606,0.9483954,0.94273454,0.9494451,0.9492427,0.9494246,0.94890344,0.9477651,0.9492028,0.9493219,0.9582536,0.94860005,0.9485048,0.9514037,0.9502382,0.94358116,0.9465341,0.94923884,0.9453316,0.9509556,0.9497991,0.9485506,0.9578826,0.94764185,0.9471941,0.94675523,0.95065904,0.94950104,0.94747233,0.9472815,0.95006853,0.95216936,0.944604
KLF13,0.945189,0.94721246,0.95017827,0.9531083,0.9522527,0.95278674,0.9543012,0.95233476,0.9508498,0.94509673,0.9515754,0.951783,0.9465906,0.94973034,0.9539318,0.949792,0.95083034,0.952444,0.9517275,0.9478983,0.9454596,0.9476724,0.9496942,0.94881505,0.95089,0.94882756,0.948746,0.9473933,0.94253004,0.95804524,0.9487754,0.9496535,0.94708896,0.9503389,0.9495932,0.95386237,0.95524,0.9542756,0.9508638,0.9532657,1.0000056,0.952721,0.95055366,0.9534216,0.9587892,0.9488993,0.94811606,0.9493357,0.9495942,0.94291294,0.9464307,0.95278114,0.95150006,0.95164627,0.96132857,0.95223784,0.9519644,0.9444869,0.9498017,0.95191616,0.94843435,0.95523,0.9535343,0.9496393,0.9464122,0.95028806,0.95015883,0.95479244,0.9527533,0.94638455,0.9497285,0.9513529,0.948095,0.947451,0.9518874,0.9486442,0.95176613,0.95474786,0.9527589,0.95110935,0.9538041,0.9487708,0.9496729,0.9517625,0.94675714,0.94801104,0.94721764,0.951003,0.95219636,0.95775,0.94742286,0.94951403,0.9505447,0.95254046,0.95090866,0.9491832,0.9521513,0.94913405,0.95093024,0.9488532
KLHL17,0.9468796,0.94811696,0.9540371,0.9502473,0.95178753,0.9507034,0.9449156,0.95302486,0.9501233,0.94945943,0.9488705,0.9541617,0.94811505,0.95320916,0.9501795,0.94651735,0.95139164,0.9468812,0.9523303,0.9508838,0.9482255,0.95271254,0.9481616,0.9499012,0.95491916,0.9472323,0.9503787,0.9528209,0.9457328,0.9537715,0.95050573,0.95262647,0.9518345,0.9516546,0.9533157,0.94683504,0.95332664,0.94884527,0.9551858,0.94828063,0.952721,1.0000074,0.954625,0.94937277,0.95389503,0.94874716,0.95278656,0.94746643,0.9514751,0.9438408,0.95075685,0.9483448,0.9469932,0.9524998,0.9495798,0.950815,0.9484346,0.94977766,0.95501304,0.9492385,0.95030653,0.9527111,0.95174676,0.9546249,0.9473221,0.95137185,0.94997734,0.94609106,0.9513433,0.9512301,0.9501706,0.953226,0.9487977,0.95205283,0.9512937,0.95263964,0.9533692,0.9466518,0.9531241,0.9518548,0.9534984,0.95288384,0.95101243,0.9486551,0.94763315,0.94690955,0.9524468,0.9527047,0.95089346,0.94532454,0.9487511,0.9510594,0.9503933,0.95186347,0.95163536,0.9531708,0.9530616,0.94863325,0.94910455,0.9516561
KLRG1,0.9492677,0.9504211,0.94848305,0.9539788,0.95227355,0.9506772,0.9440281,0.9483373,0.94912916,0.9497869,0.95034933,0.95200413,0.94614184,0.95468676,0.9565586,0.9491967,0.95382017,0.94268054,0.9555567,0.95059556,0.9531017,0.9532587,0.94848233,0.94848084,0.9540976,0.9529795,0.9527933,0.9547548,0.94990206,0.95223856,0.9491862,0.95032203,0.9548811,0.94932306,0.95164,0.9455787,0.9538636,0.9503113,0.95868576,0.9427937,0.95055366,0.954625,1.0000076,0.9526007,0.9543872,0.94759136,0.95238376,0.9480434,0.94950324,0.94485754,0.94828117,0.94911,0.9507176,0.94906175,0.9496972,0.95317584,0.9524115,0.95061135,0.95360005,0.9536842,0.9486896,0.95621914,0.9546572,0.9561659,0.9524374,0.9528551,0.9496718,0.94606763,0.95410407,0.95627177,0.95174766,0.95303285,0.95054686,0.9535288,0.9543891,0.95183533,0.95493907,0.94469446,0.95078003,0.95281285,0.95213664,0.95121765,0.9554868,0.9555719,0.9498205,0.9512269,0.95099705,0.9534761,0.95203793,0.9473851,0.95262015,0.9573301,0.95404845,0.94879997,0.9491978,0.95358974,0.95232505,0.9474892,0.9492581,0.9563418
KRTCAP2,0.945502,0.9457003,0.9494903,0.95228046,0.95140064,0.9505985,0.9573701,0.9511463,0.9503198,0.9463281,0.9548058,0.94916385,0.947244,0.9521258,0.95182717,0.95074874,0.9506361,0.9507395,0.95886755,0.949668,0.95250535,0.9507406,0.9506682,0.947097,0.9524492,0.95136523,0.94697756,0.94750273,0.9466111,0.95246947,0.9472924,0.9508685,0.9463712,0.9481598,0.94987977,0.95167047,0.95527494,0.952984,0.9497997,0.9511368,0.9534216,0.94937277,0.9526007,0.99999964,0.9506749,0.94963205,0.94977224,0.95023316,0.94900584,0.94800586,0.950256,0.9515524,0.95606154,0.95182985,0.9575591,0.95192146,0.9533037,0.9456814,0.9482915,0.95753765,0.949457,0.95046204,0.9550513,0.95028603,0.95269406,0.95132136,0.95120025,0.95714533,0.9503106,0.9493967,0.94708174,0.947416,0.9481678,0.94947916,0.95260197,0.9476712,0.95105577,0.95649225,0.950535,0.9481195,0.94676006,0.94958186,0.95058715,0.95250285,0.9501093,0.9490912,0.94614774,0.9526138,0.94996727,0.95680994,0.9501115,0.95084596,0.94677186,0.9532898,0.94983447,0.9501828,0.9484999,0.94928044,0.9491802,0.95221066
LRP6,0.9481428,0.9455361,0.9505371,0.9498712,0.9553219,0.94945467,0.9474389,0.9502605,0.94607246,0.94760406,0.9518266,0.9511087,0.94874656,0.9540633,0.9585466,0.9458624,0.94916683,0.9458594,0.95115393,0.95015836,0.9476539,0.9489879,0.9473401,0.94434416,0.95142525,0.9476509,0.94967544,0.9488831,0.9425111,0.96237993,0.94479,0.95001435,0.95167917,0.949653,0.9505974,0.9479723,0.95099646,0.9488465,0.95035124,0.9482186,0.9587892,0.95389503,0.9543872,0.9506749,1.000009,0.9481337,0.95033646,0.9432535,0.95002097,0.9403753,0.94864345,0.9495954,0.9520426,0.95030534,0.9544281,0.95723784,0.9518337,0.9420781,0.9525039,0.9501477,0.94924474,0.9536362,0.95042866,0.95150155,0.948621,0.95117563,0.9494826,0.94659853,0.9553905,0.95370185,0.9485663,0.9499497,0.9476513,0.951493,0.9549695,0.95183086,0.95201033,0.9493302,0.95138717,0.9509113,0.9518626,0.9500782,0.9514121,0.9510884,0.9448505,0.9485477,0.9522522,0.9515817,0.96160984,0.948956,0.9476095,0.9498647,0.95037735,0.95021373,0.95082426,0.950101,0.9594077,0.9456158,0.94608665,0.95102835
LRRC37A3,0.9464477,0.9497773,0.9466574,0.9477785,0.94736725,0.9458223,0.9495766,0.947843,0.9467827,0.9488841,0.94903386,0.9493846,0.9499409,0.94995844,0.94862264,0.9506813,0.9475063,0.9452497,0.9517097,0.95503044,0.95203763,0.9504103,0.9471193,0.94635034,0.95115507,0.9503823,0.9456872,0.9497839,0.94772476,0.94873554,0.9462035,0.9531766,0.9493724,0.95381,0.9520701,0.9465182,0.9508324,0.94683135,0.9487373,0.947049,0.9488993,0.94874716,0.94759136,0.94963205,0.9481337,0.9999858,0.9490032,0.9470931,0.94923675,0.9518434,0.95504,0.9455424,0.9504763,0.9503577,0.9511895,0.950672,0.9454253,0.9462483,0.9486518,0.9504714,0.94981426,0.94663656,0.9500225,0.94669116,0.9540945,0.95191956,0.94721615,0.9495746,0.9479975,0.9506477,0.94744956,0.9448614,0.94896966,0.9488173,0.9487719,0.9482455,0.9483904,0.94750965,0.95109534,0.9474332,0.9463833,0.95085937,0.9533815,0.95078063,0.9489195,0.94607437,0.94690704,0.9488531,0.94915205,0.9472193,0.95223945,0.9483127,0.9474408,0.9482854,0.9524987,0.9513139,0.94986534,0.9476341,0.94699854,0.9498515
LRTOMT,0.9489459,0.9501093,0.9532101,0.9495262,0.94717604,0.94986254,0.9472802,0.94961,0.94926023,0.9474603,0.9480671,0.95113283,0.94645184,0.9508447,0.94839025,0.9470324,0.95055807,0.9480189,0.95181835,0.9493361,0.9491052,0.95017046,0.95217615,0.9495785,0.9541157,0.94875395,0.9501936,0.95127094,0.94679666,0.9483576,0.95021695,0.9510529,0.95159733,0.9501848,0.95305574,0.94752717,0.95016164,0.95032525,0.95188504,0.94693774,0.94811606,0.95278656,0.95238376,0.94977224,0.95033646,0.9490032,1.0000019,0.9497726,0.9507639,0.94573265,0.95074403,0.9487503,0.9452131,0.95339173,0.94731486,0.9483948,0.9488583,0.95190424,0.95340216,0.9513251,0.9493132,0.9481554,0.9505729,0.9527858,0.9480931,0.9497437,0.9522028,0.9473624,0.9514411,0.94933385,0.95407724,0.95260316,0.9498422,0.9501806,0.9497729,0.94859874,0.95345616,0.94814414,0.95160043,0.9515089,0.95109046,0.95137537,0.9497831,0.9500579,0.9495435,0.9482156,0.94993806,0.9486877,0.94918936,0.9483743,0.9498076,0.95098317,0.94836664,0.9497341,0.951831,0.94879854,0.95088285,0.9493957,0.9495141,0.9490794
LY96,0.94730246,0.94964564,0.9483126,0.949554,0.95065874,0.95685214,0.9503955,0.95334363,0.9552167,0.94929147,0.95006275,0.9473722,0.9478316,0.94667214,0.945116,0.94887257,0.9515263,0.95334625,0.9495986,0.9463798,0.948176,0.9467118,0.9541708,0.95792055,0.94775546,0.9492687,0.94938457,0.94817203,0.951189,0.945419,0.9592879,0.94830865,0.94502944,0.94772774,0.9468992,0.9523351,0.94841594,0.9591798,0.9472235,0.9520937,0.9493357,0.94746643,0.9480434,0.95023316,0.9432535,0.9470931,0.9497726,1.0000026,0.94814587,0.9481082,0.9467341,0.9582605,0.9469567,0.94836956,0.9477354,0.9465934,0.9515208,0.95560324,0.94734555,0.95003664,0.947847,0.9500118,0.94911283,0.9495902,0.94557756,0.9473264,0.95058596,0.95132446,0.946609,0.94371027,0.95429045,0.94842213,0.94712,0.94769263,0.94377226,0.9476034,0.94906104,0.9531066,0.948014,0.9498626,0.9523659,0.94844496,0.94566363,0.94866234,0.9530964,0.95275533,0.95103914,0.94833434,0.9351092,0.9533347,0.94932103,0.9479862,0.94815266,0.9489758,0.9475164,0.9495142,0.9431964,0.95444596,0.95601445,0.9465337
LYST,0.95025444,0.9505446,0.9497071,0.949935,0.951525,0.95050544,0.9493777,0.94915277,0.94961405,0.9517281,0.9508673,0.9525342,0.9508635,0.9513888,0.9507092,0.94988036,0.9500103,0.9503817,0.95059925,0.9501072,0.9484785,0.9535034,0.9491095,0.9493003,0.95210207,0.9484016,0.9502691,0.95059615,0.9497362,0.9500544,0.95067304,0.95195144,0.9514371,0.95142204,0.9522816,0.9483818,0.9508369,0.94936264,0.9504628,0.94921935,0.9495942,0.9514751,0.94950324,0.94900584,0.95002097,0.94923675,0.9507639,0.94814587,1.0000069,0.9500397,0.95001477,0.9499398,0.9504584,0.9516477,0.9493617,0.9495855,0.95094955,0.9501432,0.9524648,0.94968385,0.9511191,0.9503282,0.949754,0.9507921,0.9478323,0.95053184,0.95058393,0.9485623,0.9509929,0.95014983,0.94976217,0.9492389,0.9503409,0.9511664,0.95167786,0.9501423,0.9500018,0.94944626,0.95276535,0.95056283,0.9498311,0.95177835,0.9499704,0.95127404,0.95028174,0.9499522,0.9514516,0.9497448,0.9513017,0.95079464,0.94804275,0.9513697,0.95198077,0.9513189,0.9508902,0.94969976,0.9503777,0.9491223,0.95041853,0.94973934
LZTS1,0.94972277,0.9542238,0.94904375,0.9501254,0.95057994,0.94875795,0.9529182,0.94849724,0.9498685,0.9536551,0.95059526,0.9499525,0.95515436,0.9501251,0.9498356,0.9558091,0.94769865,0.94743425,0.94846696,0.94879895,0.9500347,0.950608,0.9465995,0.94774675,0.9477632,0.952044,0.9501735,0.95179856,0.9559211,0.9472289,0.9483134,0.9496828,0.9507437,0.94756657,0.9489976,0.9464115,0.94834,0.94888014,0.94891864,0.9499424,0.94291294,0.9438408,0.94485754,0.94800586,0.9403753,0.9518434,0.94573265,0.9481082,0.9500397,0.9999908,0.9507652,0.9475038,0.9540434,0.94687885,0.94881284,0.9496151,0.9491723,0.95116156,0.9466644,0.9509954,0.94797343,0.94944376,0.95144486,0.94685036,0.9520532,0.9511783,0.9480444,0.9527979,0.9442565,0.9531927,0.9488763,0.94187856,0.9489555,0.9513085,0.9498257,0.95047367,0.9454616,0.9490947,0.9473294,0.9467708,0.9460567,0.94874275,0.953128,0.950501,0.9496952,0.9485993,0.9511846,0.9481685,0.9490911,0.9473857,0.95078814,0.95475334,0.95189416,0.94695884,0.9468571,0.9524662,0.94751155,0.9499709,0.94761074,0.95277053
MAP3K9,0.9461508,0.94846183,0.9496526,0.944978,0.9447503,0.94495404,0.94602203,0.9480278,0.9464577,0.9504706,0.9466921,0.95162237,0.95110726,0.9525897,0.94818676,0.9491453,0.9487103,0.94248337,0.95074475,0.9540267,0.95320755,0.95168126,0.9473847,0.94589174,0.95162886,0.9503492,0.9443053,0.9514998,0.9493867,0.9495846,0.9473524,0.9533528,0.95059144,0.95205784,0.954601,0.9444152,0.9513206,0.9443062,0.9508296,0.9457996,0.9464307,0.95075685,0.94828117,0.950256,0.94864345,0.95504,0.95074403,0.9467341,0.95001477,0.9507652,0.99999213,0.94347376,0.95085824,0.951548,0.94897896,0.95232254,0.94452924,0.94785,0.9498701,0.9509414,0.95165396,0.9457969,0.95032835,0.9478494,0.9559673,0.95357573,0.947804,0.9467867,0.94970185,0.95387733,0.94562334,0.9436914,0.947843,0.950715,0.9514668,0.95026696,0.9492999,0.9458549,0.9531424,0.9462063,0.9437093,0.95317245,0.95514286,0.9500735,0.9482324,0.94551855,0.9462164,0.94815844,0.9507129,0.94175804,0.9539609,0.9510543,0.9476659,0.9486917,0.95058304,0.9515389,0.9510515,0.94879633,0.94462556,0.9515604
MAP7D1,0.95024776,0.9497462,0.9502934,0.9539651,0.9556248,0.96223557,0.9525892,0.9547754,0.9570153,0.95055354,0.9525078,0.9492205,0.9473359,0.950149,0.9507855,0.94927996,0.9523623,0.957036,0.9511251,0.94500166,0.9465773,0.9486247,0.9522541,0.9566788,0.94800377,0.9499111,0.9533961,0.9475337,0.9535723,0.94974625,0.9555693,0.9483184,0.94808036,0.94866717,0.9473291,0.95598906,0.9506902,0.96381724,0.94889367,0.9542051,0.95278114,0.9483448,0.94911,0.9515524,0.9495954,0.9455424,0.9487503,0.9582605,0.9499398,0.9475038,0.94347376,1.0000072,0.94904995,0.9501493,0.9508425,0.94741833,0.9561013,0.9544865,0.95047283,0.95059353,0.94897294,0.9547389,0.9519271,0.9512744,0.94334316,0.946749,0.95222646,0.9548079,0.9480343,0.9447474,0.9531988,0.9512225,0.95001847,0.9504799,0.94859254,0.95041865,0.95020556,0.9553687,0.9490819,0.9529498,0.95502055,0.94978327,0.9451206,0.9498199,0.95359457,0.95532495,0.9546863,0.9523923,0.9420702,0.9587576,0.947361,0.94852966,0.9524016,0.95114297,0.94899005,0.9519644,0.9448255,0.95433897,0.9558029,0.9504957
MAP7D3,0.9518441,0.9450058,0.94651765,0.9527494,0.9560739,0.9480942,0.95653796,0.95012593,0.94565827,0.94986993,0.95705855,0.9499435,0.95598125,0.9575171,0.9574707,0.95633435,0.9489453,0.94918513,0.9558387,0.9509933,0.9543405,0.95010865,0.9472897,0.94481784,0.9495051,0.9564977,0.94849646,0.9502168,0.9523176,0.9518406,0.942993,0.9489826,0.9524091,0.94676733,0.9504175,0.95039237,0.95373404,0.9507034,0.94749916,0.94515306,0.95150006,0.9469932,0.9507176,0.95606154,0.9520426,0.9504763,0.9452131,0.9469567,0.9504584,0.9540434,0.95085824,0.94904995,1.0000046,0.9472065,0.9524027,0.9574208,0.9573754,0.94548076,0.949796,0.95540184,0.9520011,0.9568249,0.9553672,0.9464784,0.9551877,0.95184135,0.9486444,0.9532162,0.9526264,0.95357573,0.9430341,0.94483316,0.9476018,0.95344454,0.9548685,0.95095295,0.94674253,0.9514934,0.9506043,0.94806576,0.94728875,0.94686705,0.95610636,0.9558232,0.9488297,0.9559537,0.9499673,0.95465183,0.95015794,0.95295864,0.95105183,0.9521541,0.9538161,0.94990623,0.94613785,0.9550074,0.94820637,0.94843405,0.94523966,0.9567319
MAPK8,0.9469554,0.9492327,0.95268476,0.94929147,0.9486863,0.9518718,0.94840384,0.9505992,0.9490118,0.9484984,0.9480678,0.952359,0.94829726,0.94956076,0.9498592,0.9494493,0.9498221,0.9484421,0.95247465,0.9505452,0.94707036,0.95114744,0.9494135,0.9498189,0.9543451,0.9489081,0.9495659,0.9488873,0.9465827,0.95076877,0.94952875,0.95352536,0.9506097,0.95097136,0.95378554,0.9503799,0.95237064,0.9496693,0.95136225,0.9503126,0.95164627,0.9524998,0.94906175,0.95182985,0.95030534,0.9503577,0.95339173,0.94836956,0.9516477,0.94687885,0.951548,0.9501493,0.9472065,0.99999595,0.95098144,0.9483624,0.94799435,0.94846284,0.9536645,0.9511757,0.94902754,0.9500915,0.95185304,0.95226043,0.9479008,0.95028204,0.9513879,0.95057774,0.95284826,0.94899833,0.9498035,0.9495799,0.9490763,0.94862986,0.95153016,0.9478476,0.9504545,0.9508208,0.95224977,0.9508182,0.95142245,0.95114887,0.95004594,0.948555,0.9481414,0.9482062,0.9484867,0.9477324,0.94995415,0.95012367,0.9507926,0.95031583,0.9492921,0.95388746,0.9531371,0.9491883,0.9504718,0.9502311,0.9498426,0.9487047
MBOAT2,0.9405573,0.94939375,0.9515502,0.9503569,0.95050025,0.95056146,0.95890844,0.9508582,0.95022446,0.9461437,0.95211124,0.9491521,0.94713974,0.94955224,0.9533765,0.9515366,0.95101243,0.9513845,0.95349777,0.9482998,0.9474522,0.9481119,0.9479402,0.9455403,0.95060664,0.9490293,0.9469105,0.94759166,0.9420985,0.95802826,0.94672495,0.94944423,0.94391197,0.94989777,0.9484815,0.95019305,0.95498186,0.9514308,0.94816774,0.95483345,0.96132857,0.9495798,0.9496972,0.9575591,0.9544281,0.9511895,0.94731486,0.9477354,0.9493617,0.94881284,0.94897896,0.9508425,0.9524027,0.95098144,0.99999356,0.95229095,0.95059127,0.9403254,0.94645166,0.9556351,0.9482131,0.9501204,0.9538401,0.94709885,0.95163226,0.9528552,0.94837195,0.9598487,0.9492945,0.9477108,0.9474794,0.94532746,0.9478413,0.9462166,0.9510525,0.9477507,0.95121396,0.95681036,0.95041716,0.9462488,0.94744456,0.94868374,0.9518111,0.950575,0.9475638,0.94452345,0.9443675,0.9541423,0.95620173,0.9580408,0.95112896,0.9482314,0.94667935,0.9510344,0.95043707,0.94937986,0.9503271,0.94873244,0.94972456,0.94997525
MGA,0.94919485,0.9462991,0.9484467,0.95178664,0.95428574,0.9481107,0.951062,0.9509921,0.94673586,0.9518332,0.9546566,0.95135885,0.9514024,0.9559023,0.9626075,0.95276254,0.95154035,0.94480187,0.9535308,0.95068526,0.9521445,0.951239,0.9451019,0.9461252,0.9504609,0.9520003,0.9496637,0.94918025,0.95023453,0.9563448,0.9450614,0.95035547,0.95321816,0.94848764,0.9510557,0.9472088,0.95209694,0.94859785,0.95224094,0.94567883,0.95223784,0.950815,0.95317584,0.95192146,0.95723784,0.950672,0.9483948,0.9465934,0.9495855,0.9496151,0.95232254,0.94741833,0.9574208,0.9483624,0.95229095,0.99999857,0.9512689,0.94605845,0.95077837,0.95139253,0.95144194,0.957466,0.9523019,0.9506556,0.9567627,0.95491314,0.9465281,0.9497862,0.95113444,0.9579389,0.9467588,0.9463628,0.9493224,0.9551491,0.9551684,0.95279753,0.9524861,0.94731843,0.9509228,0.94837344,0.94784015,0.9510044,0.9557228,0.9529483,0.948057,0.95164955,0.9488912,0.95985496,0.95377135,0.94728845,0.9487018,0.9502334,0.9557899,0.94875824,0.9494996,0.95622075,0.9541492,0.9493078,0.9448838,0.9567748
MOSMO,0.9536679,0.94784355,0.9485657,0.9550646,0.96180177,0.9552778,0.9555324,0.95290196,0.95078206,0.9531057,0.9576578,0.95417726,0.95475715,0.9546587,0.9556424,0.95310575,0.9550795,0.9573455,0.95359415,0.9477432,0.9510957,0.9534097,0.9498384,0.9509743,0.9489203,0.95146686,0.9522838,0.950877,0.95530796,0.95410687,0.9501233,0.94793975,0.95050526,0.9475325,0.9478998,0.95681584,0.95328885,0.9576134,0.9483885,0.951189,0.9519644,0.9484346,0.9524115,0.9533037,0.9518337,0.9454253,0.9488583,0.9515208,0.95094955,0.9491723,0.94452924,0.9561013,0.9573754,0.94799435,0.95059127,0.9512689,1.0000021,0.9506746,0.95295894,0.9515134,0.9540034,0.96079737,0.9527002,0.9526691,0.9465945,0.9484602,0.952206,0.9535489,0.95167065,0.9514742,0.9493706,0.9519677,0.95135564,0.9542501,0.9526491,0.9569561,0.94989145,0.9550816,0.9506743,0.95248044,0.95272386,0.9486352,0.94817066,0.9551006,0.95237124,0.95980734,0.9570335,0.956925,0.9476112,0.9581974,0.94613415,0.95063025,0.95848435,0.95247483,0.9487588,0.9540616,0.9471826,0.9507282,0.9513067,0.9560032
NNAT,0.95129955,0.9519876,0.94873977,0.94988894,0.949752,0.95740515,0.94431514,0.950943,0.9547646,0.9520697,0.9471169,0.9505678,0.94983137,0.94831365,0.94864863,0.95073223,0.95119745,0.9493767,0.94649965,0.9476397,0.94710416,0.9508449,0.9508405,0.9576224,0.94870996,0.9506066,0.9532242,0.95273113,0.95783687,0.9426575,0.95892745,0.9506306,0.9532626,0.9487166,0.9500791,0.94946814,0.9473504,0.95430905,0.9532022,0.9469093,0.9444869,0.94977766,0.95061135,0.9456814,0.9420781,0.9462483,0.95190424,0.95560324,0.9501432,0.95116156,0.94785,0.9544865,0.94548076,0.94846284,0.9403254,0.94605845,0.9506746,0.9999902,0.95210886,0.9483037,0.94693935,0.9507296,0.9497449,0.95352495,0.9461753,0.9480811,0.9515566,0.9441494,0.94677,0.95190424,0.9555114,0.9499115,0.94977885,0.95179456,0.9462219,0.950273,0.9501116,0.9456706,0.94899833,0.9556682,0.9544836,0.9513636,0.94859,0.948736,0.95169306,0.95322615,0.95584714,0.9456878,0.93716854,0.9453341,0.94963574,0.9543947,0.95099103,0.94848466,0.9481706,0.9506214,0.9479552,0.95336086,0.952965,0.94892657
ORM2,0.9502168,0.9492749,0.9524721,0.9515889,0.9522202,0.9535249,0.9454869,0.9501921,0.95035356,0.9519765,0.9499278,0.9557634,0.9513724,0.95306426,0.9525695,0.9491105,0.9522551,0.94794184,0.95169985,0.9518882,0.94683653,0.95439523,0.94954646,0.95072734,0.95378643,0.94903916,0.952472,0.9528619,0.9506545,0.95016897,0.9493169,0.9518069,0.95673794,0.9507009,0.9555291,0.9477701,0.95283246,0.9509222,0.95347303,0.9463259,0.9498017,0.95501304,0.95360005,0.9482915,0.9525039,0.9486518,0.95340216,0.94734555,0.9524648,0.9466644,0.9498701,0.95047283,0.949796,0.9536645,0.94645166,0.95077837,0.95295894,0.95210886,0.9999996,0.94994813,0.9500482,0.9565291,0.95171833,0.95429134,0.94617176,0.9512874,0.9530815,0.94348615,0.95387155,0.95333606,0.9524032,0.94960845,0.9513554,0.9537408,0.9513924,0.9533265,0.951541,0.9467732,0.954249,0.95368737,0.9550161,0.9537705,0.95052063,0.9520945,0.9488677,0.95158195,0.9539659,0.9489969,0.949653,0.9479119,0.94770294,0.95378435,0.95457566,0.9523842,0.95079005,0.9508478,0.9522027,0.9503361,0.9495087,0.95277834
P3H3,0.9429674,0.9498101,0.9491869,0.95294863,0.9493445,0.9502551,0.95498776,0.9509933,0.9491307,0.947138,0.9529592,0.9476807,0.9489365,0.952564,0.9525703,0.95358014,0.9523317,0.9467174,0.957436,0.95050275,0.95453244,0.9498395,0.9489997,0.947947,0.95235956,0.953665,0.9483594,0.94899184,0.9485268,0.95063764,0.9469216,0.95136136,0.9492141,0.9501614,0.95128477,0.94865775,0.9531191,0.9517169,0.95123523,0.9484969,0.95191616,0.9492385,0.9536842,0.95753765,0.9501477,0.9504714,0.9513251,0.95003664,0.94968385,0.9509954,0.9509414,0.95059353,0.95540184,0.9511757,0.9556351,0.95139253,0.9515134,0.9483037,0.94994813,1.0000048,0.9494116,0.9499686,0.95429724,0.95223594,0.95558107,0.9532256,0.9501531,0.9565517,0.9503199,0.95144814,0.9471909,0.94582033,0.94876355,0.95221376,0.95324427,0.94550014,0.9518352,0.95186394,0.951534,0.9480779,0.9473057,0.9497175,0.9536088,0.9536151,0.9493981,0.9492583,0.9462167,0.95278615,0.9507043,0.953941,0.9527398,0.95422095,0.9468078,0.9506046,0.94864446,0.9532216,0.94694144,0.9514823,0.94814175,0.9538738
PEX10,0.954542,0.950174,0.948941,0.94989264,0.95152867,0.94662255,0.95325875,0.95122105,0.9475058,0.95615315,0.95129156,0.9512668,0.95519215,0.95514303,0.95133007,0.9536995,0.95316803,0.9504575,0.9504104,0.9511406,0.9568359,0.9558756,0.9481547,0.94881535,0.9492749,0.952503,0.94826853,0.95362645,0.95509624,0.95099753,0.94838786,0.95073795,0.9505413,0.94952327,0.949956,0.9516157,0.95013154,0.9455963,0.9513081,0.94645095,0.94843435,0.95030653,0.9486896,0.949457,0.94924474,0.94981426,0.9493132,0.947847,0.9511191,0.94797343,0.95165396,0.94897294,0.9520011,0.94902754,0.9482131,0.95144194,0.9540034,0.94693935,0.9500482,0.9494116,0.9999998,0.9522349,0.9485786,0.9497053,0.95225346,0.9523371,0.9494088,0.94933546,0.9488633,0.95180005,0.94640756,0.95082194,0.9535837,0.9556956,0.95094943,0.9561104,0.9529393,0.9483007,0.95099306,0.94714004,0.9431112,0.9508999,0.9509292,0.9550742,0.95415163,0.95158654,0.94981587,0.9549366,0.9516939,0.9485357,0.94910794,0.94776297,0.9564165,0.9510877,0.94916046,0.9532427,0.9485796,0.95013356,0.94698393,0.9556924
PIP,0.9554368,0.94702154,0.9491551,0.9573857,0.96421826,0.95695144,0.9494944,0.95170194,0.9537174,0.9538405,0.95674276,0.957366,0.95463085,0.9560522,0.9626726,0.9561453,0.9557711,0.9531664,0.9517828,0.94801986,0.94760126,0.9553856,0.948594,0.9517086,0.9502858,0.95344245,0.95514727,0.952911,0.95735526,0.95452875,0.9510858,0.94924366,0.9567804,0.9464785,0.9507881,0.95594066,0.95719445,0.9573885,0.9538922,0.9494376,0.95523,0.9527111,0.95621914,0.95046204,0.9536362,0.94663656,0.9481554,0.9500118,0.9503282,0.94944376,0.9457969,0.9547389,0.9568249,0.9500915,0.9501204,0.957466,0.96079737,0.9507296,0.9565291,0.9499686,0.9522349,1.0000105,0.9566694,0.95378065,0.9465478,0.9492505,0.9503832,0.946618,0.95090085,0.95638645,0.9503523,0.9492093,0.9490334,0.96146023,0.95333445,0.9627868,0.9515819,0.95164907,0.9522404,0.95565766,0.9590772,0.9505211,0.9517424,0.9557629,0.94956887,0.95735407,0.9603781,0.957596,0.9489491,0.95386434,0.94669396,0.9544207,0.9688075,0.95217156,0.9493825,0.95975596,0.9512856,0.9520577,0.9524002,0.958157
POU2F3,0.94679636,0.9475383,0.95041686,0.9538581,0.95187074,0.954622,0.9519549,0.95014375,0.9514374,0.9486862,0.95264846,0.9523591,0.9509188,0.9519007,0.95438987,0.9545557,0.951641,0.94739795,0.95470095,0.949718,0.9508202,0.9514974,0.9488584,0.94711477,0.95226854,0.9514654,0.9494616,0.95073754,0.94960976,0.9524707,0.94932944,0.9522781,0.9526005,0.9484036,0.95153636,0.9493892,0.9574961,0.95323133,0.9538935,0.9505932,0.9535343,0.95174676,0.9546572,0.9550513,0.95042866,0.9500225,0.9505729,0.94911283,0.949754,0.95144486,0.95032835,0.9519271,0.9553672,0.95185304,0.9538401,0.9523019,0.9527002,0.9497449,0.95171833,0.95429724,0.9485786,0.9566694,0.9999952,0.9520864,0.9527038,0.95266104,0.9511391,0.9518268,0.9508542,0.9550374,0.94947535,0.9455931,0.94929534,0.9540808,0.95450085,0.94944096,0.95183563,0.95171475,0.9517898,0.95147955,0.95375216,0.9509975,0.9548218,0.95154315,0.947031,0.94870347,0.9489397,0.9507276,0.95036757,0.95052594,0.95476776,0.9556072,0.9531848,0.9513744,0.9494856,0.9571392,0.9512611,0.9509415,0.9494718,0.95506865
RAB30,0.95009434,0.9518369,0.95239437,0.951215,0.9507707,0.95342743,0.946223,0.9511244,0.9519001,0.9528594,0.950343,0.9533471,0.94896585,0.95147556,0.95191014,0.9493253,0.95419365,0.947896,0.95090646,0.95059955,0.95131546,0.9531843,0.94950706,0.9519445,0.9525161,0.9496349,0.9524935,0.9527866,0.9510956,0.9501089,0.9530948,0.9502369,0.9537747,0.9508303,0.9521375,0.9482271,0.9524357,0.9518559,0.955509,0.94767785,0.9496393,0.9546249,0.9561659,0.95028603,0.95150155,0.94669116,0.9527858,0.9495902,0.9507921,0.94685036,0.9478494,0.9512744,0.9464784,0.95226043,0.94709885,0.9506556,0.9526691,0.95352495,0.95429134,0.95223594,0.9497053,0.95378065,0.9520864,0.99999523,0.9479518,0.9530846,0.952342,0.94691724,0.9493202,0.95143175,0.9527639,0.9537924,0.9513298,0.95369583,0.9509793,0.9522772,0.9543477,0.9477204,0.9520637,0.95294374,0.9528825,0.9511573,0.95078754,0.95077527,0.950176,0.94918907,0.952054,0.95309544,0.9500489,0.9490801,0.95064455,0.9526043,0.95319253,0.9529632,0.95254606,0.9545431,0.95237947,0.950884,0.9512305,0.9523119
RAMP1,0.9440284,0.95085967,0.9461609,0.94791347,0.9468905,0.9438009,0.9523824,0.94801545,0.9443081,0.9493115,0.94947153,0.94932795,0.95213866,0.9528483,0.9527958,0.95456344,0.9492291,0.94091946,0.95500946,0.95301795,0.95756274,0.95007384,0.9433068,0.9429083,0.9513037,0.95575583,0.9452052,0.9497282,0.9494104,0.95058936,0.94331765,0.9497436,0.9488749,0.9507916,0.9520616,0.94318396,0.95221865,0.94371253,0.9521326,0.94408715,0.9464122,0.9473221,0.9524374,0.95269406,0.948621,0.9540945,0.9480931,0.94557756,0.9478323,0.9520532,0.9559673,0.94334316,0.9551877,0.9479008,0.95163226,0.9567627,0.9465945,0.9461753,0.94617176,0.95558107,0.95225346,0.9465478,0.9527038,0.9479518,0.99999624,0.9569762,0.9458524,0.9533733,0.9466152,0.9600224,0.94440603,0.9432614,0.94846463,0.9526906,0.9525309,0.9455761,0.9519448,0.94736993,0.94930136,0.9446792,0.9408235,0.9489018,0.9615227,0.95092326,0.9482538,0.9470176,0.9443222,0.9539089,0.9530224,0.9437242,0.9582074,0.95348936,0.94749236,0.94582236,0.9469093,0.9533475,0.95276755,0.9481711,0.94096375,0.9560746
RASD2,0.94409275,0.9524872,0.951268,0.9489808,0.9501285,0.94936454,0.95078427,0.9506415,0.9489612,0.952067,0.95002747,0.952891,0.9520548,0.9543887,0.95427054,0.95290667,0.95083296,0.9445854,0.9553253,0.9506898,0.9522722,0.9537006,0.946019,0.9465537,0.9544567,0.95010906,0.9487612,0.9519603,0.94976634,0.9527982,0.94897324,0.95262325,0.9520252,0.9521714,0.9543408,0.9444456,0.95381325,0.948269,0.9528381,0.94758534,0.95028806,0.95137185,0.9528551,0.95132136,0.95117563,0.95191956,0.9497437,0.9473264,0.95053184,0.9511783,0.95357573,0.946749,0.95184135,0.95028204,0.9528552,0.95491314,0.9484602,0.9480811,0.9512874,0.9532256,0.9523371,0.9492505,0.95266104,0.9530846,0.9569762,0.99999297,0.94973934,0.9495963,0.946988,0.95789087,0.94916576,0.94470996,0.94962084,0.9531661,0.95289636,0.9498445,0.9548466,0.94758254,0.951857,0.94874156,0.9481447,0.9528776,0.9582092,0.95356435,0.94819444,0.9454555,0.949419,0.9538133,0.95217174,0.94615024,0.95656,0.9535004,0.9509227,0.94931257,0.95023423,0.9539373,0.95234716,0.9503099,0.94564867,0.956105
RCBTB1,0.94971615,0.94939786,0.9510089,0.950237,0.95146453,0.95302296,0.9496888,0.9515793,0.9499521,0.94947267,0.95202935,0.9511803,0.950228,0.9504454,0.9489727,0.9487907,0.95166457,0.9522043,0.95009315,0.9491496,0.9486836,0.95124453,0.9535779,0.9521732,0.95111793,0.9492509,0.951039,0.9494908,0.9496651,0.94837,0.9518493,0.94962287,0.95061,0.9495217,0.94943804,0.9518337,0.9509258,0.95361936,0.9482928,0.95021087,0.95015883,0.94997734,0.9496718,0.95120025,0.9494826,0.94721615,0.9522028,0.95058596,0.95058393,0.9480444,0.947804,0.95222646,0.9486444,0.9513879,0.94837195,0.9465281,0.952206,0.9515566,0.9530815,0.9501531,0.9494088,0.9503832,0.9511391,0.952342,0.9458524,0.94973934,1.0000069,0.94872046,0.9510833,0.94761515,0.95141774,0.949114,0.9505447,0.95262456,0.9491018,0.94986385,0.9501462,0.9516871,0.9514172,0.9515099,0.9524875,0.94975686,0.94773024,0.9500408,0.9506173,0.95281756,0.9515716,0.949162,0.9453125,0.95101714,0.9487444,0.95161086,0.94969904,0.9522635,0.949369,0.94931835,0.948525,0.95150536,0.9514434,0.9489054
RETN,0.9444624,0.95013267,0.94909006,0.9540223,0.9488102,0.95210797,0.9633202,0.95347816,0.9502007,0.9473883,0.95115614,0.945506,0.9478448,0.94763887,0.9496367,0.95477587,0.94863397,0.9550524,0.95498323,0.94709384,0.9522141,0.94684494,0.9495978,0.9472484,0.9491477,0.95201755,0.9470903,0.9440617,0.94673365,0.9530486,0.94670016,0.9480649,0.9411897,0.94913644,0.94620955,0.9535778,0.9514688,0.95261717,0.94584435,0.9557606,0.95479244,0.94609106,0.94606763,0.95714533,0.94659853,0.9495746,0.9473624,0.95132446,0.9485623,0.9527979,0.9467867,0.9548079,0.9532162,0.95057774,0.9598487,0.9497862,0.9535489,0.9441494,0.94348615,0.9565517,0.94933546,0.946618,0.9518268,0.94691724,0.9533733,0.9495963,0.94872046,1.0000005,0.9459516,0.943286,0.94726115,0.94769496,0.94874287,0.9459808,0.9495829,0.9453577,0.95077515,0.95824635,0.9485946,0.9455066,0.94419456,0.94665533,0.94869316,0.9507829,0.9514796,0.9476707,0.94229513,0.9557026,0.95023173,0.96183723,0.9509547,0.94820654,0.94706076,0.9541083,0.94849527,0.9492845,0.9450555,0.9504365,0.9501611,0.94988054
RFX5,0.95300275,0.94406176,0.9484268,0.9499308,0.95039296,0.9467103,0.9464104,0.9475936,0.9463856,0.9447001,0.95116436,0.9495255,0.9483355,0.9522842,0.9534719,0.9470244,0.9481751,0.94891775,0.9499342,0.95105827,0.950146,0.9485315,0.94991595,0.9460752,0.95312893,0.9484032,0.94787204,0.94694257,0.94742054,0.9510145,0.94494855,0.9500069,0.9521424,0.95038563,0.95144427,0.9519221,0.95089066,0.9477343,0.9488739,0.9483954,0.9527533,0.9513433,0.95410407,0.9503106,0.9553905,0.9479975,0.9514411,0.946609,0.9509929,0.9442565,0.94970185,0.9480343,0.9526264,0.95284826,0.9492945,0.95113444,0.95167065,0.94677,0.95387155,0.9503199,0.9488633,0.95090085,0.9508542,0.9493202,0.9466152,0.946988,0.9510833,0.9459516,1.0000124,0.94650674,0.9464556,0.95460325,0.9501475,0.9465797,0.95207703,0.9490623,0.94983846,0.9487194,0.9516083,0.95067936,0.95206964,0.9482231,0.9465687,0.9511136,0.9453589,0.9523661,0.9472555,0.9495245,0.9504077,0.9515912,0.94807625,0.94938684,0.949057,0.9524048,0.951155,0.9455453,0.95168865,0.94701284,0.94753635,0.94751847
RNH1,0.94870126,0.9508896,0.94865096,0.95017976,0.9528759,0.94988877,0.9477887,0.94754046,0.9487543,0.95338106,0.9505749,0.9562342,0.955733,0.95669585,0.95964116,0.9541022,0.953657,0.938082,0.95429885,0.9522862,0.9526681,0.9558612,0.9434155,0.946819,0.9517937,0.9520246,0.9497085,0.9540919,0.9557711,0.95318425,0.9472189,0.9518789,0.957787,0.9484693,0.9553969,0.9396192,0.95306325,0.94729954,0.9591496,0.94273454,0.94638455,0.9512301,0.95627177,0.9493967,0.95370185,0.9506477,0.94933385,0.94371027,0.95014983,0.9531927,0.95387733,0.9447474,0.95357573,0.94899833,0.9477108,0.9579389,0.9514742,0.95190424,0.95333606,0.95144814,0.95180005,0.95638645,0.9550374,0.95143175,0.9600224,0.95789087,0.94761515,0.943286,0.94650674,0.9999934,0.9472436,0.9397528,0.9483051,0.96057427,0.9575874,0.95416003,0.9518261,0.944672,0.95266515,0.94904816,0.9487802,0.95227635,0.9638765,0.95492303,0.9470701,0.9489323,0.9521146,0.953566,0.9539463,0.9378998,0.95662785,0.9594886,0.9570605,0.9461353,0.9479257,0.9600832,0.9583505,0.94958067,0.9426897,0.96017504
RPL26L1,0.9495041,0.95356584,0.950884,0.9519555,0.95042163,0.95491964,0.9452522,0.9512273,0.9538735,0.95113313,0.947604,0.949841,0.9475012,0.9469007,0.94678485,0.9473467,0.95171225,0.9519603,0.94789654,0.94604826,0.9473081,0.9499058,0.9528343,0.955815,0.94987416,0.9478355,0.9536054,0.9525666,0.9502348,0.9470298,0.95536876,0.95055634,0.9513531,0.950048,0.94925785,0.9500422,0.94787765,0.95303774,0.9531001,0.9494451,0.9497285,0.9501706,0.95174766,0.94708174,0.9485663,0.94744956,0.95407724,0.95429045,0.94976217,0.9488763,0.94562334,0.9531988,0.9430341,0.9498035,0.9474794,0.9467588,0.9493706,0.9555114,0.9524032,0.9471909,0.94640756,0.9503523,0.94947535,0.9527639,0.94440603,0.94916576,0.95141774,0.94726115,0.9464556,0.9472436,1.0000069,0.95468587,0.9510284,0.947559,0.9472035,0.95018065,0.95165503,0.9491546,0.94780034,0.9558921,0.9565614,0.9499607,0.9476038,0.9500499,0.9514445,0.94911426,0.9543277,0.94805545,0.9448346,0.950723,0.9487074,0.95129985,0.95017624,0.9510159,0.9506155,0.9481024,0.9490853,0.9504447,0.95594096,0.94841933
RPS6KA1,0.9549855,0.95039177,0.951517,0.9507428,0.94888496,0.95027125,0.9436695,0.9499961,0.94978416,0.9482223,0.9488114,0.9491787,0.944512,0.94885325,0.9480944,0.94395274,0.95192415,0.9545319,0.947368,0.94720787,0.94970536,0.9488419,0.950677,0.950354,0.9498468,0.9469859,0.9504588,0.9504167,0.9470623,0.94963807,0.95360327,0.94676447,0.9493799,0.9506217,0.94782746,0.9559069,0.94758755,0.94999385,0.9508509,0.9492427,0.9513529,0.953226,0.95303285,0.947416,0.9499497,0.9448614,0.95260316,0.94842213,0.9492389,0.94187856,0.9436914,0.9512225,0.94483316,0.9495799,0.94532746,0.9463628,0.9519677,0.9499115,0.94960845,0.94582033,0.95082194,0.9492093,0.9455931,0.9537924,0.9432614,0.94470996,0.949114,0.94769496,0.95460325,0.9397528,0.95468587,1.0000079,0.952368,0.944547,0.9473673,0.9519541,0.9522717,0.9495441,0.949144,0.9549397,0.9538386,0.9486935,0.94138014,0.9496521,0.95036346,0.9521722,0.95078665,0.95182097,0.94869,0.95388556,0.9430847,0.9465529,0.950326,0.952904,0.9512656,0.9464033,0.9487092,0.94646,0.955663,0.9458059
RYK,0.9533505,0.9527212,0.9495131,0.95124793,0.9503651,0.9484708,0.94820225,0.94985545,0.94972616,0.95416784,0.9507001,0.951306,0.9525846,0.9514572,0.9491529,0.9516422,0.9526477,0.9523315,0.94927657,0.949976,0.95256907,0.95283926,0.9488261,0.9513077,0.9488341,0.94794726,0.95055753,0.9528876,0.95190775,0.95010966,0.9513953,0.9491539,0.95105857,0.9498885,0.94949317,0.94839144,0.95013696,0.9486905,0.95156384,0.9494246,0.948095,0.9487977,0.95054686,0.9481678,0.9476513,0.94896966,0.9498422,0.94712,0.9503409,0.9489555,0.947843,0.95001847,0.9476018,0.9490763,0.9478413,0.9493224,0.95135564,0.94977885,0.9513554,0.94876355,0.9535837,0.9490334,0.94929534,0.9513298,0.94846463,0.94962084,0.9505447,0.94874287,0.9501475,0.9483051,0.9510284,0.952368,1.0000091,0.95244145,0.949134,0.9528918,0.9500293,0.94874585,0.9499165,0.9501242,0.94907624,0.95208573,0.9477627,0.95230585,0.9543941,0.9504474,0.9520347,0.9509826,0.9505172,0.9507619,0.9476142,0.9487044,0.9538583,0.9500284,0.9490123,0.95166594,0.948418,0.94836867,0.94999003,0.9527589
S100P,0.9512998,0.94907576,0.95195115,0.952046,0.95845914,0.9503161,0.94968694,0.951663,0.94994205,0.95775634,0.955657,0.95590293,0.9558712,0.95797706,0.95812625,0.952441,0.95546997,0.9462771,0.95173347,0.9503277,0.95301044,0.95676124,0.9482704,0.95109504,0.94918525,0.9528374,0.9521655,0.9565475,0.95639634,0.9511595,0.94898355,0.9501451,0.9570444,0.94885296,0.9520911,0.9462629,0.9525353,0.94934964,0.9548317,0.94890344,0.947451,0.95205283,0.9535288,0.94947916,0.951493,0.9488173,0.9501806,0.94769263,0.9511664,0.9513085,0.950715,0.9504799,0.95344454,0.94862986,0.9462166,0.9551491,0.9542501,0.95179456,0.9537408,0.95221376,0.9556956,0.96146023,0.9540808,0.95369583,0.9526906,0.9531661,0.95262456,0.9459808,0.9465797,0.96057427,0.947559,0.944547,0.95244145,1.000012,0.95311105,0.9597172,0.9535439,0.94828653,0.95224625,0.9506301,0.9489947,0.9546697,0.9537716,0.9558963,0.95108855,0.9513354,0.9577769,0.9557682,0.9509938,0.9442932,0.9505514,0.95505,0.96260434,0.9485067,0.9490328,0.9601071,0.9521347,0.9507493,0.9474905,0.96191585
SAMHD1,0.95004046,0.9477418,0.9509783,0.9511649,0.9522702,0.94869375,0.9520842,0.9487702,0.9487481,0.94897103,0.9509599,0.9530823,0.9528126,0.95735323,0.95513123,0.95084363,0.9506516,0.94602257,0.95610166,0.95118564,0.9510365,0.9526291,0.9474394,0.94360995,0.95072025,0.9504764,0.9500033,0.9520457,0.9490655,0.9553741,0.9449788,0.948493,0.9542843,0.9499098,0.95231956,0.94387764,0.95351934,0.9506096,0.95553243,0.9477651,0.9518874,0.9512937,0.9543891,0.95260197,0.9549695,0.9487719,0.9497729,0.94377226,0.95167786,0.9498257,0.9514668,0.94859254,0.9548685,0.95153016,0.9510525,0.9551684,0.9526491,0.9462219,0.9513924,0.95324427,0.95094943,0.95333445,0.95450085,0.9509793,0.9525309,0.95289636,0.9491018,0.9495829,0.95207703,0.9575874,0.9472035,0.9473673,0.949134,0.95311105,1.0000076,0.9502556,0.9502788,0.94909745,0.9526608,0.94756615,0.94824183,0.9499198,0.9549336,0.9549474,0.9477891,0.94890344,0.94874704,0.95117396,0.95927703,0.9498025,0.951216,0.95374316,0.953067,0.9510587,0.95033497,0.9534146,0.9551455,0.9473299,0.9449904,0.95679975
SH2D2A,0.9582826,0.9497625,0.9515703,0.9509834,0.957155,0.95109653,0.9482206,0.9512478,0.9520692,0.9591322,0.9541056,0.9551861,0.95824504,0.9549682,0.9556768,0.9516237,0.95446914,0.9526046,0.94735956,0.94800985,0.950776,0.9574787,0.949239,0.9514567,0.9474839,0.9478587,0.95208603,0.95765525,0.95770264,0.95447344,0.95111036,0.949434,0.9554294,0.9475558,0.95033777,0.9490886,0.9494336,0.949142,0.95370317,0.9492028,0.9486442,0.95263964,0.95183533,0.9476712,0.95183086,0.9482455,0.94859874,0.9476034,0.9501423,0.95047367,0.95026696,0.95041865,0.95095295,0.9478476,0.9477507,0.95279753,0.9569561,0.950273,0.9533265,0.94550014,0.9561104,0.9627868,0.94944096,0.9522772,0.9455761,0.9498445,0.94986385,0.9453577,0.9490623,0.95416003,0.95018065,0.9519541,0.9528918,0.9597172,0.9502556,0.9999978,0.9517988,0.9464827,0.9512128,0.95222056,0.95045227,0.9511548,0.9502831,0.9578768,0.9525475,0.9515332,0.95653605,0.95722497,0.9514289,0.94757617,0.94415087,0.95128465,0.9629621,0.95200026,0.9483735,0.95730937,0.9511549,0.9508158,0.95045245,0.95612484
SH3KBP1,0.94411635,0.9508047,0.9535664,0.9514323,0.9521844,0.95161885,0.9490117,0.95319664,0.9501678,0.95162207,0.9499445,0.9527838,0.94799435,0.9518111,0.9559468,0.94933736,0.9543304,0.94876575,0.9526577,0.94983447,0.9493235,0.95300573,0.9478205,0.95049596,0.9542753,0.95100397,0.9499753,0.9538721,0.94686353,0.95437133,0.9507382,0.9517307,0.9515821,0.9517133,0.9518109,0.9499148,0.9516021,0.94902,0.9546233,0.9493219,0.95176613,0.9533692,0.95493907,0.95105577,0.95201033,0.9483904,0.95345616,0.94906104,0.9500018,0.9454616,0.9492999,0.95020556,0.94674253,0.9504545,0.95121396,0.9524861,0.94989145,0.9501116,0.951541,0.9518352,0.9529393,0.9515819,0.95183563,0.9543477,0.9519448,0.9548466,0.9501462,0.95077515,0.94983846,0.9518261,0.95165503,0.9522717,0.9500293,0.9535439,0.9502788,0.9517988,1.0000029,0.9472966,0.95213425,0.95221484,0.9501657,0.95246017,0.95263964,0.9518881,0.949726,0.947073,0.9492034,0.9579579,0.95132405,0.9482571,0.9519713,0.95342743,0.95165294,0.95197743,0.95167834,0.9527421,0.95092946,0.95192635,0.94935364,0.95301527
SIKE1,0.9445294,0.9479194,0.949885,0.9525147,0.9531209,0.9542475,0.9585789,0.9524785,0.95258826,0.9483821,0.9550424,0.94834715,0.94737446,0.9468711,0.94954294,0.9516362,0.9503287,0.95470256,0.9515677,0.94630206,0.9466717,0.94660825,0.9505607,0.9508013,0.9499892,0.9477717,0.94813025,0.9456565,0.9477439,0.95060325,0.9510857,0.94916916,0.9432886,0.94792175,0.9454615,0.9580847,0.95152175,0.95714164,0.9465134,0.9582536,0.95474786,0.9466518,0.94469446,0.95649225,0.9493302,0.94750965,0.94814414,0.9531066,0.94944626,0.9490947,0.9458549,0.9553687,0.9514934,0.9508208,0.95681036,0.94731843,0.9550816,0.9456706,0.9467732,0.95186394,0.9483007,0.95164907,0.95171475,0.9477204,0.94736993,0.94758254,0.9516871,0.95824635,0.9487194,0.944672,0.9491546,0.9495441,0.94874585,0.94828653,0.94909745,0.9464827,0.9472966,0.9999982,0.9497376,0.9474834,0.95287204,0.9460781,0.94697887,0.9490792,0.94907516,0.95094013,0.9493002,0.95231044,0.9473908,0.96118236,0.94827324,0.94791603,0.9484578,0.9526521,0.949302,0.94749534,0.9455842,0.95164996,0.9530511,0.9467952
SIT1,0.9481993,0.9483911,0.9508358,0.94980806,0.94987935,0.95109445,0.9499911,0.95077515,0.949845,0.94943386,0.94967014,0.9539857,0.9508307,0.95252514,0.95184773,0.9513264,0.9516705,0.9492871,0.95141727,0.9522889,0.9485306,0.9536649,0.94930625,0.94869787,0.9530974,0.94814694,0.9484483,0.95040274,0.9498051,0.95052284,0.9485099,0.9515217,0.9529753,0.9532708,0.9557987,0.94786537,0.9542866,0.95016736,0.95120853,0.94860005,0.9527589,0.9531241,0.95078003,0.950535,0.95138717,0.95109534,0.95160043,0.948014,0.95276535,0.9473294,0.9531424,0.9490819,0.9506043,0.95224977,0.95041716,0.9509228,0.9506743,0.94899833,0.954249,0.951534,0.95099306,0.9522404,0.9517898,0.9520637,0.94930136,0.951857,0.9514172,0.9485946,0.9516083,0.95266515,0.94780034,0.949144,0.9499165,0.95224625,0.9526608,0.9512128,0.95213425,0.9497376,0.9999988,0.9498881,0.9522562,0.95293313,0.9520864,0.9527847,0.94789845,0.9490453,0.9485072,0.95130295,0.9505111,0.9485345,0.9500343,0.95107985,0.9519509,0.9519522,0.95162535,0.9523604,0.9518499,0.950929,0.94945425,0.95074314
SLC25A33,0.9515721,0.9493438,0.9515486,0.95277977,0.951932,0.95633525,0.9453938,0.95215577,0.9527142,0.9509725,0.9497923,0.95214283,0.94945586,0.9489522,0.9521233,0.94875085,0.9524538,0.95203596,0.9479656,0.9461093,0.9456824,0.9519757,0.9492325,0.9529469,0.9504781,0.9501357,0.9540919,0.9517031,0.95164925,0.94912976,0.95444876,0.9499822,0.9536345,0.94813025,0.95070946,0.9534815,0.9505162,0.9532384,0.9533827,0.9485048,0.95110935,0.9518548,0.95281285,0.9481195,0.9509113,0.9474332,0.9515089,0.9498626,0.95056283,0.9467708,0.9462063,0.9529498,0.94806576,0.9508182,0.9462488,0.94837344,0.95248044,0.9556682,0.95368737,0.9480779,0.94714004,0.95565766,0.95147955,0.95294374,0.9446792,0.94874156,0.9515099,0.9455066,0.95067936,0.94904816,0.9558921,0.9549397,0.9501242,0.9506301,0.94756615,0.95222056,0.95221484,0.9474834,0.9498881,1.0000073,0.9582184,0.9519697,0.9489599,0.95062137,0.95135283,0.95266086,0.95665455,0.9479004,0.9452256,0.95014524,0.94919723,0.95218956,0.9525669,0.9525509,0.94986796,0.9503241,0.9506947,0.9504472,0.9540294,0.9491296
SLC25A4,0.9474757,0.9462963,0.95093644,0.9530231,0.9562755,0.95933324,0.9439353,0.9502631,0.9535123,0.94885147,0.95107,0.95339197,0.9473663,0.9473467,0.9520052,0.9474155,0.95201355,0.9528537,0.9465915,0.9462068,0.9417397,0.948828,0.95038235,0.9552679,0.95262134,0.94710237,0.9540468,0.9520584,0.9492997,0.94944656,0.9550102,0.94945854,0.9527643,0.9486932,0.9495001,0.9546027,0.9531064,0.95579636,0.95021796,0.9514037,0.9538041,0.9534984,0.95213664,0.94676006,0.9518626,0.9463833,0.95109046,0.9523659,0.9498311,0.9460567,0.9437093,0.95502055,0.94728875,0.95142245,0.94744456,0.94784015,0.95272386,0.9544836,0.9550161,0.9473057,0.9431112,0.9590772,0.95375216,0.9528825,0.9408235,0.9481447,0.9524875,0.94419456,0.95206964,0.9487802,0.9565614,0.9538386,0.94907624,0.9489947,0.94824183,0.95045227,0.9501657,0.95287204,0.9522562,0.9582184,0.99999994,0.9500278,0.9475498,0.9476444,0.94749725,0.9521749,0.9583514,0.9477305,0.94405854,0.95335454,0.9483075,0.9529444,0.95203173,0.9513096,0.95128983,0.9478649,0.9503236,0.9511761,0.9555135,0.9464503
SOX15,0.9482705,0.9512798,0.9515203,0.9481752,0.95043796,0.9512278,0.9459874,0.9500782,0.9503994,0.9538644,0.9507925,0.95478153,0.9496446,0.95220804,0.95003814,0.94993746,0.952216,0.9460245,0.9504334,0.9510124,0.9505485,0.9543766,0.9483477,0.94991165,0.95146304,0.9466717,0.9497372,0.9521067,0.9500299,0.95111674,0.9515135,0.9533539,0.9524199,0.95188904,0.9530258,0.94615954,0.9512776,0.9494065,0.9535618,0.9502382,0.9487708,0.95288384,0.95121765,0.94958186,0.9500782,0.95085937,0.95137537,0.94844496,0.95177835,0.94874275,0.95317245,0.94978327,0.94686705,0.95114887,0.94868374,0.9510044,0.9486352,0.9513636,0.9537705,0.9497175,0.9508999,0.9505211,0.9509975,0.9511573,0.9489018,0.9528776,0.94975686,0.94665533,0.9482231,0.95227635,0.9499607,0.9486935,0.95208573,0.9546697,0.9499198,0.9511548,0.95246017,0.9460781,0.95293313,0.9519697,0.9500278,0.9999929,0.9513372,0.9504882,0.95113915,0.9474072,0.95179665,0.94977164,0.95020634,0.94643885,0.95146054,0.95044076,0.95208347,0.94839454,0.9502826,0.9543386,0.9500104,0.94899195,0.9485245,0.9525653
SPATA2,0.9436779,0.9501283,0.9468059,0.95007247,0.9505785,0.94769037,0.94888115,0.9484953,0.9470307,0.9498826,0.9500133,0.95253414,0.95136887,0.95401037,0.953843,0.9522825,0.9507802,0.93908906,0.9569569,0.95267934,0.9532299,0.95327014,0.9458229,0.9457654,0.95262134,0.95279074,0.9495371,0.9529658,0.95128155,0.95205265,0.9446295,0.9534482,0.9529805,0.9500421,0.9546047,0.9405083,0.9542308,0.94719505,0.95657665,0.94358116,0.9496729,0.95101243,0.9554868,0.95058715,0.9514121,0.9533815,0.9497831,0.94566363,0.9499704,0.953128,0.95514286,0.9451206,0.95610636,0.95004594,0.9518111,0.9557228,0.94817066,0.94859,0.95052063,0.9536088,0.9509292,0.9517424,0.9548218,0.95078754,0.9615227,0.9582092,0.94773024,0.94869316,0.9465687,0.9638765,0.9476038,0.94138014,0.9477627,0.9537716,0.9549336,0.9502831,0.95263964,0.94697887,0.9520864,0.9489599,0.9475498,0.9513372,0.9999919,0.9547012,0.9477773,0.947016,0.9498141,0.9498002,0.9534564,0.94277674,0.9565861,0.95709896,0.95012563,0.9467472,0.9489213,0.95559466,0.955157,0.9496882,0.94419503,0.9580899
SUMF1,0.95377326,0.9523078,0.9479922,0.954193,0.95165616,0.9503647,0.9508975,0.94943964,0.9489836,0.954211,0.95434296,0.95257896,0.95605874,0.95474166,0.9539496,0.9529843,0.95293343,0.94873035,0.9538966,0.94861877,0.954864,0.9566805,0.9506629,0.94896555,0.9502004,0.95172447,0.9507372,0.95369124,0.95585734,0.95216984,0.9493882,0.95056164,0.95505965,0.9491628,0.9519406,0.9474475,0.95283073,0.9516007,0.95475614,0.9465341,0.9517625,0.9486551,0.9555719,0.95250285,0.9510884,0.95078063,0.9500579,0.94866234,0.95127404,0.950501,0.9500735,0.9498199,0.9558232,0.948555,0.950575,0.9529483,0.9551006,0.948736,0.9520945,0.9536151,0.9550742,0.9557629,0.95154315,0.95077527,0.95092326,0.95356435,0.9500408,0.9507829,0.9511136,0.95492303,0.9500499,0.9496521,0.95230585,0.9558963,0.9549474,0.9578768,0.9518881,0.9490792,0.9527847,0.95062137,0.9476444,0.9504882,0.9547012,1.0000005,0.95289445,0.9526896,0.95228815,0.95357585,0.9507972,0.95091796,0.9481945,0.95229423,0.9565677,0.95059645,0.9473273,0.9536463,0.9494644,0.9495397,0.94897723,0.9566089
SYNE1,0.9532739,0.95384026,0.94951147,0.9498764,0.9508463,0.9499988,0.95124763,0.95121527,0.9518963,0.95397633,0.9505088,0.9496025,0.95150197,0.95059586,0.9462407,0.9511288,0.95300937,0.95266306,0.9500549,0.9484842,0.9528477,0.9523558,0.9507651,0.9526837,0.9470197,0.9502973,0.950379,0.9523081,0.9547022,0.9483728,0.9548132,0.9484288,0.94920456,0.9486322,0.9480772,0.95163625,0.94882613,0.95201325,0.9504403,0.94923884,0.94675714,0.94763315,0.9498205,0.9501093,0.9448505,0.9489195,0.9495435,0.9530964,0.95028174,0.9496952,0.9482324,0.95359457,0.9488297,0.9481414,0.9475638,0.948057,0.95237124,0.95169306,0.9488677,0.9493981,0.95415163,0.94956887,0.947031,0.950176,0.9482538,0.94819444,0.9506173,0.9514796,0.9453589,0.9470701,0.9514445,0.95036346,0.9543941,0.95108855,0.9477891,0.9525475,0.949726,0.94907516,0.94789845,0.95135283,0.94749725,0.95113915,0.9477773,0.95289445,0.9999916,0.9513247,0.95147973,0.9511832,0.9456128,0.95057607,0.9479765,0.9477557,0.952023,0.95061904,0.94868827,0.95029724,0.9451841,0.9511547,0.9507859,0.9525439
TCEAL1,0.9566704,0.94609386,0.946854,0.9530183,0.9577488,0.95392275,0.950737,0.95093197,0.948031,0.9507779,0.9559939,0.9491932,0.9529308,0.9535951,0.95242894,0.9525597,0.9536811,0.9553474,0.9502988,0.94818926,0.9522223,0.9495388,0.94967526,0.95243263,0.9475311,0.9550812,0.9512338,0.9484475,0.95823705,0.94801944,0.9486115,0.9462414,0.95163614,0.94766563,0.94762653,0.9573924,0.9498926,0.9556752,0.9453038,0.9453316,0.94801104,0.94690955,0.9512269,0.9490912,0.9485477,0.94607437,0.9482156,0.95275533,0.9499522,0.9485993,0.94551855,0.95532495,0.9559537,0.9482062,0.94452345,0.95164955,0.95980734,0.95322615,0.95158195,0.9492583,0.95158654,0.95735407,0.94870347,0.94918907,0.9470176,0.9454555,0.95281756,0.9476707,0.9523661,0.9489323,0.94911426,0.9521722,0.9504474,0.9513354,0.94890344,0.9515332,0.947073,0.95094013,0.9490453,0.95266086,0.9521749,0.9474072,0.947016,0.9526896,0.9513247,1.0000079,0.9563162,0.9543071,0.94176865,0.9532154,0.9439721,0.949117,0.9556873,0.95045555,0.94602394,0.95109683,0.94449574,0.95159286,0.95087457,0.95235586
TESPA1,0.95397806,0.9504153,0.95090365,0.9556443,0.96610445,0.95639443,0.94498265,0.95097667,0.95305455,0.9580386,0.95536894,0.9547162,0.95366704,0.95235485,0.9526798,0.9493739,0.953965,0.95244336,0.94773126,0.94757736,0.9469937,0.95466274,0.94961405,0.954518,0.9475634,0.94963956,0.95670396,0.9541923,0.9570882,0.9493226,0.9535916,0.94986534,0.95438313,0.94802976,0.9506273,0.9510522,0.9496544,0.9551227,0.95327973,0.9509556,0.94721764,0.9524468,0.95099705,0.94614774,0.9522522,0.94690704,0.94993806,0.95103914,0.9514516,0.9511846,0.9462164,0.9546863,0.9499673,0.9484867,0.9443675,0.9488912,0.9570335,0.95584714,0.9539659,0.9462167,0.94981587,0.9603781,0.9489397,0.952054,0.9443222,0.949419,0.9515716,0.94229513,0.9472555,0.9521146,0.9543277,0.95078665,0.9520347,0.9577769,0.94874704,0.95653605,0.9492034,0.9493002,0.9485072,0.95665455,0.9583514,0.95179665,0.9498141,0.95228815,0.95147973,0.9563162,0.99999493,0.9506325,0.9439513,0.94724447,0.9467984,0.9509424,0.95888114,0.94891346,0.94951135,0.9531548,0.94852114,0.95166934,0.9547469,0.95276403
THYN1,0.94973904,0.9480761,0.94990134,0.9514155,0.959186,0.9486475,0.9544819,0.95439863,0.94899935,0.95596004,0.96050656,0.95230955,0.9524573,0.95690966,0.96056426,0.9556258,0.955517,0.9532751,0.9527162,0.94975674,0.9538459,0.95284605,0.946046,0.94884765,0.95148534,0.9519959,0.9496222,0.95173573,0.9528481,0.9568245,0.9484978,0.94915634,0.9504198,0.9498558,0.9479828,0.95378315,0.9518413,0.95072806,0.9505007,0.9497991,0.951003,0.9527047,0.9534761,0.9526138,0.9515817,0.9488531,0.9486877,0.94833434,0.9497448,0.9481685,0.94815844,0.9523923,0.95465183,0.9477324,0.9541423,0.95985496,0.956925,0.9456878,0.9489969,0.95278615,0.9549366,0.957596,0.9507276,0.95309544,0.9539089,0.9538133,0.949162,0.9557026,0.9495245,0.953566,0.94805545,0.95182097,0.9509826,0.9557682,0.95117396,0.95722497,0.9579579,0.95231044,0.95130295,0.9479004,0.9477305,0.94977164,0.9498002,0.95357585,0.9511832,0.9543071,0.9506325,0.9999905,0.9512778,0.9541426,0.949576,0.9489763,0.9576339,0.9518759,0.9492379,0.9576188,0.95016646,0.951435,0.94832265,0.95589113
TP53,0.94959867,0.9496375,0.95061004,0.9489329,0.94885737,0.9427896,0.95038354,0.94680095,0.94366765,0.9487695,0.9483991,0.95018965,0.9491145,0.95320284,0.95396465,0.9486542,0.94877416,0.94494903,0.9502418,0.9516123,0.949679,0.9507385,0.94513035,0.9396214,0.9498178,0.94773114,0.9489992,0.95007026,0.94342566,0.9607028,0.94045085,0.94942087,0.9503611,0.9504161,0.95076275,0.9444114,0.9507605,0.9417557,0.9524378,0.9485506,0.95219636,0.95089346,0.95203793,0.94996727,0.96160984,0.94915205,0.94918936,0.9351092,0.9513017,0.9490911,0.9507129,0.9420702,0.95015794,0.94995415,0.95620173,0.95377135,0.9476112,0.93716854,0.949653,0.9507043,0.9516939,0.9489491,0.95036757,0.9500489,0.9530224,0.95217174,0.9453125,0.95023173,0.9504077,0.9539463,0.9448346,0.94869,0.9505172,0.9509938,0.95927703,0.9514289,0.95132405,0.9473908,0.9505111,0.9452256,0.94405854,0.95020634,0.9534564,0.9507972,0.9456128,0.94176865,0.9439513,0.9512778,1.0000029,0.9475336,0.9488728,0.9507629,0.95187944,0.94856685,0.9507135,0.9500586,0.9600172,0.9432074,0.94317627,0.95233196
TRIT1,0.9513533,0.948213,0.9498017,0.9544877,0.95493126,0.9556085,0.95962167,0.95373017,0.9527963,0.9466808,0.95539546,0.94579154,0.9456865,0.9487436,0.95104873,0.95133716,0.9512216,0.962343,0.95213664,0.94475377,0.9483111,0.94737047,0.95149505,0.95030797,0.9481538,0.9503285,0.95096225,0.94407475,0.9470873,0.95252895,0.94966286,0.94677174,0.94281846,0.94791985,0.94427335,0.96028405,0.9517807,0.9595759,0.943572,0.9578826,0.95775,0.94532454,0.9473851,0.95680994,0.948956,0.9472193,0.9483743,0.9533347,0.95079464,0.9473857,0.94175804,0.9587576,0.95295864,0.95012367,0.9580408,0.94728845,0.9581974,0.9453341,0.9479119,0.953941,0.9485357,0.95386434,0.95052594,0.9490801,0.9437242,0.94615024,0.95101714,0.96183723,0.9515912,0.9378998,0.950723,0.95388556,0.9507619,0.9442932,0.9498025,0.94757617,0.9482571,0.96118236,0.9485345,0.95014524,0.95335454,0.94643885,0.94277674,0.95091796,0.95057607,0.9532154,0.94724447,0.9541426,0.9475336,1.0000072,0.94401795,0.9474565,0.9501493,0.9545022,0.94830024,0.94618714,0.94344866,0.9494213,0.95571053,0.94551307
TRMT10A,0.9429517,0.9500279,0.94923896,0.94649625,0.9479695,0.94909465,0.9483126,0.948425,0.9490811,0.9487213,0.9481542,0.95177186,0.9509143,0.95079786,0.95021015,0.9519118,0.9486927,0.9430774,0.95288855,0.95055735,0.9522357,0.95016253,0.9470903,0.94716924,0.95416033,0.95201075,0.9473924,0.9498112,0.950949,0.9478317,0.94887984,0.9514563,0.9507776,0.95172703,0.95287144,0.9445973,0.9527836,0.9484488,0.95285875,0.94764185,0.94742286,0.9487511,0.95262015,0.9501115,0.9476095,0.95223945,0.9498076,0.94932103,0.94804275,0.95078814,0.9539609,0.947361,0.95105183,0.9507926,0.95112896,0.9487018,0.94613415,0.94963574,0.94770294,0.9527398,0.94910794,0.94669396,0.95476776,0.95064455,0.9582074,0.95656,0.9487444,0.9509547,0.94807625,0.95662785,0.9487074,0.9430847,0.9476142,0.9505514,0.951216,0.94415087,0.9519713,0.94827324,0.9500343,0.94919723,0.9483075,0.95146054,0.9565861,0.9481945,0.9479765,0.9439721,0.9467984,0.949576,0.9488728,0.94401795,1.0000067,0.9557347,0.94528306,0.9483087,0.949971,0.9512157,0.9506811,0.9510927,0.9462439,0.9528398
TRPM2,0.94770044,0.95243704,0.95056784,0.95264375,0.95145774,0.953884,0.9475007,0.94873023,0.9502263,0.95150745,0.9503191,0.9526851,0.9511881,0.95264274,0.9558545,0.9527714,0.9516123,0.94402665,0.9525368,0.9492184,0.9489318,0.95333195,0.94751924,0.9493996,0.9555662,0.95292616,0.95257366,0.9540519,0.9530907,0.94834566,0.9482361,0.95228434,0.955676,0.94941056,0.953285,0.94434154,0.9526323,0.9496025,0.9569623,0.9471941,0.94951403,0.9510594,0.9573301,0.95084596,0.9498647,0.9483127,0.95098317,0.9479862,0.9513697,0.95475334,0.9510543,0.94852966,0.9521541,0.95031583,0.9482314,0.9502334,0.95063025,0.9543947,0.95378435,0.95422095,0.94776297,0.9544207,0.9556072,0.9526043,0.95348936,0.9535004,0.95161086,0.94820654,0.94938684,0.9594886,0.95129985,0.9465529,0.9487044,0.95505,0.95374316,0.95128465,0.95342743,0.94791603,0.95107985,0.95218956,0.9529444,0.95044076,0.95709896,0.95229423,0.9477557,0.949117,0.9509424,0.9489763,0.9507629,0.9474565,0.9557347,0.99999905,0.95096064,0.9486489,0.9487875,0.95268476,0.9522194,0.95085233,0.94852316,0.95509773
TRPV2,0.9599303,0.9488484,0.948947,0.9557636,0.96094364,0.95293206,0.94864905,0.9498937,0.95228446,0.9564998,0.95641387,0.9564899,0.95600516,0.95552796,0.9596534,0.95799774,0.955765,0.95310223,0.95025074,0.94853103,0.95184755,0.95697254,0.9490744,0.9508121,0.9468862,0.9514098,0.95334965,0.9536278,0.9593974,0.9520955,0.95008355,0.9488264,0.9565967,0.94746304,0.9501425,0.9546144,0.9532387,0.9522295,0.9528195,0.94675523,0.9505447,0.9503933,0.95404845,0.94677186,0.95037735,0.9474408,0.94836664,0.94815266,0.95198077,0.95189416,0.9476659,0.9524016,0.9538161,0.9492921,0.94667935,0.9557899,0.95848435,0.95099103,0.95457566,0.9468078,0.9564165,0.9688075,0.9531848,0.95319253,0.94749236,0.9509227,0.94969904,0.94706076,0.949057,0.9570605,0.95017624,0.950326,0.9538583,0.96260434,0.953067,0.9629621,0.95165294,0.9484578,0.9519509,0.9525669,0.95203173,0.95208347,0.95012563,0.9565677,0.952023,0.9556873,0.95888114,0.9576339,0.95187944,0.9501493,0.94528306,0.95096064,1.0000056,0.95187503,0.94792104,0.9600483,0.9513995,0.95017314,0.95150703,0.9589518
TWIST1,0.9518933,0.9485034,0.9525513,0.9516573,0.9494078,0.95123535,0.9516967,0.9509025,0.9512644,0.9477432,0.95028603,0.9507798,0.9519267,0.95096934,0.9499615,0.950915,0.95157784,0.95376354,0.9505804,0.9492755,0.94903904,0.9522743,0.95082164,0.94903535,0.95021176,0.9501382,0.94812876,0.9498689,0.94782174,0.9507195,0.9502528,0.95032054,0.95197946,0.9502184,0.9497955,0.95335907,0.95085025,0.9522446,0.9505993,0.95065904,0.95254046,0.95186347,0.94879997,0.9532898,0.95021373,0.9482854,0.9497341,0.9489758,0.9513189,0.94695884,0.9486917,0.95114297,0.94990623,0.95388746,0.9510344,0.94875824,0.95247483,0.94848466,0.9523842,0.9506046,0.9510877,0.95217156,0.9513744,0.9529632,0.94582236,0.94931257,0.9522635,0.9541083,0.9524048,0.9461353,0.9510159,0.952904,0.9500284,0.9485067,0.9510587,0.95200026,0.95197743,0.9526521,0.9519522,0.9525509,0.9513096,0.94839454,0.9467472,0.95059645,0.95061904,0.95045555,0.94891346,0.9518759,0.94856685,0.9545022,0.9483087,0.9486489,0.95187503,1.0000079,0.95115167,0.95010966,0.947957,0.9502917,0.95106393,0.9501997
ZDHHC5,0.94743043,0.9504893,0.95113415,0.9494754,0.9484891,0.94956017,0.94818085,0.950458,0.9491935,0.9488975,0.9480762,0.9525427,0.9479112,0.950431,0.95006615,0.9461496,0.94811755,0.9492585,0.95044065,0.95428574,0.94841397,0.94993526,0.9486247,0.94859385,0.9517435,0.9472599,0.94933814,0.9496659,0.947568,0.9510057,0.9501225,0.9520365,0.94966084,0.9556967,0.954491,0.9490099,0.9497242,0.94848454,0.9508934,0.94950104,0.95090866,0.95163536,0.9491978,0.94983447,0.95082426,0.9524987,0.951831,0.9475164,0.9508902,0.9468571,0.95058304,0.94899005,0.94613785,0.9531371,0.95043707,0.9494996,0.9487588,0.9481706,0.95079005,0.94864446,0.94916046,0.9493825,0.9494856,0.95254606,0.9469093,0.95023423,0.949369,0.94849527,0.951155,0.9479257,0.9506155,0.9512656,0.9490123,0.9490328,0.95033497,0.9483735,0.95167834,0.949302,0.95162535,0.94986796,0.95128983,0.9502826,0.9489213,0.9473273,0.94868827,0.94602394,0.94951135,0.9492379,0.9507135,0.94830024,0.949971,0.9487875,0.94792104,0.95115167,0.99999964,0.94901055,0.95056576,0.9488559,0.9495875,0.94820344
ZFP14,0.9513605,0.9501886,0.95067674,0.9509482,0.9550362,0.95110303,0.95313776,0.95325637,0.9516653,0.9560275,0.9556124,0.955213,0.9542903,0.95601285,0.9541819,0.9553687,0.95622194,0.94548845,0.9544939,0.95122015,0.9557116,0.956097,0.9495204,0.94942904,0.9502606,0.951704,0.9506683,0.95441264,0.95528466,0.9525118,0.9505385,0.9504004,0.95361793,0.9495132,0.9518393,0.9485436,0.95575225,0.9528693,0.9556938,0.94747233,0.9491832,0.9531708,0.95358974,0.9501828,0.950101,0.9513139,0.94879854,0.9495142,0.94969976,0.9524662,0.9515389,0.9519644,0.9550074,0.9491883,0.94937986,0.95622075,0.9540616,0.9506214,0.9508478,0.9532216,0.9532427,0.95975596,0.9571392,0.9545431,0.9533475,0.9539373,0.94931835,0.9492845,0.9455453,0.9600832,0.9481024,0.9464033,0.95166594,0.9601071,0.9534146,0.95730937,0.9527421,0.94749534,0.9523604,0.9503241,0.9478649,0.9543386,0.95559466,0.9536463,0.95029724,0.95109683,0.9531548,0.9576188,0.9500586,0.94618714,0.9512157,0.95268476,0.9600483,0.95010966,0.94901055,1.0000075,0.9513539,0.95112884,0.94813555,0.9618992
ZGLP1,0.94796556,0.94943047,0.9511792,0.94841075,0.9501095,0.9478163,0.9449958,0.9485737,0.94595224,0.9487758,0.9485561,0.95350516,0.94897586,0.95151025,0.95393825,0.9490361,0.9499323,0.9436688,0.9494137,0.9520338,0.948703,0.9504851,0.94503653,0.9447889,0.9508713,0.9480372,0.94841164,0.95126975,0.94634944,0.95396817,0.94674915,0.95223093,0.95379746,0.9498018,0.95251024,0.94367766,0.9516148,0.94442517,0.9553335,0.9472815,0.9521513,0.9530616,0.95232505,0.9484999,0.9594077,0.94986534,0.95088285,0.9431964,0.9503777,0.94751155,0.9510515,0.9448255,0.94820637,0.9504718,0.9503271,0.9541492,0.9471826,0.9479552,0.9522027,0.94694144,0.9485796,0.9512856,0.9512611,0.95237947,0.95276755,0.95234716,0.948525,0.9450555,0.95168865,0.9583505,0.9490853,0.9487092,0.948418,0.9521347,0.9551455,0.9511549,0.95092946,0.9455842,0.9518499,0.9506947,0.9503236,0.9500104,0.955157,0.9494644,0.9451841,0.94449574,0.94852114,0.95016646,0.9600172,0.94344866,0.9506811,0.9522194,0.9513995,0.947957,0.95056576,0.9513539,1.0000042,0.9460362,0.944479,0.95039785
ZNF138,0.94751126,0.9492964,0.9506806,0.95003754,0.95238113,0.9538994,0.95066905,0.95302784,0.9520832,0.9506276,0.95211226,0.94919175,0.9517614,0.94927603,0.9504547,0.9518583,0.95072925,0.9508469,0.94881433,0.9479854,0.94838953,0.95036095,0.95025015,0.95197564,0.9495006,0.95027304,0.9505111,0.94962746,0.9537382,0.94838417,0.9525228,0.9499301,0.9505568,0.94937605,0.9493938,0.9524853,0.94883066,0.9528249,0.949655,0.95006853,0.94913405,0.94863325,0.9474892,0.94928044,0.9456158,0.9476341,0.9493957,0.95444596,0.9491223,0.9499709,0.94879633,0.95433897,0.94843405,0.9502311,0.94873244,0.9493078,0.9507282,0.95336086,0.9503361,0.9514823,0.95013356,0.9520577,0.9509415,0.950884,0.9481711,0.9503099,0.95150536,0.9504365,0.94701284,0.94958067,0.9504447,0.94646,0.94836867,0.9507493,0.9473299,0.9508158,0.95192635,0.95164996,0.950929,0.9504472,0.9511761,0.94899195,0.9496882,0.9495397,0.9511547,0.95159286,0.95166934,0.951435,0.9432074,0.9494213,0.9510927,0.95085233,0.95017314,0.9502917,0.9488559,0.95112884,0.9460362,1.0000012,0.9499899,0.95046484
ZNF687,0.9498061,0.9513936,0.9494076,0.95383936,0.95040333,0.95433235,0.9488558,0.952975,0.95804834,0.9492258,0.95016766,0.9487348,0.9450729,0.94493747,0.94754,0.94765705,0.95226914,0.9578484,0.9487925,0.9459274,0.9447245,0.9479135,0.95334685,0.9577247,0.94900453,0.94732994,0.95140105,0.9489976,0.94924426,0.94613683,0.957129,0.94867015,0.9481081,0.94851,0.9466096,0.95315146,0.94929576,0.95620507,0.94714576,0.95216936,0.95093024,0.94910455,0.9492581,0.9491802,0.94608665,0.94699854,0.9495141,0.95601445,0.95041853,0.94761074,0.94462556,0.9558029,0.94523966,0.9498426,0.94972456,0.9448838,0.9513067,0.952965,0.9495087,0.94814175,0.94698393,0.9524002,0.9494718,0.9512305,0.94096375,0.94564867,0.9514434,0.9501611,0.94753635,0.9426897,0.95594096,0.955663,0.94999003,0.9474905,0.9449904,0.95045245,0.94935364,0.9530511,0.94945425,0.9540294,0.9555135,0.9485245,0.94419503,0.94897723,0.9507859,0.95087457,0.9547469,0.94832265,0.94317627,0.95571053,0.9462439,0.94852316,0.95150703,0.95106393,0.9495875,0.94813555,0.944479,0.9499899,0.9999916,0.94608796
ZNF880,0.95166075,0.9502648,0.95002675,0.95441365,0.9557542,0.94962937,0.9522201,0.9506272,0.95013285,0.9550051,0.95371395,0.9554646,0.9577905,0.9594616,0.9550152,0.95372283,0.9552732,0.94593453,0.9564003,0.9511629,0.95613694,0.9570669,0.94807315,0.9491167,0.9505475,0.9535806,0.95182127,0.95469624,0.95610416,0.95283484,0.94803524,0.9503568,0.9557121,0.9480717,0.95323646,0.94674945,0.95409715,0.95011646,0.95571196,0.944604,0.9488532,0.9516561,0.9563418,0.95221066,0.95102835,0.9498515,0.9490794,0.9465337,0.94973934,0.95277053,0.9515604,0.9504957,0.9567319,0.9487047,0.94997525,0.9567748,0.9560032,0.94892657,0.95277834,0.9538738,0.9556924,0.958157,0.95506865,0.9523119,0.9560746,0.956105,0.9489054,0.94988054,0.94751847,0.96017504,0.94841933,0.9458059,0.9527589,0.96191585,0.95679975,0.95612484,0.95301527,0.9467952,0.95074314,0.9491296,0.9464503,0.9525653,0.9580899,0.9566089,0.9525439,0.95235586,0.95276403,0.95589113,0.95233196,0.94551307,0.9528398,0.95509773,0.9589518,0.9501997,0.94820344,0.9618992,0.95039785,0.95046484,0.94608796,0.99998784
