,AK3,ATF7IP2,ATP10D,ATP6V1E2,ATXN7L3,BACH2,BBS10,BEND3,BHLHE40,BTLA,CA1,CCNB1,CCPG1,CD8A,CDHR5,CDK10,CLIC5,CYB5R1,CYP20A1,DMRT1,DPF3,DST,EHF,EHMT1,ELOF1,FAM208A,FAM229B,HDHD3,HES5,HIST1H4I,HOXA1,HSPH1,IL17F,KCNIP2,KDELR2,KDM6A,KLF13,KLRG1,KRTCAP2,LCMT2,LRP6,LRRC37A3,LRTOMT,LY96,LYST,MAP7D1,MAPK8,MBOAT2,MCTS1,MED19,MGA,MICA,MOSMO,MT3,NDST1,NNAT,ORM2,P3H3,PEX10,PIP,POU2F3,RAB30,RAMP1,RASD2,RCBTB1,RFX5,RPL26L1,RPS6KA1,S100P,SAMHD1,SENP5,SFXN4,SH2D2A,SH3KBP1,SIKE1,SIT1,SLC25A33,SPATA2,SYNE1,TESPA1,THYN1,TMEM229B,TMEM25,TP53,TRIT1,TRMT10A,TRPM2,TRPV2,YWHAG,ZDHHC5,ZFHX4,ZFP14,ZNF10,ZNF138,ZNF235,ZNF473,ZNF483,ZNF534,ZNF687,ZNF880
AK3,1.0000145,0.9490217,0.95051986,0.9538588,0.9558597,0.95718724,0.9526684,0.9517958,0.94898355,0.94947475,0.946915,0.95496887,0.9512123,0.95315754,0.95115733,0.9508924,0.95820993,0.9473028,0.948515,0.95264065,0.9540259,0.95379984,0.9477284,0.9516491,0.9531202,0.9593814,0.9492705,0.9522978,0.9520701,0.94762224,0.95490545,0.9563558,0.95048916,0.95113194,0.9465163,0.9475655,0.9463175,0.946553,0.9492297,0.9431033,0.949418,0.9487396,0.948963,0.9504852,0.94982845,0.9527674,0.9484502,0.9459879,0.9529255,0.95753413,0.9506238,0.9508221,0.9558263,0.9498574,0.94915926,0.9493787,0.95076543,0.94423974,0.9538403,0.95637965,0.95111406,0.94756067,0.94745237,0.94760543,0.95229185,0.951384,0.94981503,0.95084083,0.95263535,0.9525164,0.95452994,0.9510347,0.95903057,0.9451082,0.94985193,0.95388734,0.95220816,0.9489963,0.95486116,0.95305777,0.9487818,0.95221865,0.9511852,0.9492183,0.9568159,0.9468794,0.9479214,0.95875514,0.95080477,0.94878036,0.9494896,0.94809043,0.95059323,0.95137197,0.94826984,0.95451975,0.9503607,0.9477875,0.9511963,0.95179623
ATF7IP2,0.9490217,0.9999932,0.9504427,0.9518167,0.94777864,0.9462349,0.9492225,0.95145667,0.94828,0.95370007,0.95272297,0.9505603,0.9480811,0.94730705,0.9493659,0.95336115,0.94834423,0.9499908,0.9494998,0.9486451,0.9522878,0.95000345,0.9504828,0.9451259,0.9503207,0.95293057,0.95066047,0.9511014,0.9499756,0.95037466,0.94984585,0.949445,0.9514868,0.9520575,0.9535408,0.9526252,0.9499809,0.9502711,0.94875133,0.9492955,0.94751143,0.94912696,0.94997346,0.9502253,0.9498452,0.95043534,0.9492766,0.9497013,0.9524723,0.95105684,0.94812435,0.94846964,0.94834626,0.9528633,0.9496457,0.9525163,0.9502317,0.94986254,0.9487887,0.9507356,0.95200825,0.9509281,0.9486312,0.9524257,0.9496728,0.9484422,0.9500762,0.9520814,0.9507223,0.9481599,0.94750077,0.94901615,0.9519912,0.94805914,0.95176256,0.9505495,0.95066315,0.95115155,0.95079,0.95010513,0.95019084,0.94953126,0.95173,0.95019835,0.94791466,0.95155615,0.9497198,0.9498317,0.9530116,0.94978905,0.9498513,0.9522176,0.9490851,0.95161045,0.95124626,0.94757974,0.94982284,0.95135945,0.95068747,0.9503865
ATP10D,0.95051986,0.9504427,0.9999994,0.95351034,0.9494715,0.9538518,0.95351774,0.9531696,0.94753855,0.9519046,0.9529895,0.9502152,0.95264375,0.9521173,0.94737977,0.95328945,0.95053035,0.94998145,0.95000273,0.9472886,0.95221,0.95033586,0.95304567,0.94982177,0.95142573,0.95191455,0.9536845,0.9499601,0.95630044,0.94891196,0.95265484,0.9499529,0.9510868,0.9519281,0.9521128,0.95289457,0.9506072,0.9508674,0.9517647,0.94949615,0.95183927,0.9476475,0.95231223,0.95069534,0.9498209,0.9533846,0.94948554,0.950541,0.94959277,0.9532121,0.9502694,0.9466043,0.95314246,0.9501233,0.9509643,0.9528803,0.9517754,0.9503363,0.9512543,0.9521349,0.95036554,0.95394033,0.94824326,0.9518335,0.95394635,0.9497172,0.95338583,0.95160055,0.95487726,0.9519061,0.9495315,0.95590794,0.9538282,0.95155305,0.95124155,0.95213574,0.954725,0.9504498,0.9511078,0.9537342,0.94977385,0.9517084,0.9502789,0.95106566,0.9515524,0.9475383,0.95459294,0.95141244,0.9510828,0.950593,0.9506494,0.9518035,0.95276326,0.94958526,0.94870114,0.9523217,0.95384175,0.95475274,0.951054,0.9515996
ATP6V1E2,0.9538588,0.9518167,0.95351034,0.999995,0.94917154,0.95217466,0.9509839,0.954108,0.94717544,0.95376664,0.954172,0.9502017,0.9478938,0.9544369,0.9494693,0.9551721,0.9526266,0.9499371,0.9483872,0.9476878,0.95452744,0.951871,0.9526703,0.9459583,0.9509518,0.952885,0.95154,0.95385325,0.9567262,0.94973123,0.9525287,0.9538962,0.9547712,0.9567648,0.9517825,0.954078,0.95062155,0.9518299,0.9490528,0.94592106,0.9483194,0.9477293,0.9517841,0.95184755,0.9501045,0.95524025,0.9491324,0.9506774,0.95636344,0.95346284,0.9488668,0.9487146,0.9512191,0.9531277,0.94966286,0.95265085,0.9525864,0.947557,0.9509407,0.9591267,0.9566706,0.95159155,0.9481175,0.9519674,0.9552228,0.95163506,0.95497006,0.95695317,0.95226586,0.94954246,0.9492692,0.9523568,0.9576251,0.9486853,0.95480597,0.9548089,0.95509744,0.9520863,0.95130956,0.95093244,0.9518387,0.95628554,0.95240194,0.9490896,0.9536727,0.94900054,0.95022094,0.9550855,0.9530311,0.949007,0.9518746,0.9518679,0.9535162,0.9503605,0.95077324,0.9506134,0.9501689,0.9535178,0.95740026,0.949579
ATXN7L3,0.9558597,0.94777864,0.9494715,0.94917154,0.9999948,0.9589032,0.94912183,0.9494927,0.9506066,0.9500804,0.94648564,0.9519539,0.9492322,0.95578706,0.95112956,0.9519794,0.9625846,0.9479685,0.947653,0.94942355,0.9499158,0.9498882,0.94923353,0.9532674,0.9577516,0.9572406,0.94559914,0.9518653,0.95059013,0.9497341,0.9567566,0.9557332,0.94758785,0.94971657,0.9475474,0.9480819,0.9464271,0.9474091,0.9493298,0.9522974,0.9462125,0.9481642,0.9505242,0.9557014,0.9473661,0.9505566,0.9483226,0.9496833,0.9501982,0.9572527,0.9502139,0.9565693,0.9521012,0.9480221,0.9475029,0.95080364,0.947055,0.9483198,0.9529659,0.94868594,0.94773155,0.9477733,0.94692934,0.9492879,0.9492071,0.94858325,0.95198417,0.952435,0.9514724,0.94809955,0.95166975,0.95340216,0.95292205,0.9501342,0.9502872,0.94836855,0.95164233,0.9464988,0.9559567,0.9549954,0.9503806,0.9558304,0.94650996,0.94342774,0.95290804,0.94949275,0.9496028,0.9563127,0.95060056,0.94724184,0.9486732,0.9455147,0.9474268,0.9544729,0.9477313,0.9514438,0.95219475,0.94843096,0.9497207,0.95094097
BACH2,0.95718724,0.9462349,0.9538518,0.95217466,0.9589032,1.000006,0.9565773,0.94931483,0.9570135,0.9500524,0.94406676,0.9529225,0.9528663,0.9593759,0.95380354,0.9518986,0.96291107,0.953908,0.94758856,0.95154786,0.948733,0.9530393,0.94832575,0.95750046,0.9526391,0.9515385,0.9522611,0.9472301,0.94944096,0.9490292,0.9600911,0.95823824,0.9482566,0.9534638,0.94453317,0.9531795,0.9494573,0.9443104,0.953809,0.9563614,0.9491883,0.94910246,0.949963,0.9527508,0.947996,0.9568228,0.948459,0.9534303,0.95049435,0.9570484,0.95319587,0.9636016,0.9619435,0.9492512,0.94957036,0.94487613,0.9464879,0.94795793,0.95601976,0.9488287,0.9469668,0.94859064,0.9494239,0.94864684,0.9530363,0.95170915,0.9528025,0.95221865,0.95080435,0.9529253,0.95357704,0.9524131,0.9536208,0.95284367,0.9532745,0.94990396,0.9509458,0.94676447,0.9566812,0.9526487,0.955233,0.9559588,0.94512445,0.9482061,0.9644662,0.94751614,0.94661814,0.95791036,0.9518095,0.9476806,0.9535713,0.9461201,0.9488536,0.95027936,0.94699085,0.9565538,0.9521483,0.94884795,0.9493311,0.9526267
BBS10,0.9526684,0.9492225,0.95351774,0.9509839,0.94912183,0.9565773,1.0000033,0.9506307,0.94960904,0.95021313,0.95504737,0.9527211,0.9568404,0.95680577,0.9506827,0.95205903,0.95199484,0.95284367,0.949508,0.9529698,0.9541579,0.9482765,0.9512211,0.9527699,0.949953,0.95277554,0.95614064,0.9508558,0.9537279,0.9476385,0.95369047,0.95165074,0.95012856,0.95236844,0.95281434,0.951097,0.95219433,0.9551363,0.9527725,0.9455597,0.95942956,0.9484369,0.9489122,0.95104843,0.950553,0.9530525,0.94971347,0.9491142,0.95176363,0.9552653,0.9530709,0.9459488,0.96016395,0.95305544,0.95017815,0.95040977,0.95318943,0.94953805,0.95182854,0.9572398,0.9520854,0.9543487,0.94915766,0.9517173,0.95236754,0.95206004,0.9518852,0.94844764,0.95312357,0.95347595,0.954856,0.9492202,0.9547033,0.95608157,0.9483488,0.9517164,0.9500692,0.9516632,0.9511298,0.9547905,0.9580144,0.95153373,0.9525971,0.95026624,0.9551852,0.9473962,0.9554467,0.9549335,0.95089304,0.9498471,0.9503277,0.953634,0.9544169,0.9507522,0.95221007,0.955336,0.9507337,0.9550554,0.9488782,0.9539928
BEND3,0.9517958,0.95145667,0.9531696,0.954108,0.9494927,0.94931483,0.9506307,1.0000064,0.9535514,0.96442384,0.94718635,0.94886124,0.94699025,0.9507552,0.9464356,0.9507774,0.9494309,0.9500504,0.9478598,0.9399912,0.95446867,0.955312,0.95316356,0.9405379,0.9501164,0.9489191,0.94882035,0.9498075,0.95817226,0.94938946,0.950956,0.9548618,0.9614937,0.9681179,0.9456184,0.9603716,0.95545185,0.94707,0.9537782,0.9445206,0.94570804,0.94740653,0.9497518,0.94951314,0.9511954,0.95762646,0.9494556,0.95460373,0.96602815,0.9484849,0.94838285,0.95102435,0.9515301,0.95440936,0.9484675,0.951033,0.9530023,0.9492671,0.93970126,0.9604492,0.96207947,0.9479773,0.94407296,0.94785583,0.9576177,0.94884074,0.951729,0.9501616,0.9465522,0.94999474,0.9375278,0.9485102,0.9522598,0.94162667,0.96263534,0.9583496,0.95204836,0.9492842,0.94849443,0.9477127,0.94437575,0.9536873,0.9489046,0.94713616,0.95870996,0.94581026,0.9485551,0.94660246,0.95168227,0.94903153,0.95265436,0.9519544,0.9513788,0.95007455,0.9458285,0.9489478,0.9512095,0.9557443,0.9618274,0.9485729
BHLHE40,0.94898355,0.94828,0.94753855,0.94717544,0.9506066,0.9570135,0.94960904,0.9535514,0.99999356,0.95488477,0.9424238,0.9508364,0.94912404,0.9530323,0.95753515,0.9460508,0.9505234,0.95287406,0.94957393,0.9474255,0.94888735,0.9522969,0.9490652,0.95217717,0.94417393,0.9440157,0.9508294,0.94180906,0.94667614,0.95027065,0.95112044,0.95696396,0.954584,0.95566905,0.9440621,0.9556596,0.9591182,0.9412487,0.9548502,0.9544192,0.94671077,0.95205176,0.9471695,0.9491765,0.94912493,0.9520352,0.9491863,0.96211696,0.9545171,0.9432782,0.9539732,0.9647762,0.95583403,0.9554632,0.94994825,0.9427261,0.9470358,0.9534668,0.9478239,0.95087415,0.9553313,0.94533455,0.9539106,0.94939375,0.95204306,0.9461767,0.94519436,0.9441458,0.946702,0.9508876,0.945277,0.94246167,0.9438527,0.9469847,0.96022636,0.95179605,0.94274354,0.9497786,0.9461814,0.9431768,0.9528776,0.9517756,0.94822854,0.94990146,0.9615225,0.9489722,0.9450837,0.9471964,0.94979966,0.9485797,0.95492864,0.95354766,0.9462541,0.94923747,0.94549614,0.95167077,0.9477017,0.9526125,0.95217866,0.95236206
BTLA,0.94947475,0.95370007,0.9519046,0.95376664,0.9500804,0.9500524,0.95021313,0.96442384,0.95488477,0.99998605,0.9481166,0.9494411,0.94801116,0.9508148,0.9479725,0.951827,0.949754,0.94952214,0.9492591,0.9423743,0.9522219,0.955305,0.9506748,0.9424139,0.94909066,0.9493378,0.94953096,0.94862825,0.9534422,0.9495071,0.9493495,0.9546217,0.9604339,0.9640836,0.9473653,0.9578821,0.9552502,0.9445479,0.9530241,0.94758505,0.94394004,0.949395,0.9488494,0.9500068,0.95129585,0.957138,0.94950396,0.9571362,0.96235514,0.9481455,0.94932145,0.9506789,0.9538569,0.95556164,0.9475745,0.94931585,0.95156014,0.94922346,0.94460493,0.9582193,0.9567964,0.94804865,0.9461832,0.9501085,0.9540575,0.9475769,0.9495044,0.9505797,0.9486884,0.94998616,0.9380707,0.947886,0.95337474,0.94386744,0.9623829,0.95529747,0.95158046,0.94982344,0.94892055,0.9470399,0.94703984,0.953384,0.950717,0.94650364,0.9587,0.94710004,0.94781363,0.94868284,0.95298135,0.9481621,0.9519697,0.9534519,0.94862914,0.9503842,0.9486142,0.95045507,0.94983196,0.9538344,0.95812446,0.94922805
CA1,0.946915,0.95272297,0.9529895,0.954172,0.94648564,0.94406676,0.95504737,0.94718635,0.9424238,0.9481166,1.0000132,0.9512621,0.9541758,0.95083445,0.9488794,0.95402473,0.9443414,0.95335644,0.9520387,0.95235,0.9534658,0.9477721,0.9535582,0.9487395,0.95069516,0.9521285,0.95716774,0.9526681,0.95342374,0.9522838,0.94860893,0.94466835,0.9501376,0.9480938,0.96225107,0.947175,0.94828415,0.9599869,0.94889534,0.9479341,0.95422965,0.95129687,0.9535652,0.94782466,0.95236063,0.9481378,0.95272964,0.9463771,0.94699585,0.9509318,0.95169175,0.93822515,0.9510784,0.952694,0.95250475,0.9552821,0.95441025,0.95392996,0.9527137,0.9564544,0.9502999,0.96059066,0.95028603,0.9581529,0.9506948,0.9515604,0.95247114,0.9513014,0.95677495,0.9522785,0.95356363,0.95284534,0.9541362,0.95825154,0.9431519,0.9510775,0.9538932,0.95471513,0.94827175,0.94996315,0.9564154,0.9500014,0.95682055,0.9524507,0.94260883,0.9553937,0.9586148,0.95482033,0.9503452,0.95296025,0.95050603,0.95643413,0.9570771,0.95099753,0.95862675,0.95164573,0.9504778,0.95567137,0.9493245,0.9535568
CCNB1,0.95496887,0.9505603,0.9502152,0.9502017,0.9519539,0.9529225,0.9527211,0.94886124,0.9508364,0.9494411,0.9512621,0.9999932,0.95486355,0.9539126,0.95354146,0.9500021,0.95246243,0.9512705,0.950855,0.9528922,0.9539051,0.95122534,0.9501786,0.9518284,0.949862,0.9553272,0.95254457,0.9503191,0.9482087,0.9517633,0.94988394,0.9526265,0.9483372,0.9484727,0.94974,0.95033324,0.94807357,0.9461561,0.9520857,0.94749093,0.95118064,0.9517939,0.9486792,0.9487351,0.95007896,0.9496665,0.9514101,0.949416,0.94973147,0.9514813,0.9536628,0.95127475,0.9556695,0.95182794,0.950912,0.94916725,0.9519675,0.9498563,0.9563152,0.95174164,0.95030427,0.95043963,0.9521065,0.9529471,0.95343,0.9505268,0.94809794,0.9474256,0.9529295,0.95354617,0.95241505,0.9495747,0.9544285,0.94951826,0.9497595,0.95228827,0.9490411,0.95381343,0.95147324,0.9498859,0.95197207,0.949584,0.9534737,0.9509427,0.9503002,0.9506419,0.9496008,0.9543943,0.9511521,0.9510358,0.95167553,0.94932175,0.94965243,0.94979024,0.9514784,0.9549375,0.95104337,0.9468412,0.94889605,0.9545463
CCPG1,0.9512123,0.9480811,0.95264375,0.9478938,0.9492322,0.9528663,0.9568404,0.94699025,0.94912404,0.94801116,0.9541758,0.95486355,1.0000051,0.95447844,0.9517219,0.9516146,0.9502529,0.95430934,0.9522864,0.95368713,0.9509004,0.94916487,0.95146143,0.95555377,0.94969904,0.95228434,0.9577858,0.95009744,0.95035964,0.95113075,0.9504466,0.9485614,0.9484115,0.9483311,0.9547788,0.94767845,0.9495687,0.9549924,0.95269614,0.94994855,0.957733,0.9521426,0.95096517,0.9484793,0.95146155,0.9511301,0.9511255,0.94926506,0.9474069,0.9507381,0.95368165,0.9475807,0.95396304,0.9522375,0.95342416,0.9500719,0.95171565,0.9529567,0.9554852,0.9531337,0.94884807,0.9560691,0.95223653,0.9539542,0.9521364,0.95113957,0.9498779,0.94934875,0.9544302,0.95574546,0.9527955,0.9525591,0.95194155,0.95703787,0.9456104,0.9502725,0.95149034,0.9527064,0.9504608,0.9503207,0.9579682,0.947464,0.9543138,0.9542249,0.950978,0.95200866,0.9552021,0.9535112,0.95143336,0.9516808,0.9517075,0.9539716,0.9537494,0.95001906,0.9544216,0.95567524,0.95164263,0.95186055,0.94737756,0.95539486
CD8A,0.95315754,0.94730705,0.9521173,0.9544369,0.95578706,0.9593759,0.95680577,0.9507552,0.9530323,0.9508148,0.95083445,0.9539126,0.95447844,1.0000014,0.95849323,0.9516738,0.95707387,0.950323,0.9490518,0.9495525,0.9560687,0.9487071,0.9502529,0.95807827,0.94978905,0.95258075,0.95371157,0.9512817,0.95034087,0.95016706,0.95489657,0.95659804,0.9505078,0.9493969,0.95150423,0.94870025,0.95085716,0.95321965,0.95054656,0.9540197,0.9541851,0.949563,0.94971955,0.95022124,0.9516442,0.95288926,0.94911,0.95374244,0.94856215,0.9524195,0.95639527,0.9563329,0.9574037,0.95174056,0.94903165,0.9508828,0.9511159,0.9523032,0.95777583,0.9565871,0.95420283,0.9521415,0.9530394,0.956289,0.95335543,0.95128155,0.9527862,0.9519911,0.95431274,0.9521737,0.95307434,0.951604,0.95505214,0.9584656,0.9490558,0.9518014,0.9539351,0.9529181,0.95214605,0.950759,0.95776266,0.95603645,0.9509836,0.9499706,0.95656204,0.9520229,0.95593786,0.95998657,0.9506811,0.9486762,0.9511879,0.9513778,0.95291984,0.9500648,0.9504317,0.9564525,0.94992584,0.955672,0.9542311,0.95589244
CDHR5,0.95115733,0.9493659,0.94737977,0.9494693,0.95112956,0.95380354,0.9506827,0.9464356,0.95753515,0.9479725,0.9488794,0.95354146,0.9517219,0.95849323,0.99998546,0.94957966,0.9521102,0.95319474,0.9519933,0.95607215,0.95235616,0.9481473,0.9482809,0.95884186,0.94608253,0.9498105,0.9527347,0.9492152,0.9446439,0.9512392,0.950952,0.95173717,0.95050585,0.94637996,0.9506283,0.9459487,0.9550473,0.9504988,0.94988173,0.9539436,0.9508363,0.95356274,0.94801235,0.94789904,0.9482147,0.9486751,0.9494899,0.95345837,0.9473383,0.9465177,0.95582175,0.95800745,0.9522394,0.9541278,0.9505651,0.94787383,0.9494961,0.9552675,0.95568866,0.95206547,0.9541108,0.9528866,0.96025187,0.95379114,0.94998115,0.94934034,0.94642955,0.9474926,0.9507222,0.95286775,0.9521329,0.9468357,0.94891244,0.95371497,0.94743085,0.95014167,0.94866157,0.9551636,0.94951767,0.9480098,0.9571214,0.9483412,0.9510988,0.95330524,0.954599,0.954392,0.9516909,0.95654786,0.9479369,0.94984484,0.9529406,0.9530152,0.9501554,0.9497694,0.94997126,0.9523001,0.94645053,0.9511133,0.94859135,0.95478547
CDK10,0.9508924,0.95336115,0.95328945,0.9551721,0.9519794,0.9518986,0.95205903,0.9507774,0.9460508,0.951827,0.95402473,0.9500021,0.9516146,0.9516738,0.94957966,0.99999774,0.95427907,0.9519298,0.94855547,0.9519001,0.953043,0.9498249,0.9490992,0.94963264,0.9547138,0.9560724,0.95280635,0.95278555,0.9544517,0.95016736,0.95612013,0.95046586,0.9509653,0.9513929,0.9537662,0.95069236,0.9478742,0.9537149,0.9488851,0.94992495,0.9489355,0.94842815,0.9519917,0.9557548,0.94944954,0.953503,0.9479371,0.9474618,0.9518151,0.9557507,0.948998,0.9482079,0.9526187,0.9518711,0.94980437,0.9559213,0.950854,0.9502455,0.9522196,0.9519323,0.9515787,0.9538791,0.94794667,0.95292836,0.9509244,0.9494013,0.953897,0.9566604,0.95499253,0.94943774,0.94990516,0.9550231,0.95722574,0.9537368,0.94937336,0.9504754,0.95466477,0.95132375,0.9540702,0.95557785,0.9543391,0.9551062,0.9511704,0.94878894,0.9497753,0.95057225,0.95136577,0.95519036,0.952042,0.94904417,0.9498879,0.9537533,0.9496964,0.9530163,0.95338947,0.9496623,0.95138854,0.9521086,0.9509296,0.9511158
CLIC5,0.95820993,0.94834423,0.95053035,0.9526266,0.9625846,0.96291107,0.95199484,0.9494309,0.9505234,0.949754,0.9443414,0.95246243,0.9502529,0.95707387,0.9521102,0.95427907,1.0000057,0.9475245,0.9465001,0.95025545,0.9511219,0.95017886,0.94748086,0.9528425,0.9550718,0.95745987,0.9498911,0.95399934,0.94915855,0.94853103,0.9620022,0.9573879,0.9475623,0.9498124,0.9451735,0.9491724,0.9459936,0.9448354,0.9490328,0.95251095,0.94728667,0.9471757,0.9499161,0.9578504,0.9473707,0.95368445,0.9474913,0.9487215,0.9521047,0.9606667,0.95003825,0.95645434,0.9554194,0.94998765,0.9471595,0.95038646,0.9481678,0.9461392,0.95624983,0.9482233,0.9471977,0.9462788,0.94426656,0.9486323,0.95083106,0.9521533,0.9541359,0.9571283,0.9515086,0.9492344,0.9527577,0.95261776,0.9584739,0.9499026,0.9519882,0.95003885,0.9516026,0.9458465,0.9617104,0.9602175,0.9511988,0.9602965,0.9465425,0.94098306,0.9568488,0.94860685,0.9462154,0.95910525,0.9494847,0.9477342,0.9500509,0.94267625,0.94785947,0.95280844,0.947366,0.9530831,0.95278656,0.94708467,0.9504601,0.9492245
CYB5R1,0.9473028,0.9499908,0.94998145,0.9499371,0.9479685,0.953908,0.95284367,0.9500504,0.95287406,0.94952214,0.95335644,0.9512705,0.95430934,0.950323,0.95319474,0.9519298,0.9475245,0.9999938,0.95418227,0.95480037,0.9504682,0.95104223,0.95387554,0.95390046,0.94692737,0.94792277,0.95517945,0.94781214,0.9511632,0.95307755,0.9505799,0.94850236,0.9534085,0.9522373,0.9532922,0.9507866,0.95363647,0.95419943,0.9551963,0.9523904,0.9511288,0.9540944,0.952827,0.9499045,0.95211524,0.9515557,0.95201147,0.95280266,0.94963896,0.94829965,0.95354563,0.9542297,0.9541206,0.95300174,0.95318246,0.94886935,0.9510716,0.955994,0.9509264,0.9517195,0.952611,0.95633835,0.9530883,0.9532795,0.9514783,0.9504396,0.9484259,0.9492236,0.95178306,0.95527124,0.9500451,0.95119524,0.94871974,0.955356,0.9501543,0.9492195,0.94901806,0.9550484,0.9480311,0.94890624,0.95620185,0.9492779,0.9534407,0.9523384,0.95275474,0.9537026,0.9524567,0.9506842,0.9507085,0.9517859,0.95487255,0.95667523,0.95300066,0.9492,0.95431554,0.9543194,0.9481773,0.951467,0.9500989,0.9554718
CYP20A1,0.948515,0.9494998,0.95000273,0.9483872,0.947653,0.94758856,0.949508,0.9478598,0.94957393,0.9492591,0.9520387,0.950855,0.9522864,0.9490518,0.9519933,0.94855547,0.9465001,0.95418227,1.0000131,0.95185107,0.95006704,0.95010585,0.9529083,0.95079297,0.9482069,0.94812137,0.9495905,0.94843435,0.9495889,0.9553302,0.94804144,0.94791836,0.949589,0.9492131,0.9510095,0.9493168,0.9512101,0.9503468,0.95114064,0.95076245,0.9503703,0.95593053,0.9527591,0.9478562,0.95289767,0.9485804,0.95445186,0.95061904,0.9479852,0.9481498,0.95132303,0.94931906,0.9491067,0.9501548,0.9541083,0.9493748,0.9518686,0.9525807,0.9498497,0.9485927,0.9498846,0.95210296,0.95182365,0.9523884,0.94966054,0.95247597,0.9473862,0.9478786,0.9510711,0.9523366,0.9500532,0.94832623,0.94739,0.9503434,0.9487179,0.9500122,0.94975877,0.952988,0.94827,0.9475452,0.94935787,0.94708484,0.9540093,0.9526487,0.94804853,0.95193833,0.95220566,0.9486991,0.9494743,0.9542996,0.9537029,0.9518671,0.9526832,0.949494,0.95159096,0.95138675,0.9500763,0.95015097,0.9483786,0.9510894
DMRT1,0.95264065,0.9486451,0.9472886,0.9476878,0.94942355,0.95154786,0.9529698,0.9399912,0.9474255,0.9423743,0.95235,0.9528922,0.95368713,0.9495525,0.95607215,0.9519001,0.95025545,0.95480037,0.95185107,1.0000012,0.9494047,0.9482537,0.947087,0.95581,0.9496254,0.9527075,0.9521795,0.94890404,0.9475459,0.951868,0.951607,0.94714737,0.94597256,0.94248194,0.9551838,0.9428172,0.9465351,0.9540576,0.9497683,0.95196056,0.95311546,0.95323294,0.9507828,0.94880265,0.9485258,0.9469208,0.9482242,0.9469787,0.94480485,0.9516015,0.9526887,0.9519936,0.95068604,0.9489413,0.9511565,0.9490138,0.94839174,0.95290285,0.9587281,0.9450665,0.9465986,0.9544113,0.95636964,0.9528897,0.9465733,0.9508127,0.9473131,0.94894224,0.9534525,0.9524814,0.9568514,0.9512311,0.9492488,0.95506734,0.9421125,0.9451214,0.9477737,0.95356387,0.95232946,0.95156235,0.95662963,0.9463664,0.9516084,0.9519717,0.9467675,0.9539883,0.9500947,0.9535086,0.95003545,0.9502708,0.9490883,0.95201045,0.949931,0.95063454,0.9548554,0.9513848,0.9482495,0.9462191,0.9439778,0.9543304
DPF3,0.9540259,0.9522878,0.95221,0.95452744,0.9499158,0.948733,0.9541579,0.95446867,0.94888735,0.9522219,0.9534658,0.9539051,0.9509004,0.9560687,0.95235616,0.953043,0.9511219,0.9504682,0.95006704,0.9494047,0.99998605,0.95019114,0.95433074,0.94828933,0.94981194,0.9548088,0.95227724,0.9543712,0.9558518,0.9509307,0.9502881,0.9523325,0.95278364,0.95282036,0.9531703,0.95097965,0.95097256,0.95169425,0.95244944,0.94788826,0.9501403,0.9487683,0.9496182,0.95062566,0.951107,0.95272946,0.95111,0.95054936,0.9523207,0.9519454,0.949546,0.94702286,0.9529617,0.9540074,0.9492628,0.95490694,0.9541708,0.9514348,0.95068485,0.95765585,0.95684904,0.9525063,0.95006585,0.95339024,0.9556192,0.9504112,0.9519399,0.9518271,0.95264447,0.9518882,0.9483978,0.9497964,0.9547012,0.95172507,0.9517491,0.95456207,0.9551877,0.95321846,0.95030063,0.9501478,0.9517287,0.9522833,0.9542593,0.9504343,0.95234066,0.95161897,0.954822,0.95326084,0.95274454,0.95054543,0.9505268,0.95270616,0.9530835,0.9513973,0.9515539,0.95323586,0.94963944,0.95438343,0.9544906,0.9544006
DST,0.95379984,0.95000345,0.95033586,0.951871,0.9498882,0.9530393,0.9482765,0.955312,0.9522969,0.955305,0.9477721,0.95122534,0.94916487,0.9487071,0.9481473,0.9498249,0.95017886,0.95104223,0.95010585,0.9482537,0.95019114,0.99998605,0.95093983,0.9468552,0.94882876,0.94975895,0.9484447,0.9486866,0.9519893,0.94894725,0.9504358,0.95221907,0.95284754,0.9568074,0.9477096,0.9532266,0.9511061,0.94735783,0.95181024,0.9497936,0.94683814,0.9514749,0.9497903,0.9490008,0.95133805,0.95380837,0.9509042,0.9510413,0.9562806,0.94888675,0.95146334,0.9518011,0.95143205,0.95111364,0.9514528,0.94947416,0.950032,0.9499471,0.9489765,0.9529952,0.9523643,0.94880664,0.94834054,0.9493446,0.9545421,0.9513087,0.95141673,0.94989717,0.9499638,0.951011,0.943682,0.9495286,0.9516182,0.9460389,0.9560921,0.95320225,0.95121276,0.9481478,0.9500911,0.94802123,0.9463872,0.9509312,0.95031226,0.9494803,0.95599467,0.94668996,0.94889104,0.95003384,0.95379484,0.9489268,0.9510409,0.9507638,0.9494327,0.949584,0.94908077,0.9513516,0.9507797,0.95138824,0.9543383,0.95025164
EHF,0.9477284,0.9504828,0.95304567,0.9526703,0.94923353,0.94832575,0.9512211,0.95316356,0.9490652,0.9506748,0.9535582,0.9501786,0.95146143,0.9502529,0.9482809,0.9490992,0.94748086,0.95387554,0.9529083,0.947087,0.95433074,0.95093983,0.9999935,0.94876903,0.9479947,0.9487194,0.94948435,0.950485,0.95428836,0.9534359,0.948201,0.94851875,0.95246196,0.95204866,0.95158255,0.95140713,0.9532238,0.9519574,0.95367175,0.94995916,0.9504336,0.95279765,0.95209736,0.94985795,0.95189315,0.95031404,0.95300764,0.9524443,0.95085263,0.94908315,0.9503156,0.9481329,0.94940454,0.9514305,0.9517821,0.95120674,0.95510465,0.953907,0.9486995,0.9526827,0.9533486,0.9535526,0.95025426,0.95275617,0.9536503,0.95239925,0.9524638,0.9506827,0.950698,0.95275193,0.9501101,0.9521378,0.94841886,0.95122254,0.9517442,0.95252,0.9526278,0.95400286,0.94775844,0.948066,0.94947076,0.9502275,0.9526614,0.9509424,0.9505496,0.9513976,0.95501244,0.94773334,0.95149845,0.95257545,0.9535712,0.95047677,0.9552226,0.9492738,0.95140755,0.95151925,0.9520941,0.95489925,0.95319957,0.95109457
EHMT1,0.9516491,0.9451259,0.94982177,0.9459583,0.9532674,0.95750046,0.9527699,0.9405379,0.95217717,0.9424139,0.9487395,0.9518284,0.95555377,0.95807827,0.95884186,0.94963264,0.9528425,0.95390046,0.95079297,0.95581,0.94828933,0.9468552,0.94876903,1.0000026,0.9478378,0.95060027,0.9531778,0.94951814,0.9457872,0.9499951,0.952338,0.95080096,0.94431156,0.9415164,0.951815,0.94226736,0.94858456,0.95345414,0.95031834,0.95811534,0.95464325,0.95316434,0.95059514,0.9508468,0.9482408,0.9482815,0.94942063,0.9482311,0.9419793,0.95005244,0.9539587,0.9568107,0.95302325,0.9488667,0.9515029,0.948601,0.9470424,0.95539904,0.95838606,0.94724214,0.9467023,0.95156205,0.95801675,0.95115256,0.94662607,0.9498331,0.9482711,0.9486346,0.95272917,0.9537623,0.95883834,0.952217,0.9465624,0.9604883,0.9408542,0.94506294,0.94837606,0.9514244,0.94985586,0.9496136,0.95635873,0.9481081,0.9486931,0.9515935,0.9519932,0.95365995,0.9543396,0.9546314,0.9478546,0.9494904,0.95017195,0.9491644,0.9505919,0.9495513,0.94930625,0.9520858,0.94932586,0.9469274,0.9453224,0.95575595
ELOF1,0.9531202,0.9503207,0.95142573,0.9509518,0.9577516,0.9526391,0.949953,0.9501164,0.94417393,0.94909066,0.95069516,0.949862,0.94969904,0.94978905,0.94608253,0.9547138,0.9550718,0.94692737,0.9482069,0.9496254,0.94981194,0.94882876,0.9479947,0.9478378,1.000006,0.9581753,0.9491612,0.95451874,0.9536058,0.9478124,0.95603627,0.9479513,0.9490635,0.94948876,0.950684,0.94999623,0.94395417,0.95086104,0.9472482,0.94807637,0.9489348,0.94520694,0.9501741,0.95379555,0.94816065,0.9518835,0.947623,0.94447124,0.9498155,0.9576032,0.94875616,0.9458268,0.95101047,0.94855005,0.94749385,0.9552606,0.95023614,0.9465076,0.9500052,0.95077527,0.9470477,0.95036024,0.94393784,0.94901717,0.94887155,0.94892174,0.95438075,0.9529068,0.9548112,0.94658333,0.95089775,0.95538616,0.9558168,0.9508886,0.9472885,0.94972175,0.9545928,0.9467085,0.95525044,0.959388,0.94896847,0.95267195,0.9480567,0.94631636,0.9477642,0.9486099,0.9509357,0.95418555,0.95088047,0.94815904,0.9475732,0.94810396,0.94870347,0.9561688,0.9488664,0.9482322,0.952075,0.949089,0.94927967,0.9478156
FAM208A,0.9593814,0.95293057,0.95191455,0.952885,0.9572406,0.9515385,0.95277554,0.9489191,0.9440157,0.9493378,0.9521285,0.9553272,0.95228434,0.95258075,0.9498105,0.9560724,0.95745987,0.94792277,0.94812137,0.9527075,0.9548088,0.94975895,0.9487194,0.95060027,0.9581753,0.9999896,0.95106864,0.96143734,0.95181245,0.94917005,0.9571544,0.9497477,0.94811386,0.94780874,0.95327437,0.94665384,0.94191194,0.9506026,0.94775295,0.9449462,0.94928014,0.9480567,0.95130926,0.9555433,0.9493938,0.95119655,0.94820416,0.943257,0.9511708,0.96215034,0.95053583,0.9467521,0.9539646,0.9489876,0.94902104,0.95843136,0.9515041,0.94712186,0.9546947,0.95419705,0.94982034,0.9524083,0.94630957,0.9507492,0.94931,0.9485653,0.9523906,0.9538737,0.9569894,0.94877505,0.95379514,0.9533038,0.9637768,0.9507766,0.94670635,0.95057064,0.9561494,0.94970745,0.9594102,0.9635266,0.9508062,0.9520918,0.9514153,0.9454016,0.9475907,0.9497405,0.95360094,0.9591478,0.9532803,0.94871664,0.9476058,0.9509731,0.9500369,0.9575958,0.9505102,0.9515916,0.95054483,0.9476215,0.9490864,0.95249695
FAM229B,0.9492705,0.95066047,0.9536845,0.95154,0.94559914,0.9522611,0.95614064,0.94882035,0.9508294,0.94953096,0.95716774,0.95254457,0.9577858,0.95371157,0.9527347,0.95280635,0.9498911,0.95517945,0.9495905,0.9521795,0.95227724,0.9484447,0.94948435,0.9531778,0.9491612,0.95106864,0.9999962,0.94889486,0.95163375,0.9493584,0.9518931,0.94802475,0.9506408,0.9503239,0.954914,0.9487866,0.95426035,0.9543717,0.95065546,0.949788,0.95974207,0.94917846,0.94851696,0.947877,0.95044315,0.95198,0.95104903,0.9523116,0.949016,0.95030487,0.9511581,0.9476938,0.9560437,0.9547434,0.95191014,0.9491815,0.952095,0.9505562,0.95404303,0.9552951,0.950019,0.9547255,0.9506162,0.9541412,0.95038855,0.9503459,0.9502036,0.9512323,0.95290726,0.95494646,0.95203847,0.95113844,0.9552618,0.95874053,0.9468041,0.9504125,0.9528352,0.952355,0.9502277,0.9498676,0.95925486,0.9494319,0.95315486,0.958409,0.9536834,0.9496187,0.95269424,0.9528859,0.9495153,0.95090497,0.9519124,0.9543012,0.9539993,0.9489882,0.9545825,0.954641,0.9502557,0.95534307,0.9483844,0.9527343
HDHD3,0.9522978,0.9511014,0.9499601,0.95385325,0.9518653,0.9472301,0.9508558,0.9498075,0.94180906,0.94862825,0.9526681,0.9503191,0.95009744,0.9512817,0.9492152,0.95278555,0.95399934,0.94781214,0.94843435,0.94890404,0.9543712,0.9486866,0.950485,0.94951814,0.95451874,0.96143734,0.94889486,0.99999774,0.9528883,0.94823784,0.95374477,0.9496646,0.94956255,0.9481282,0.95190084,0.9481139,0.94414806,0.95384765,0.94703126,0.9463654,0.9485156,0.94606096,0.95176417,0.9567586,0.9510619,0.9493419,0.94821703,0.941952,0.9501333,0.96158844,0.9501656,0.9448409,0.947391,0.9481016,0.94866407,0.9606792,0.95238364,0.9499832,0.94943976,0.953091,0.95136553,0.9526068,0.94671106,0.95110524,0.9499796,0.95102507,0.95514375,0.9552256,0.9535148,0.9484786,0.952161,0.9526652,0.95750487,0.95077753,0.9472788,0.95044154,0.9550962,0.95113,0.955414,0.9631535,0.95051503,0.9526011,0.9503235,0.9453114,0.94645566,0.9502024,0.9542292,0.95359397,0.9514695,0.949229,0.9475644,0.94929093,0.9528494,0.9559408,0.95041275,0.94823444,0.9498911,0.9509891,0.9507229,0.95031595
HES5,0.9520701,0.9499756,0.95630044,0.9567262,0.95059013,0.94944096,0.9537279,0.95817226,0.94667614,0.9534422,0.95342374,0.9482087,0.95035964,0.95034087,0.9446439,0.9544517,0.94915855,0.9511632,0.9495889,0.9475459,0.9558518,0.9519893,0.95428836,0.9457872,0.9536058,0.95181245,0.95163375,0.9528883,0.99999154,0.9497691,0.9518557,0.95181847,0.95475817,0.95782745,0.95315063,0.95384467,0.9508397,0.9549078,0.9514258,0.94549274,0.9495218,0.94640815,0.95332783,0.9500909,0.951823,0.95580417,0.9501094,0.9492304,0.9544682,0.9537934,0.94891065,0.9428073,0.95168555,0.9520472,0.95055497,0.9564216,0.95234996,0.94964415,0.94793594,0.95686454,0.95792866,0.9547946,0.9460364,0.9512996,0.95527893,0.95200944,0.9552008,0.95552075,0.9537684,0.9503385,0.94746375,0.9540069,0.9542893,0.9510677,0.9540789,0.95388126,0.95731616,0.949595,0.95014554,0.95160884,0.95136064,0.95500624,0.9514209,0.9495136,0.95147777,0.9483926,0.9535844,0.95010555,0.95261735,0.9503491,0.9497768,0.95468724,0.95558023,0.9518291,0.9528779,0.9506673,0.95327216,0.95621467,0.95691043,0.951447
HIST1H4I,0.94762224,0.95037466,0.94891196,0.94973123,0.9497341,0.9490292,0.9476385,0.94938946,0.95027065,0.9495071,0.9522838,0.9517633,0.95113075,0.95016706,0.9512392,0.95016736,0.94853103,0.95307755,0.9553302,0.951868,0.9509307,0.94894725,0.9534359,0.9499951,0.9478124,0.94917005,0.9493584,0.94823784,0.9497691,0.99999547,0.9478582,0.94930375,0.95047,0.9498143,0.95132697,0.9496172,0.95186216,0.9500651,0.95104605,0.95219463,0.94994056,0.9549926,0.9520261,0.94810873,0.9521979,0.94893616,0.9542811,0.9518688,0.9488966,0.9476268,0.950469,0.951486,0.9499133,0.9515509,0.95355815,0.94922775,0.95354664,0.9525756,0.9511318,0.9484376,0.94972485,0.95149887,0.9512992,0.9517406,0.9499618,0.9529682,0.94936526,0.94877994,0.9501726,0.95187366,0.94941884,0.95002115,0.9478543,0.95099926,0.950337,0.9501703,0.9495257,0.9527943,0.9486471,0.94759786,0.9512181,0.9503082,0.9541848,0.95155185,0.94895726,0.952601,0.9511002,0.9488462,0.9495462,0.9529378,0.95426685,0.9508544,0.9518358,0.9485054,0.95247716,0.9509392,0.95032316,0.9510988,0.9500103,0.95095974
HOXA1,0.95490545,0.94984585,0.95265484,0.9525287,0.9567566,0.9600911,0.95369047,0.950956,0.95112044,0.9493495,0.94860893,0.94988394,0.9504466,0.95489657,0.950952,0.95612013,0.9620022,0.9505799,0.94804144,0.951607,0.9502881,0.9504358,0.948201,0.952338,0.95603627,0.9571544,0.9518931,0.95374477,0.9518557,0.9478582,0.99999285,0.9519689,0.94885147,0.95022273,0.9483648,0.9512035,0.9472301,0.9501145,0.94925815,0.95305276,0.9505192,0.9488048,0.94985735,0.9585696,0.94836926,0.95441985,0.94898075,0.9498479,0.94975495,0.9619864,0.9515465,0.9548281,0.9542916,0.9506106,0.94967955,0.9543269,0.9501339,0.94870347,0.9536732,0.9487618,0.9488262,0.9514444,0.94424856,0.94979346,0.95110095,0.95141864,0.955224,0.95527184,0.95530784,0.9511561,0.95420533,0.9527803,0.95721793,0.95227504,0.95004314,0.9497105,0.9532723,0.9482931,0.9579149,0.9634631,0.95206445,0.95504075,0.94767857,0.94700193,0.9562974,0.9487982,0.9502204,0.9564705,0.94969594,0.94892263,0.95038354,0.949015,0.95023394,0.9528449,0.9490141,0.9530094,0.9514369,0.9506196,0.94987714,0.95125407
HSPH1,0.9563558,0.949445,0.9499529,0.9538962,0.9557332,0.95823824,0.95165074,0.9548618,0.95696396,0.9546217,0.94466835,0.9526265,0.9485614,0.95659804,0.95173717,0.95046586,0.9573879,0.94850236,0.94791836,0.94714737,0.9523325,0.95221907,0.94851875,0.95080096,0.9479513,0.9497477,0.94802475,0.9496646,0.95181847,0.94930375,0.9519689,1.000013,0.95071477,0.95608526,0.9430599,0.95132744,0.95308447,0.94268197,0.9522101,0.9478601,0.9468154,0.9481341,0.9484955,0.9506385,0.948735,0.954618,0.9495915,0.9527203,0.9540477,0.9515433,0.95102674,0.9580972,0.954172,0.95523524,0.94730204,0.9451203,0.9500786,0.948156,0.95158476,0.9544418,0.95226955,0.94606066,0.95006084,0.9494916,0.95434606,0.94996226,0.94917154,0.95241535,0.94807863,0.94974965,0.9480376,0.94870985,0.9510936,0.9455655,0.9599362,0.95404625,0.94873923,0.94722724,0.9504836,0.94873524,0.950845,0.96367425,0.94857955,0.9480452,0.95967805,0.9480647,0.94454396,0.9557838,0.9482759,0.94801444,0.951093,0.9494877,0.94811094,0.94976187,0.94670403,0.952198,0.94999826,0.9505099,0.9552915,0.9519767
IL17F,0.95048916,0.9514868,0.9510868,0.9547712,0.94758785,0.9482566,0.95012856,0.9614937,0.954584,0.9604339,0.9501376,0.9483372,0.9484115,0.9505078,0.95050585,0.9509653,0.9475623,0.9534085,0.949589,0.94597256,0.95278364,0.95284754,0.95246196,0.94431156,0.9490635,0.94811386,0.9506408,0.94956255,0.95475817,0.95047,0.94885147,0.95071477,0.9999887,0.9639599,0.9509877,0.9565663,0.9572852,0.9495438,0.95272714,0.94560915,0.94654584,0.949132,0.95036614,0.9484349,0.95169055,0.95629334,0.9497897,0.95432556,0.9597735,0.9462272,0.9510989,0.94918233,0.95388174,0.95610917,0.9499897,0.95070505,0.9532205,0.9518435,0.9438428,0.9625847,0.9632056,0.9521636,0.9486407,0.95035964,0.9542489,0.948869,0.94917244,0.95030004,0.9500037,0.94949335,0.940316,0.95046884,0.9525863,0.9448825,0.95930976,0.956091,0.95237464,0.95157325,0.9466292,0.94705737,0.94914764,0.9515922,0.95303446,0.95026016,0.9563063,0.94993675,0.9502674,0.94964397,0.9525722,0.9494172,0.95297354,0.9558607,0.95230705,0.9490767,0.9499202,0.95080906,0.94939756,0.9562422,0.9581662,0.951223
KCNIP2,0.95113194,0.9520575,0.9519281,0.9567648,0.94971657,0.9534638,0.95236844,0.9681179,0.95566905,0.9640836,0.9480938,0.9484727,0.9483311,0.9493969,0.94637996,0.9513929,0.9498124,0.9522373,0.9492131,0.94248194,0.95282036,0.9568074,0.95204866,0.9415164,0.94948876,0.94780874,0.9503239,0.9481282,0.95782745,0.9498143,0.95022273,0.95608526,0.9639599,0.9999871,0.9480032,0.9604579,0.9579215,0.9468582,0.9551547,0.9453286,0.94481903,0.9479801,0.9496952,0.94994277,0.9520382,0.96069276,0.9497301,0.9565207,0.9678903,0.9494086,0.94927645,0.9518117,0.95663464,0.9553081,0.948566,0.949069,0.95204896,0.9494441,0.9407026,0.96327335,0.9594442,0.94910574,0.94418216,0.94846255,0.9562552,0.9504301,0.9500015,0.95141536,0.9474775,0.949334,0.938818,0.9493218,0.95347464,0.9424108,0.9645938,0.95818824,0.95355624,0.9488379,0.94878453,0.9480025,0.9483862,0.95609385,0.9513126,0.94774234,0.9621811,0.9460251,0.94720095,0.9499665,0.9519179,0.94858885,0.95444673,0.9540168,0.9512377,0.94992554,0.948059,0.95127785,0.9510661,0.9560958,0.9615902,0.94970584
KDELR2,0.9465163,0.9535408,0.9521128,0.9517825,0.9475474,0.94453317,0.95281434,0.9456184,0.9440621,0.9473653,0.96225107,0.94974,0.9547788,0.95150423,0.9506283,0.9537662,0.9451735,0.9532922,0.9510095,0.9551838,0.9531703,0.9477096,0.95158255,0.951815,0.950684,0.95327437,0.954914,0.95190084,0.95315063,0.95132697,0.9483648,0.9430599,0.9509877,0.9480032,0.9999919,0.94789827,0.94956183,0.9639257,0.94980335,0.949163,0.95352143,0.950124,0.95264304,0.9482653,0.9505647,0.94950545,0.95087844,0.9479285,0.94629526,0.9498756,0.951791,0.94264007,0.9485889,0.95196456,0.95043737,0.9546832,0.95145136,0.9533613,0.95332646,0.95306623,0.9518382,0.9607227,0.9515452,0.956785,0.94869685,0.94931376,0.95182943,0.95118475,0.9564205,0.9504226,0.9526496,0.9534544,0.9516092,0.9583468,0.94352233,0.9498806,0.9546004,0.9557183,0.94903064,0.95073134,0.95816797,0.94810295,0.9545998,0.95338833,0.9426254,0.95532733,0.95711136,0.95197403,0.9509967,0.9516822,0.94898874,0.95629394,0.9537825,0.9506792,0.9578028,0.94934237,0.9497879,0.9533805,0.9496453,0.9536926
KDM6A,0.9475655,0.9526252,0.95289457,0.954078,0.9480819,0.9531795,0.951097,0.9603716,0.9556596,0.9578821,0.947175,0.95033324,0.94767845,0.94870025,0.9459487,0.95069236,0.9491724,0.9507866,0.9493168,0.9428172,0.95097965,0.9532266,0.95140713,0.94226736,0.94999623,0.94665384,0.9487866,0.9481139,0.95384467,0.9496172,0.9512035,0.95132744,0.9565663,0.9604579,0.94789827,1.0000027,0.9565206,0.9425332,0.95541435,0.9482415,0.9456741,0.9476209,0.94864273,0.95013976,0.9510725,0.95649946,0.949102,0.95920753,0.9587666,0.947447,0.9503845,0.9545076,0.9523298,0.9526229,0.94903374,0.94806194,0.94985664,0.9489918,0.9425979,0.9538033,0.9575572,0.9470441,0.9467527,0.9477394,0.95703816,0.94666344,0.9501158,0.94844395,0.9489739,0.9491788,0.9415316,0.9470369,0.9506197,0.9453293,0.9619692,0.9537509,0.9474107,0.9492286,0.94957507,0.9479562,0.9501976,0.95287687,0.949461,0.9477533,0.9565781,0.9474079,0.945404,0.94474214,0.95227605,0.94844055,0.9535075,0.9528125,0.9469314,0.9491674,0.94754076,0.94964564,0.95115995,0.95271975,0.9566169,0.94804484
KLF13,0.9463175,0.9499809,0.9506072,0.95062155,0.9464271,0.9494573,0.95219433,0.95545185,0.9591182,0.9552502,0.94828415,0.94807357,0.9495687,0.95085716,0.9550473,0.9478742,0.9459936,0.95363647,0.9512101,0.9465351,0.95097256,0.9511061,0.9532238,0.94858456,0.94395417,0.94191194,0.95426035,0.94414806,0.9508397,0.95186216,0.9472301,0.95308447,0.9572852,0.9579215,0.94956183,0.9565206,1.0000057,0.9481318,0.95591486,0.951054,0.95143604,0.95198715,0.9491168,0.94772017,0.9501698,0.9534372,0.9520403,0.96202165,0.95453435,0.9414351,0.95095176,0.9548432,0.9515869,0.95478785,0.9513243,0.9459504,0.95041203,0.9543297,0.9452829,0.9556769,0.95665014,0.95043164,0.95327044,0.95267266,0.95361817,0.9496157,0.9476975,0.9464726,0.94710815,0.95234233,0.94586635,0.9456572,0.94450307,0.9470738,0.957017,0.9535907,0.94796,0.9516869,0.94342434,0.9414876,0.9517111,0.9494209,0.953002,0.9561776,0.95860994,0.9491498,0.94969714,0.94480425,0.9483429,0.9508407,0.95484364,0.95385635,0.9504146,0.94801563,0.9493842,0.95105845,0.94860864,0.9565703,0.9543036,0.95121104
KLRG1,0.946553,0.9502711,0.9508674,0.9518299,0.9474091,0.9443104,0.9551363,0.94707,0.9412487,0.9445479,0.9599869,0.9461561,0.9549924,0.95321965,0.9504988,0.9537149,0.9448354,0.95419943,0.9503468,0.9540576,0.95169425,0.94735783,0.9519574,0.95345414,0.95086104,0.9506026,0.9543717,0.95384765,0.9549078,0.9500651,0.9501145,0.94268197,0.9495438,0.9468582,0.9639257,0.9425332,0.9481318,0.9999962,0.9463979,0.9491293,0.9561688,0.9489649,0.9518893,0.9502473,0.95157504,0.94913214,0.9496822,0.9450973,0.9450371,0.95138735,0.9497633,0.9404642,0.9486558,0.94998467,0.95151824,0.9560928,0.95168763,0.95398897,0.9504877,0.9551185,0.9520259,0.9626162,0.9513043,0.9537248,0.94753927,0.9536724,0.9529491,0.95368314,0.9545927,0.9508756,0.95361954,0.9549328,0.94936657,0.9625544,0.9396288,0.94769174,0.95539844,0.95410997,0.9489653,0.9516272,0.95724577,0.9482583,0.95361865,0.95441544,0.9444662,0.9540659,0.9637161,0.9513116,0.9504366,0.95101506,0.94801086,0.9540715,0.9573989,0.9497365,0.9559446,0.94931966,0.95071375,0.95570356,0.948595,0.9523881
KRTCAP2,0.9492297,0.94875133,0.9517647,0.9490528,0.9493298,0.953809,0.9527725,0.9537782,0.9548502,0.9530241,0.94889534,0.9520857,0.95269614,0.95054656,0.94988173,0.9488851,0.9490328,0.9551963,0.95114064,0.9497683,0.95244944,0.95181024,0.95367175,0.95031834,0.9472482,0.94775295,0.95065546,0.94703126,0.9514258,0.95104605,0.94925815,0.9522101,0.95272714,0.9551547,0.94980335,0.95541435,0.95591486,0.9463979,1.0000029,0.95247024,0.9497309,0.95206165,0.9504989,0.94847417,0.9507421,0.95337856,0.9520277,0.9562427,0.95371014,0.9469881,0.95289314,0.9555794,0.9523571,0.9518982,0.952542,0.9472639,0.9505788,0.9547618,0.94659275,0.9517263,0.953153,0.9493098,0.9514742,0.95177037,0.9551952,0.94834656,0.94866574,0.94600713,0.9495027,0.95315593,0.9464786,0.9488475,0.9476094,0.9482759,0.95555824,0.95119166,0.94814485,0.9531207,0.9483065,0.9470924,0.95065606,0.94970596,0.95160544,0.9501656,0.9564332,0.95095885,0.94974494,0.9470544,0.95079505,0.9502466,0.9531111,0.9521572,0.9493007,0.94915533,0.950164,0.95405257,0.9513865,0.9513044,0.9531979,0.9541204
LCMT2,0.9431033,0.9492955,0.94949615,0.94592106,0.9522974,0.9563614,0.9455597,0.9445206,0.9544192,0.94758505,0.9479341,0.94749093,0.94994855,0.9540197,0.9539436,0.94992495,0.95251095,0.9523904,0.95076245,0.95196056,0.94788826,0.9497936,0.94995916,0.95811534,0.94807637,0.9449462,0.949788,0.9463654,0.94549274,0.95219463,0.95305276,0.9478601,0.94560915,0.9453286,0.949163,0.9482415,0.951054,0.9491293,0.95247024,1.0000092,0.9501119,0.95333636,0.94988763,0.9499681,0.9489858,0.9481847,0.95090365,0.9549962,0.94397914,0.94617784,0.9517476,0.9623822,0.94743264,0.9499833,0.9503287,0.9469173,0.94439304,0.9549484,0.95183617,0.9405568,0.9452229,0.94947654,0.95466614,0.9520136,0.9454637,0.94927996,0.94976807,0.94909966,0.9484881,0.9511563,0.950962,0.95059377,0.9436433,0.955872,0.947027,0.94625294,0.9476078,0.9497168,0.94946605,0.947829,0.95297396,0.94904757,0.94471335,0.9508828,0.9533783,0.9538428,0.9505974,0.94983035,0.94809645,0.9495921,0.95237696,0.949186,0.94832766,0.9498513,0.9502212,0.950132,0.9485609,0.9500948,0.94746834,0.95214856
LRP6,0.949418,0.94751143,0.95183927,0.9483194,0.9462125,0.9491883,0.95942956,0.94570804,0.94671077,0.94394004,0.95422965,0.95118064,0.957733,0.9541851,0.9508363,0.9489355,0.94728667,0.9511288,0.9503703,0.95311546,0.9501403,0.94683814,0.9504336,0.95464325,0.9489348,0.94928014,0.95974207,0.9485156,0.9495218,0.94994056,0.9505192,0.9468154,0.94654584,0.94481903,0.95352143,0.9456741,0.95143604,0.9561688,0.9497309,0.9501119,1.0000138,0.949203,0.9495247,0.9460577,0.95033336,0.94912004,0.95061886,0.9480524,0.9425942,0.95023894,0.9509612,0.9458024,0.9507485,0.9494883,0.95131195,0.9492308,0.95218915,0.9515135,0.95092577,0.95186895,0.9480362,0.95434487,0.95308286,0.9526198,0.9494679,0.95164883,0.94980365,0.9488647,0.9515313,0.9543735,0.9575102,0.9515728,0.9494874,0.9564224,0.9419563,0.9504442,0.9514845,0.95097446,0.9476158,0.9508028,0.95422053,0.94456995,0.95136046,0.9603354,0.9491484,0.94977385,0.9547899,0.95145714,0.94577074,0.9505803,0.9501922,0.95067585,0.9539064,0.9456006,0.95280224,0.95154357,0.9509896,0.95264417,0.9464116,0.9516003
LRRC37A3,0.9487396,0.94912696,0.9476475,0.9477293,0.9481642,0.94910246,0.9484369,0.94740653,0.95205176,0.949395,0.95129687,0.9517939,0.9521426,0.949563,0.95356274,0.94842815,0.9471757,0.9540944,0.95593053,0.95323294,0.9487683,0.9514749,0.95279765,0.95316434,0.94520694,0.9480567,0.94917846,0.94606096,0.94640815,0.9549926,0.9488048,0.9481341,0.949132,0.9479801,0.950124,0.9476209,0.95198715,0.9489649,0.95206165,0.95333636,0.949203,0.9999942,0.9527223,0.94744265,0.95177174,0.9486494,0.95293915,0.95297986,0.94748425,0.9448345,0.9524316,0.9534019,0.9491578,0.95097756,0.953779,0.9475863,0.95213014,0.9537537,0.95094365,0.94725907,0.95031995,0.95026183,0.9554335,0.9520761,0.9497187,0.95269245,0.94793147,0.9459815,0.94939226,0.95305574,0.94988275,0.9484489,0.94635963,0.9507034,0.94864446,0.9488239,0.9482544,0.95191526,0.9476179,0.9437503,0.950942,0.9471235,0.9533588,0.9520977,0.9498191,0.9535997,0.950269,0.94860524,0.9490404,0.9519198,0.9537965,0.95094806,0.9512803,0.9486817,0.9509043,0.9528372,0.94760096,0.94896173,0.9487307,0.9525449
LRTOMT,0.948963,0.94997346,0.95231223,0.9517841,0.9505242,0.949963,0.9489122,0.9497518,0.9471695,0.9488494,0.9535652,0.9486792,0.95096517,0.94971955,0.94801235,0.9519917,0.9499161,0.952827,0.9527591,0.9507828,0.9496182,0.9497903,0.95209736,0.95059514,0.9501741,0.95130926,0.94851696,0.95176417,0.95332783,0.9520261,0.94985735,0.9484955,0.95036614,0.9496952,0.95264304,0.94864273,0.9491168,0.9518893,0.9504989,0.94988763,0.9495247,0.9527223,0.999995,0.9500921,0.9528048,0.9508767,0.95210385,0.94825894,0.94913876,0.9503435,0.9501953,0.9474702,0.94880384,0.94878924,0.9524,0.95263517,0.9524739,0.9527045,0.9503685,0.950312,0.94970536,0.9539721,0.9499407,0.9525447,0.949377,0.951505,0.95121944,0.953122,0.95339006,0.95129716,0.9487513,0.95457137,0.95121616,0.9521228,0.9484542,0.9503168,0.95247066,0.95161194,0.9491529,0.94978213,0.9510001,0.9526886,0.9538192,0.94953775,0.9488162,0.9511126,0.9538789,0.95124424,0.95067257,0.95318675,0.9520156,0.95112145,0.9543008,0.95207065,0.95217097,0.95149237,0.9505141,0.9506566,0.9515207,0.9518409
LY96,0.9504852,0.9502253,0.95069534,0.95184755,0.9557014,0.9527508,0.95104843,0.94951314,0.9491765,0.9500068,0.94782466,0.9487351,0.9484793,0.95022124,0.94789904,0.9557548,0.9578504,0.9499045,0.9478562,0.94880265,0.95062566,0.9490008,0.94985795,0.9508468,0.95379555,0.9555433,0.947877,0.9567586,0.9500909,0.94810873,0.9585696,0.9506385,0.9484349,0.94994277,0.9482653,0.95013976,0.94772017,0.9502473,0.94847417,0.9499681,0.9460577,0.94744265,0.9500921,1.0000026,0.9485038,0.95226765,0.9479598,0.9485435,0.95192295,0.95952964,0.94891036,0.95171565,0.9505059,0.9495273,0.94779396,0.9535165,0.9480515,0.9483485,0.94923395,0.9488271,0.9488272,0.9483749,0.9443927,0.9483131,0.94842994,0.9493154,0.95418596,0.9544082,0.9507754,0.9484951,0.95282704,0.951164,0.95302254,0.950684,0.9504022,0.9496713,0.9514738,0.9484215,0.95833504,0.9625291,0.9488862,0.95489883,0.94740695,0.94230825,0.9510454,0.9492537,0.950146,0.95224386,0.94999397,0.94726264,0.94719005,0.94763076,0.94776607,0.9546408,0.9464993,0.9479423,0.95012516,0.9500959,0.94835204,0.94811463
LYST,0.94982845,0.9498452,0.9498209,0.9501045,0.9473661,0.947996,0.950553,0.9511954,0.94912493,0.95129585,0.95236063,0.95007896,0.95146155,0.9516442,0.9482147,0.94944954,0.9473707,0.95211524,0.95289767,0.9485258,0.951107,0.95133805,0.95189315,0.9482408,0.94816065,0.9493938,0.95044315,0.9510619,0.951823,0.9521979,0.94836926,0.948735,0.95169055,0.9520382,0.9505647,0.9510725,0.9501698,0.95157504,0.9507421,0.9489858,0.95033336,0.95177174,0.9528048,0.9485038,1.0000118,0.9492138,0.95381784,0.9509317,0.95160776,0.9495279,0.95110524,0.9478382,0.94980586,0.9510658,0.9519171,0.9509799,0.95453924,0.95106983,0.9484967,0.95242345,0.950869,0.9518089,0.94953436,0.9516005,0.95210725,0.9527458,0.94930255,0.95007193,0.9501459,0.9518899,0.9486544,0.95021653,0.9506894,0.9492735,0.9518242,0.95282286,0.9500493,0.95178694,0.9477052,0.9491329,0.94998384,0.94907117,0.953882,0.9508805,0.95046014,0.9492445,0.9512978,0.9490524,0.95089865,0.9527594,0.9525122,0.95144665,0.95252514,0.9486646,0.9521175,0.95186955,0.9501964,0.9520033,0.95077264,0.95077276
MAP7D1,0.9527674,0.95043534,0.9533846,0.95524025,0.9505566,0.9568228,0.9530525,0.95762646,0.9520352,0.957138,0.9481378,0.9496665,0.9511301,0.95288926,0.9486751,0.953503,0.95368445,0.9515557,0.9485804,0.9469208,0.95272946,0.95380837,0.95031404,0.9482815,0.9518835,0.95119655,0.95198,0.9493419,0.95580417,0.94893616,0.95441985,0.954618,0.95629334,0.96069276,0.94950545,0.95649946,0.9534372,0.94913214,0.95337856,0.9481847,0.94912004,0.9486494,0.9508767,0.95226765,0.9492138,1.0000118,0.9504422,0.9540328,0.95739913,0.9510581,0.95189774,0.9518172,0.95572996,0.95455503,0.95009357,0.9496487,0.9507754,0.94810414,0.9477062,0.9574547,0.95522946,0.95152885,0.9457506,0.94857085,0.95576656,0.950552,0.9532013,0.9537303,0.95035547,0.95101833,0.9452189,0.9518787,0.95423955,0.9493433,0.95562696,0.9536843,0.95525086,0.9490856,0.95074874,0.9496968,0.95119184,0.95501715,0.9500336,0.94901013,0.957685,0.947582,0.9486842,0.9528766,0.953937,0.9493319,0.95341456,0.9538415,0.95110875,0.9510277,0.9493855,0.954549,0.9509689,0.9545668,0.9561932,0.9514898
MAPK8,0.9484502,0.9492766,0.94948554,0.9491324,0.9483226,0.948459,0.94971347,0.9494556,0.9491863,0.94950396,0.95272964,0.9514101,0.9511255,0.94911,0.9494899,0.9479371,0.9474913,0.95201147,0.95445186,0.9482242,0.95111,0.9509042,0.95300764,0.94942063,0.947623,0.94820416,0.95104903,0.94821703,0.9501094,0.9542811,0.94898075,0.9495915,0.9497897,0.9497301,0.95087844,0.949102,0.9520403,0.9496822,0.9520277,0.95090365,0.95061886,0.95293915,0.95210385,0.9479598,0.95381784,0.9504422,1.0000002,0.9512826,0.94890046,0.9477136,0.9508561,0.94910854,0.95094347,0.95085096,0.95402527,0.9481075,0.9541901,0.952392,0.9484828,0.949825,0.9494958,0.94973797,0.9500282,0.9507628,0.9519682,0.9527191,0.9488745,0.9479016,0.950552,0.95237637,0.9489769,0.94923675,0.94801027,0.94922054,0.95066303,0.95122427,0.94934136,0.95147765,0.94767815,0.9472748,0.9495051,0.94899505,0.9541401,0.95098937,0.9506371,0.94962245,0.9511206,0.94913983,0.9494896,0.95430803,0.95283824,0.94987184,0.9533273,0.94844675,0.9513201,0.9525495,0.95053905,0.95161957,0.95013916,0.95064574
MBOAT2,0.9459879,0.9497013,0.950541,0.9506774,0.9496833,0.9534303,0.9491142,0.95460373,0.96211696,0.9571362,0.9463771,0.949416,0.94926506,0.95374244,0.95345837,0.9474618,0.9487215,0.95280266,0.95061904,0.9469787,0.95054936,0.9510413,0.9524443,0.9482311,0.94447124,0.943257,0.9523116,0.941952,0.9492304,0.9518688,0.9498479,0.9527203,0.95432556,0.9565207,0.9479285,0.95920753,0.96202165,0.9450973,0.9562427,0.9549962,0.9480524,0.95297986,0.94825894,0.9485435,0.9509317,0.9540328,0.9512826,1.0000104,0.9539966,0.94154876,0.9524996,0.9616675,0.9540529,0.9535414,0.9502591,0.9439487,0.9498261,0.9551667,0.94821554,0.95150095,0.95445544,0.9477983,0.95392203,0.9513549,0.9525839,0.947093,0.94751674,0.944872,0.94566566,0.95235205,0.9458835,0.9460878,0.9470267,0.9486278,0.957885,0.9516661,0.9472985,0.9514134,0.94601685,0.94266534,0.95121837,0.9505504,0.9490347,0.9525863,0.9600902,0.9514307,0.9469199,0.945622,0.949117,0.95023245,0.95339656,0.9527739,0.9471909,0.9491782,0.94753236,0.95125353,0.94955164,0.95567095,0.9535292,0.9516319
MCTS1,0.9529255,0.9524723,0.94959277,0.95636344,0.9501982,0.95049435,0.95176363,0.96602815,0.9545171,0.96235514,0.94699585,0.94973147,0.9474069,0.94856215,0.9473383,0.9518151,0.9521047,0.94963896,0.9479852,0.94480485,0.9523207,0.9562806,0.95085263,0.9419793,0.9498155,0.9511708,0.949016,0.9501333,0.9544682,0.9488966,0.94975495,0.9540477,0.9597735,0.9678903,0.94629526,0.9587666,0.95453435,0.9450371,0.95371014,0.94397914,0.9425942,0.94748425,0.94913876,0.95192295,0.95160776,0.95739913,0.94890046,0.9539966,1.0000064,0.9513759,0.94856507,0.9509119,0.9532533,0.9534996,0.94831127,0.95048356,0.9513997,0.9481616,0.94211036,0.9600886,0.9577668,0.94591933,0.9437125,0.94721925,0.95632213,0.9504691,0.9499152,0.9516937,0.94720495,0.94791114,0.93957525,0.9476878,0.95597076,0.94067943,0.9644211,0.9571913,0.9518404,0.947914,0.9493205,0.95038843,0.9471264,0.95485204,0.9510911,0.9438,0.95976293,0.9453101,0.9467264,0.94809985,0.95307624,0.9475069,0.9521805,0.9521701,0.9497776,0.9507042,0.9464917,0.94969344,0.950981,0.9515204,0.95961547,0.9484188
MED19,0.95753413,0.95105684,0.9532121,0.95346284,0.9572527,0.9570484,0.9552653,0.9484849,0.9432782,0.9481455,0.9509318,0.9514813,0.9507381,0.9524195,0.9465177,0.9557507,0.9606667,0.94829965,0.9481498,0.9516015,0.9519454,0.94888675,0.94908315,0.95005244,0.9576032,0.96215034,0.95030487,0.96158844,0.9537934,0.9476268,0.9619864,0.9515433,0.9462272,0.9494086,0.9498756,0.947447,0.9414351,0.95138735,0.9469881,0.94617784,0.95023894,0.9448345,0.9503435,0.95952964,0.9495279,0.9510581,0.9477136,0.94154876,0.9513759,1.0000026,0.9492478,0.9461143,0.9526593,0.94861364,0.9476866,0.95781636,0.95010144,0.94508225,0.95243734,0.9514962,0.94813764,0.9507442,0.94112223,0.94925374,0.9494853,0.95218265,0.9560618,0.95692307,0.95471823,0.9497197,0.9586428,0.9541694,0.96172744,0.9511636,0.94773746,0.9513212,0.95543206,0.9483619,0.9620855,0.97376,0.95058674,0.95537204,0.9484658,0.94268745,0.94941896,0.9474115,0.9521122,0.9572498,0.9500531,0.9477433,0.9477403,0.946929,0.9509324,0.95371056,0.9484556,0.9502549,0.95286924,0.9489819,0.948876,0.95040226
MGA,0.9506238,0.94812435,0.9502694,0.9488668,0.9502139,0.95319587,0.9530709,0.94838285,0.9539732,0.94932145,0.95169175,0.9536628,0.95368165,0.95639527,0.95582175,0.948998,0.95003825,0.95354563,0.95132303,0.9526887,0.949546,0.95146334,0.9503156,0.9539587,0.94875616,0.95053583,0.9511581,0.9501656,0.94891065,0.950469,0.9515465,0.95102674,0.9510989,0.94927645,0.951791,0.9503845,0.95095176,0.9497633,0.95289314,0.9517476,0.9509612,0.9524316,0.9501953,0.94891036,0.95110524,0.95189774,0.9508561,0.9524996,0.94856507,0.9492478,1.0000006,0.95331824,0.95190334,0.9518287,0.9517672,0.94822925,0.94993293,0.95406044,0.95251757,0.9523102,0.952408,0.95231545,0.9530282,0.9536876,0.95134896,0.94889843,0.9484672,0.9467928,0.9524495,0.9532769,0.95025295,0.94891375,0.9486321,0.95370543,0.9492012,0.9504443,0.94851285,0.9539223,0.9489738,0.9496059,0.9561538,0.9498272,0.95259535,0.9509182,0.95092356,0.95104283,0.95037866,0.9548588,0.9510839,0.9489149,0.95130247,0.9551995,0.9523672,0.95134723,0.9511894,0.9557979,0.94967294,0.95074904,0.9492011,0.9561785
MICA,0.9508221,0.94846964,0.9466043,0.9487146,0.9565693,0.9636016,0.9459488,0.95102435,0.9647762,0.9506789,0.93822515,0.95127475,0.9475807,0.9563329,0.95800745,0.9482079,0.95645434,0.9542297,0.94931906,0.9519936,0.94702286,0.9518011,0.9481329,0.9568107,0.9458268,0.9467521,0.9476938,0.9448409,0.9428073,0.951486,0.9548281,0.9580972,0.94918233,0.9518117,0.94264007,0.9545076,0.9548432,0.9404642,0.9555794,0.9623822,0.9458024,0.9534019,0.9474702,0.95171565,0.9478382,0.9518172,0.94910854,0.9616675,0.9509119,0.9461143,0.95331824,0.9999981,0.95185626,0.95176053,0.9488562,0.9427235,0.9450568,0.9543734,0.9511852,0.9435445,0.95092684,0.9443979,0.9555425,0.94866693,0.95106256,0.94768745,0.94657075,0.9467991,0.94559747,0.9517534,0.9484496,0.9456907,0.9457301,0.9490102,0.95700353,0.9480808,0.94287854,0.94926757,0.9518695,0.9457067,0.95323014,0.9527326,0.9445797,0.9483019,0.9630136,0.9523218,0.9444353,0.9515164,0.9484584,0.94775045,0.954436,0.94814104,0.9412446,0.9480626,0.94304425,0.9511814,0.9470183,0.9468827,0.949859,0.9544651
MOSMO,0.9558263,0.94834626,0.95314246,0.9512191,0.9521012,0.9619435,0.96016395,0.9515301,0.95583403,0.9538569,0.9510784,0.9556695,0.95396304,0.9574037,0.9522394,0.9526187,0.9554194,0.9541206,0.9491067,0.95068604,0.9529617,0.95143205,0.94940454,0.95302325,0.95101047,0.9539646,0.9560437,0.947391,0.95168555,0.9499133,0.9542916,0.954172,0.95388174,0.95663464,0.9485889,0.9523298,0.9515869,0.9486558,0.9523571,0.94743264,0.9507485,0.9491578,0.94880384,0.9505059,0.94980586,0.95572996,0.95094347,0.9540529,0.9532533,0.9526593,0.95190334,0.95185626,1.0000025,0.95389503,0.95100254,0.94886243,0.952733,0.95011437,0.9528517,0.95739144,0.9487639,0.951835,0.94750607,0.9486631,0.9531575,0.9524276,0.9491943,0.9482897,0.95293725,0.9538971,0.94952786,0.95009047,0.9559437,0.9533959,0.9536113,0.95323646,0.95194346,0.94963264,0.9514949,0.95117617,0.95587707,0.9528614,0.95199513,0.9499369,0.9595195,0.94613147,0.9507544,0.95647043,0.95253545,0.94834715,0.95191884,0.95281035,0.95230335,0.9513462,0.9522694,0.95538497,0.9519265,0.9541643,0.95100045,0.9542861
MT3,0.9498574,0.9528633,0.9501233,0.9531277,0.9480221,0.9492512,0.95305544,0.95440936,0.9554632,0.95556164,0.952694,0.95182794,0.9522375,0.95174056,0.9541278,0.9518711,0.94998765,0.95300174,0.9501548,0.9489413,0.9540074,0.95111364,0.9514305,0.9488667,0.94855005,0.9489876,0.9547434,0.9481016,0.9520472,0.9515509,0.9506106,0.95523524,0.95610917,0.9553081,0.95196456,0.9526229,0.95478785,0.94998467,0.9518982,0.9499833,0.9494883,0.95097756,0.94878924,0.9495273,0.9510658,0.95455503,0.95085096,0.9535414,0.9534996,0.94861364,0.9518287,0.95176053,0.95389503,1.0000138,0.9502861,0.948742,0.950765,0.95217407,0.949646,0.9571787,0.95434123,0.9531093,0.9507353,0.9531893,0.952316,0.94938254,0.9502373,0.9513068,0.9509732,0.9511309,0.94634116,0.94909614,0.95350015,0.95115685,0.9546359,0.9551221,0.95115924,0.9524631,0.94935834,0.947113,0.9534781,0.95308757,0.95394546,0.9507411,0.95455307,0.95118976,0.95095754,0.95151925,0.9521306,0.95011616,0.9539188,0.9560104,0.9521031,0.9498404,0.9531969,0.9544653,0.9501419,0.9551646,0.95250875,0.9540045
NDST1,0.94915926,0.9496457,0.9509643,0.94966286,0.9475029,0.94957036,0.95017815,0.9484675,0.94994825,0.9475745,0.95250475,0.950912,0.95342416,0.94903165,0.9505651,0.94980437,0.9471595,0.95318246,0.9541083,0.9511565,0.9492628,0.9514528,0.9517821,0.9515029,0.94749385,0.94902104,0.95191014,0.94866407,0.95055497,0.95355815,0.94967955,0.94730204,0.9499897,0.948566,0.95043737,0.94903374,0.9513243,0.95151824,0.952542,0.9503287,0.95131195,0.953779,0.9524,0.94779396,0.9519171,0.95009357,0.95402527,0.9502591,0.94831127,0.9476866,0.9517672,0.9488562,0.95100254,0.9502861,0.9999897,0.9492183,0.95278937,0.95267874,0.9496599,0.949322,0.9491049,0.95250624,0.9507188,0.95181245,0.9516165,0.9533892,0.9485922,0.94953316,0.95236677,0.9534081,0.9503845,0.95013416,0.9486657,0.9523067,0.94726163,0.95001245,0.9496987,0.95308924,0.9484899,0.9478555,0.95071834,0.9477497,0.95417196,0.9516682,0.9495894,0.9511279,0.9539038,0.94890475,0.9508861,0.95460707,0.953303,0.9521424,0.95505494,0.94935685,0.9514827,0.95381844,0.9505084,0.9512351,0.9484696,0.95268524
NNAT,0.9493787,0.9525163,0.9528803,0.95265085,0.95080364,0.94487613,0.95040977,0.951033,0.9427261,0.94931585,0.9552821,0.94916725,0.9500719,0.9508828,0.94787383,0.9559213,0.95038646,0.94886935,0.9493748,0.9490138,0.95490694,0.94947416,0.95120674,0.948601,0.9552606,0.95843136,0.9491815,0.9606792,0.9564216,0.94922775,0.9543269,0.9451203,0.95070505,0.949069,0.9546832,0.94806194,0.9459504,0.9560928,0.9472639,0.9469173,0.9492308,0.9475863,0.95263517,0.9535165,0.9509799,0.9496487,0.9481075,0.9439487,0.95048356,0.95781636,0.94822925,0.9427235,0.94886243,0.948742,0.9492183,1.0000014,0.95136106,0.95175654,0.9506775,0.95307267,0.9533626,0.95447445,0.9463454,0.9522576,0.9495995,0.95091534,0.9553788,0.95505375,0.9555009,0.94792247,0.9500838,0.9545284,0.9554664,0.9529564,0.94545615,0.95169353,0.95710665,0.95126796,0.9518595,0.9591479,0.9504449,0.9517608,0.9519522,0.9475827,0.94491506,0.95201856,0.9559788,0.9524048,0.95248705,0.950572,0.94786775,0.95135903,0.95256865,0.9540298,0.9501783,0.94761205,0.9514647,0.95275265,0.95090127,0.95002896
ORM2,0.95076543,0.9502317,0.9517754,0.9525864,0.947055,0.9464879,0.95318943,0.9530023,0.9470358,0.95156014,0.95441025,0.9519675,0.95171565,0.9511159,0.9494961,0.950854,0.9481678,0.9510716,0.9518686,0.94839174,0.9541708,0.950032,0.95510465,0.9470424,0.95023614,0.9515041,0.952095,0.95238364,0.95234996,0.95354664,0.9501339,0.9500786,0.9532205,0.95204896,0.95145136,0.94985664,0.95041203,0.95168763,0.9505788,0.94439304,0.95218915,0.95213014,0.9524739,0.9480515,0.95453924,0.9507754,0.9541901,0.9498261,0.9513997,0.95010144,0.94993293,0.9450568,0.952733,0.950765,0.95278937,0.95136106,0.99999726,0.951071,0.9482045,0.95671964,0.9523314,0.9517779,0.948852,0.95046765,0.9542179,0.9541664,0.9508815,0.94804126,0.95213604,0.95327085,0.95048743,0.94999886,0.9539536,0.9489298,0.9504234,0.9549736,0.9532673,0.9536023,0.94790435,0.9496538,0.94962054,0.9497774,0.95549905,0.9503374,0.95055854,0.94859993,0.95320845,0.95165503,0.9501233,0.9529894,0.953026,0.9517578,0.9554869,0.9506692,0.9521493,0.95289093,0.95050776,0.9537145,0.9520179,0.95165503
P3H3,0.94423974,0.94986254,0.9503363,0.947557,0.9483198,0.94795793,0.94953805,0.9492671,0.9534668,0.94922346,0.95392996,0.9498563,0.9529567,0.9523032,0.9552675,0.9502455,0.9461392,0.955994,0.9525807,0.95290285,0.9514348,0.9499471,0.953907,0.95539904,0.9465076,0.94712186,0.9505562,0.9499832,0.94964415,0.9525756,0.94870347,0.948156,0.9518435,0.9494441,0.9533613,0.9489918,0.9543297,0.95398897,0.9547618,0.9549484,0.9515135,0.9537537,0.9527045,0.9483485,0.95106983,0.94810414,0.952392,0.9551667,0.9481616,0.94508225,0.95406044,0.9543734,0.95011437,0.95217407,0.95267874,0.95175654,0.951071,1.000013,0.9488699,0.9495515,0.9520963,0.95408905,0.95507884,0.9530027,0.95003283,0.95070726,0.94961655,0.9458295,0.9521142,0.9525347,0.94845015,0.9502718,0.9446839,0.9545382,0.9492377,0.9489,0.9494655,0.95452374,0.94645375,0.9467642,0.9543486,0.94793916,0.9515484,0.95138884,0.9507743,0.9561416,0.95530134,0.9477279,0.9501543,0.95129836,0.95128185,0.9534915,0.95085585,0.95128816,0.9511177,0.9508493,0.9504374,0.95490026,0.9500133,0.9556665
PEX10,0.9538403,0.9487887,0.9512543,0.9509407,0.9529659,0.95601976,0.95182854,0.93970126,0.9478239,0.94460493,0.9527137,0.9563152,0.9554852,0.95777583,0.95568866,0.9522196,0.95624983,0.9509264,0.9498497,0.9587281,0.95068485,0.9489765,0.9486995,0.95838606,0.9500052,0.9546947,0.95404303,0.94943976,0.94793594,0.9511318,0.9536732,0.95158476,0.9438428,0.9407026,0.95332646,0.9425979,0.9452829,0.9504877,0.94659275,0.95183617,0.95092577,0.95094365,0.9503685,0.94923395,0.9484967,0.9477062,0.9484828,0.94821554,0.94211036,0.95243734,0.95251757,0.9511852,0.9528517,0.949646,0.9496599,0.9506775,0.9482045,0.9488699,1.0000043,0.94295657,0.9418662,0.95388824,0.95243514,0.95405555,0.947747,0.94912666,0.95015603,0.952537,0.95539695,0.9526423,0.9573797,0.9539296,0.95403296,0.9583063,0.943974,0.9465672,0.9506685,0.9513747,0.9553019,0.9518117,0.9556533,0.9513252,0.95019746,0.95043457,0.9465676,0.95406395,0.9492748,0.95852995,0.95187676,0.950591,0.9486119,0.9484916,0.9500495,0.9501194,0.9544307,0.9523846,0.9500947,0.9454327,0.9441753,0.9561833
PIP,0.95637965,0.9507356,0.9521349,0.9591267,0.94868594,0.9488287,0.9572398,0.9604492,0.95087415,0.9582193,0.9564544,0.95174164,0.9531337,0.9565871,0.95206547,0.9519323,0.9482233,0.9517195,0.9485927,0.9450665,0.95765585,0.9529952,0.9526827,0.94724214,0.95077527,0.95419705,0.9552951,0.953091,0.95686454,0.9484376,0.9487618,0.9544418,0.9625847,0.96327335,0.95306623,0.9538033,0.9556769,0.9551185,0.9517263,0.9405568,0.95186895,0.94725907,0.950312,0.9488271,0.95242345,0.9574547,0.949825,0.95150095,0.9600886,0.9514962,0.9523102,0.9435445,0.95739144,0.9571787,0.949322,0.95307267,0.95671964,0.9495515,0.94295657,1.0000143,0.9640734,0.9541907,0.94792557,0.9514366,0.9585806,0.9513229,0.9497972,0.95159346,0.95315844,0.9515551,0.94660974,0.9504885,0.9581463,0.94787174,0.95595574,0.9576427,0.956522,0.9530125,0.94715214,0.9493784,0.9534316,0.953301,0.95668757,0.9509287,0.95585954,0.94742244,0.9550309,0.9564093,0.9503996,0.9488226,0.95183533,0.9576049,0.95628643,0.95039845,0.95118225,0.9537017,0.95005804,0.9591393,0.95998013,0.9530799
POU2F3,0.95111406,0.95200825,0.95036554,0.9566706,0.94773155,0.9469668,0.9520854,0.96207947,0.9553313,0.9567964,0.9502999,0.95030427,0.94884807,0.95420283,0.9541108,0.9515787,0.9471977,0.952611,0.9498846,0.9465986,0.95684904,0.9523643,0.9533486,0.9467023,0.9470477,0.94982034,0.950019,0.95136553,0.95792866,0.94972485,0.9488262,0.95226955,0.9632056,0.9594442,0.9518382,0.9575572,0.95665014,0.9520259,0.953153,0.9452229,0.9480362,0.95031995,0.94970536,0.9488272,0.950869,0.95522946,0.9494958,0.95445544,0.9577668,0.94813764,0.952408,0.95092684,0.9487639,0.95434123,0.9491049,0.9533626,0.9523314,0.9520963,0.9418662,0.9640734,1.0000032,0.95124483,0.95215416,0.9514757,0.9565601,0.94881403,0.95050013,0.9489396,0.9492413,0.9513398,0.9434109,0.948844,0.9503785,0.9450576,0.9576462,0.95624495,0.95218813,0.95501316,0.9472433,0.9469163,0.95024115,0.9512214,0.95429075,0.951215,0.9552433,0.9509664,0.95435584,0.94852734,0.95133257,0.9492126,0.95310426,0.95729494,0.9522511,0.94898343,0.9481694,0.950324,0.94854075,0.95604515,0.9602083,0.9531804
RAB30,0.94756067,0.9509281,0.95394033,0.95159155,0.9477733,0.94859064,0.9543487,0.9479773,0.94533455,0.94804865,0.96059066,0.95043963,0.9560691,0.9521415,0.9528866,0.9538791,0.9462788,0.95633835,0.95210296,0.9544113,0.9525063,0.94880664,0.9535526,0.95156205,0.95036024,0.9524083,0.9547255,0.9526068,0.9547946,0.95149887,0.9514444,0.94606066,0.9521636,0.94910574,0.9607227,0.9470441,0.95043164,0.9626162,0.9493098,0.94947654,0.95434487,0.95026183,0.9539721,0.9483749,0.9518089,0.95152885,0.94973797,0.9477983,0.94591933,0.9507442,0.95231545,0.9443979,0.951835,0.9531093,0.95250624,0.95447445,0.9517779,0.95408905,0.95388824,0.9541907,0.95124483,0.9999875,0.951825,0.9574484,0.9511876,0.95105433,0.9518708,0.9546391,0.95682216,0.95272034,0.9515,0.9553995,0.95253253,0.9606825,0.9435258,0.95067793,0.9549174,0.9546492,0.94856197,0.9503268,0.9587754,0.94968355,0.95513713,0.9525174,0.94661605,0.95304537,0.957905,0.955051,0.9510124,0.9513817,0.9502113,0.9574658,0.9556677,0.950342,0.95806265,0.95032644,0.9501306,0.9540687,0.94921887,0.95545757
RAMP1,0.94745237,0.9486312,0.94824326,0.9481175,0.94692934,0.9494239,0.94915766,0.94407296,0.9539106,0.9461832,0.95028603,0.9521065,0.95223653,0.9530394,0.96025187,0.94794667,0.94426656,0.9530883,0.95182365,0.95636964,0.95006585,0.94834054,0.95025426,0.95801675,0.94393784,0.94630957,0.9506162,0.94671106,0.9460364,0.9512992,0.94424856,0.95006084,0.9486407,0.94418216,0.9515452,0.9467527,0.95327044,0.9513043,0.9514742,0.95466614,0.95308286,0.9554335,0.9499407,0.9443927,0.94953436,0.9457506,0.9500282,0.95392203,0.9437125,0.94112223,0.9530282,0.9555425,0.94750607,0.9507353,0.9507188,0.9463454,0.948852,0.95507884,0.95243514,0.94792557,0.95215416,0.951825,0.9999937,0.9537829,0.94943607,0.9483634,0.9450933,0.94386536,0.94911623,0.95239484,0.95175827,0.9465357,0.9430078,0.95278317,0.9468312,0.9462113,0.94566417,0.95587856,0.94436383,0.9401073,0.95437765,0.94524753,0.95172834,0.95771474,0.94976175,0.9539132,0.9512453,0.9501568,0.94857717,0.95006424,0.95169765,0.95254666,0.9494835,0.9479074,0.9510593,0.95113,0.94552505,0.9480876,0.9481018,0.9543376
RASD2,0.94760543,0.9524257,0.9518335,0.9519674,0.9492879,0.94864684,0.9517173,0.94785583,0.94939375,0.9501085,0.9581529,0.9529471,0.9539542,0.956289,0.95379114,0.95292836,0.9486323,0.9532795,0.9523884,0.9528897,0.95339024,0.9493446,0.95275617,0.95115256,0.94901717,0.9507492,0.9541412,0.95110524,0.9512996,0.9517406,0.94979346,0.9494916,0.95035964,0.94846255,0.956785,0.9477394,0.95267266,0.9537248,0.95177037,0.9520136,0.9526198,0.9520761,0.9525447,0.9483131,0.9516005,0.94857085,0.9507628,0.9513549,0.94721925,0.94925374,0.9536876,0.94866693,0.9486631,0.9531893,0.95181245,0.9522576,0.95046765,0.9530027,0.95405555,0.9514366,0.9514757,0.9574484,0.9537829,1.0000088,0.9513986,0.9485911,0.95126235,0.95195174,0.9525746,0.9519404,0.951431,0.95286006,0.95261276,0.9569405,0.9480425,0.9506364,0.952572,0.9553374,0.9487853,0.9491517,0.95520586,0.95151794,0.9544891,0.9524491,0.94826186,0.9558666,0.95532835,0.9537748,0.95025516,0.9520679,0.9523891,0.9563704,0.9541887,0.9505281,0.9554351,0.95303917,0.9486767,0.95423806,0.9492907,0.95394295
RCBTB1,0.95229185,0.9496728,0.95394635,0.9552228,0.9492071,0.9530363,0.95236754,0.9576177,0.95204306,0.9540575,0.9506948,0.95343,0.9521364,0.95335543,0.94998115,0.9509244,0.95083106,0.9514783,0.94966054,0.9465733,0.9556192,0.9545421,0.9536503,0.94662607,0.94887155,0.94931,0.95038855,0.9499796,0.95527893,0.9499618,0.95110095,0.95434606,0.9542489,0.9562552,0.94869685,0.95703816,0.95361817,0.94753927,0.9551952,0.9454637,0.9494679,0.9497187,0.949377,0.94842994,0.95210725,0.95576656,0.9519682,0.9525839,0.95632213,0.9494853,0.95134896,0.95106256,0.9531575,0.952316,0.9516165,0.9495995,0.9542179,0.95003283,0.947747,0.9585806,0.9565601,0.9511876,0.94943607,0.9513986,1.0000058,0.9530531,0.95097154,0.9500803,0.9512927,0.9520338,0.9462286,0.949403,0.952146,0.9467554,0.95727175,0.9566198,0.9510688,0.9510118,0.9491386,0.9477652,0.9499484,0.9513123,0.9514929,0.9491551,0.95624423,0.94943553,0.9513776,0.9511585,0.9537891,0.9503941,0.9536302,0.9508873,0.9525666,0.9488695,0.9502934,0.95331013,0.95175016,0.95486164,0.95619833,0.95331305
RFX5,0.951384,0.9484422,0.9497172,0.95163506,0.94858325,0.95170915,0.95206004,0.94884074,0.9461767,0.9475769,0.9515604,0.9505268,0.95113957,0.95128155,0.94934034,0.9494013,0.9521533,0.9504396,0.95247597,0.9508127,0.9504112,0.9513087,0.95239925,0.9498331,0.94892174,0.9485653,0.9503459,0.95102507,0.95200944,0.9529682,0.95141864,0.94996226,0.948869,0.9504301,0.94931376,0.94666344,0.9496157,0.9536724,0.94834656,0.94927996,0.95164883,0.95269245,0.951505,0.9493154,0.9527458,0.950552,0.9527191,0.947093,0.9504691,0.95218265,0.94889843,0.94768745,0.9524276,0.94938254,0.9533892,0.95091534,0.9541664,0.95070726,0.94912666,0.9513229,0.94881403,0.95105433,0.9483634,0.9485911,0.9530531,0.9999926,0.95197725,0.95256674,0.94889694,0.9518098,0.95172065,0.9521134,0.9498112,0.94954073,0.94818765,0.95159054,0.9536641,0.9501667,0.94981354,0.95019907,0.94910204,0.94852144,0.9527764,0.9494439,0.95260286,0.9497521,0.9513252,0.9520523,0.94896287,0.9523893,0.95287025,0.94718534,0.9559219,0.94860184,0.9502348,0.9522944,0.9514216,0.9523297,0.9508854,0.94781435
RPL26L1,0.94981503,0.9500762,0.95338583,0.95497006,0.95198417,0.9528025,0.9518852,0.951729,0.94519436,0.9495044,0.95247114,0.94809794,0.9498779,0.9527862,0.94642955,0.953897,0.9541359,0.9484259,0.9473862,0.9473131,0.9519399,0.95141673,0.9524638,0.9482711,0.95438075,0.9523906,0.9502036,0.95514375,0.9552008,0.94936526,0.955224,0.94917154,0.94917244,0.9500015,0.95182943,0.9501158,0.9476975,0.9529491,0.94866574,0.94976807,0.94980365,0.94793147,0.95121944,0.95418596,0.94930255,0.9532013,0.9488745,0.94751674,0.9499152,0.9560618,0.9484672,0.94657075,0.9491943,0.9502373,0.9485922,0.9553788,0.9508815,0.94961655,0.95015603,0.9497972,0.95050013,0.9518708,0.9450933,0.95126235,0.95097154,0.95197725,0.9999937,0.9567558,0.95162135,0.9482156,0.9503161,0.9556161,0.95548403,0.95220995,0.94914305,0.9508666,0.9570654,0.9485475,0.95630753,0.95597863,0.950371,0.9545019,0.948364,0.9474578,0.9499661,0.9506209,0.95472485,0.952363,0.952623,0.9501682,0.95025635,0.9482777,0.9522222,0.9516734,0.9501535,0.9508377,0.95243394,0.9548398,0.9519656,0.9484996
RPS6KA1,0.95084083,0.9520814,0.95160055,0.95695317,0.952435,0.95221865,0.94844764,0.9501616,0.9441458,0.9505797,0.9513014,0.9474256,0.94934875,0.9519911,0.9474926,0.9566604,0.9571283,0.9492236,0.9478786,0.94894224,0.9518271,0.94989717,0.9506827,0.9486346,0.9529068,0.9538737,0.9512323,0.9552256,0.95552075,0.94877994,0.95527184,0.95241535,0.95030004,0.95141536,0.95118475,0.94844395,0.9464726,0.95368314,0.94600713,0.94909966,0.9488647,0.9459815,0.953122,0.9544082,0.95007193,0.9537303,0.9479016,0.944872,0.9516937,0.95692307,0.9467928,0.9467991,0.9482897,0.9513068,0.94953316,0.95505375,0.94804126,0.9458295,0.952537,0.95159346,0.9489396,0.9546391,0.94386536,0.95195174,0.9500803,0.95256674,0.9567558,0.9999898,0.95074767,0.9484796,0.9494906,0.95657414,0.9569619,0.9527234,0.9484613,0.95047593,0.9577649,0.9482444,0.95609105,0.9569667,0.9499688,0.9568376,0.9484639,0.94752157,0.9515322,0.9487969,0.9507613,0.9556592,0.9515094,0.95004326,0.94885945,0.95008045,0.952058,0.9493395,0.9520765,0.9501415,0.95155525,0.94948816,0.9529592,0.9492975
S100P,0.95263535,0.9507223,0.95487726,0.95226586,0.9514724,0.95080435,0.95312357,0.9465522,0.946702,0.9486884,0.95677495,0.9529295,0.9544302,0.95431274,0.9507222,0.95499253,0.9515086,0.95178306,0.9510711,0.9534525,0.95264447,0.9499638,0.950698,0.95272917,0.9548112,0.9569894,0.95290726,0.9535148,0.9537684,0.9501726,0.95530784,0.94807863,0.9500037,0.9474775,0.9564205,0.9489739,0.94710815,0.9545927,0.9495027,0.9484881,0.9515313,0.94939226,0.95339006,0.9507754,0.9501459,0.95035547,0.950552,0.94566566,0.94720495,0.95471823,0.9524495,0.94559747,0.95293725,0.9509732,0.95236677,0.9555009,0.95213604,0.9521142,0.95539695,0.95315844,0.9492413,0.95682216,0.94911623,0.9525746,0.9512927,0.94889694,0.95162135,0.95074767,1.0000043,0.9506979,0.9519675,0.95203257,0.9569308,0.9548165,0.9462794,0.9500374,0.9537521,0.951919,0.95222795,0.9545075,0.9546151,0.9516182,0.9519937,0.951271,0.9476402,0.9517171,0.95708835,0.9568543,0.95144236,0.95071447,0.94974935,0.95326334,0.9526508,0.9532907,0.9548781,0.95268834,0.9524415,0.9505516,0.9485392,0.9530003
SAMHD1,0.9525164,0.9481599,0.9519061,0.94954246,0.94809955,0.9529253,0.95347595,0.94999474,0.9508876,0.94998616,0.9522785,0.95354617,0.95574546,0.9521737,0.95286775,0.94943774,0.9492344,0.95527124,0.9523366,0.9524814,0.9518882,0.951011,0.95275193,0.9537623,0.94658333,0.94877505,0.95494646,0.9484786,0.9503385,0.95187366,0.9511561,0.94974965,0.94949335,0.949334,0.9504226,0.9491788,0.95234233,0.9508756,0.95315593,0.9511563,0.9543735,0.95305574,0.95129716,0.9484951,0.9518899,0.95101833,0.95237637,0.95235205,0.94791114,0.9497197,0.9532769,0.9517534,0.9538971,0.9511309,0.9534081,0.94792247,0.95327085,0.9525347,0.9526423,0.9515551,0.9513398,0.95272034,0.95239484,0.9519404,0.9520338,0.9518098,0.9482156,0.9484796,0.9506979,1.0000001,0.9516738,0.95060855,0.94896054,0.95281017,0.9486861,0.950596,0.95067185,0.95481455,0.94914454,0.94846886,0.9519159,0.94757754,0.95355403,0.954251,0.9540085,0.95112103,0.95215774,0.9503657,0.9500625,0.9517202,0.9532043,0.95145977,0.9534119,0.94840753,0.9522197,0.9546538,0.9514564,0.9517159,0.9486681,0.9530484
SENP5,0.95452994,0.94750077,0.9495315,0.9492692,0.95166975,0.95357704,0.954856,0.9375278,0.945277,0.9380707,0.95356363,0.95241505,0.9527955,0.95307434,0.9521329,0.94990516,0.9527577,0.9500451,0.9500532,0.9568514,0.9483978,0.943682,0.9501101,0.95883834,0.95089775,0.95379514,0.95203847,0.952161,0.94746375,0.94941884,0.95420533,0.9480376,0.940316,0.938818,0.9526496,0.9415316,0.94586635,0.95361954,0.9464786,0.950962,0.9575102,0.94988275,0.9487513,0.95282704,0.9486544,0.9452189,0.9489769,0.9458835,0.93957525,0.9586428,0.95025295,0.9484496,0.94952786,0.94634116,0.9503845,0.9500838,0.95048743,0.94845015,0.9573797,0.94660974,0.9434109,0.9515,0.95175827,0.951431,0.9462286,0.95172065,0.9503161,0.9494906,0.9519675,0.9516738,1.0000094,0.9501381,0.95020914,0.95800865,0.9379011,0.9478322,0.948983,0.9511943,0.952983,0.95499074,0.95379716,0.94842273,0.9491238,0.9515697,0.94372046,0.9515011,0.9538116,0.95463026,0.94539803,0.9498035,0.94821733,0.9474783,0.95226026,0.95078665,0.9505972,0.95054436,0.9500919,0.94844496,0.9423572,0.9516061
SFXN4,0.9510347,0.94901615,0.95590794,0.9523568,0.95340216,0.9524131,0.9492202,0.9485102,0.94246167,0.947886,0.95284534,0.9495747,0.9525591,0.951604,0.9468357,0.9550231,0.95261776,0.95119524,0.94832623,0.9512311,0.9497964,0.9495286,0.9521378,0.952217,0.95538616,0.9533038,0.95113844,0.9526652,0.9540069,0.95002115,0.9527803,0.94870985,0.95046884,0.9493218,0.9534544,0.9470369,0.9456572,0.9549328,0.9488475,0.95059377,0.9515728,0.9484489,0.95457137,0.951164,0.95021653,0.9518787,0.94923675,0.9460878,0.9476878,0.9541694,0.94891375,0.9456907,0.95009047,0.94909614,0.95013416,0.9545284,0.94999886,0.9502718,0.9539296,0.9504885,0.948844,0.9553995,0.9465357,0.95286006,0.949403,0.9521134,0.9556161,0.95657414,0.95203257,0.95060855,0.9501381,1.000004,0.9549983,0.9530125,0.94663596,0.9486672,0.95715714,0.9487095,0.9525977,0.95331347,0.95078343,0.9528858,0.9504739,0.94851327,0.949251,0.951308,0.9550355,0.95420086,0.9523266,0.95044017,0.94862497,0.94892687,0.95311856,0.9518911,0.9513703,0.95107573,0.95335233,0.95137286,0.95026875,0.94949454
SH2D2A,0.95903057,0.9519912,0.9538282,0.9576251,0.95292205,0.9536208,0.9547033,0.9522598,0.9438527,0.95337474,0.9541362,0.9544285,0.95194155,0.95505214,0.94891244,0.95722574,0.9584739,0.94871974,0.94739,0.9492488,0.9547012,0.9516182,0.94841886,0.9465624,0.9558168,0.9637768,0.9552618,0.95750487,0.9542893,0.9478543,0.95721793,0.9510936,0.9525863,0.95347464,0.9516092,0.9506197,0.94450307,0.94936657,0.9476094,0.9436433,0.9494874,0.94635963,0.95121616,0.95302254,0.9506894,0.95423955,0.94801027,0.9470267,0.95597076,0.96172744,0.9486321,0.9457301,0.9559437,0.95350015,0.9486657,0.9554664,0.9539536,0.9446839,0.95403296,0.9581463,0.9503785,0.95253253,0.9430078,0.95261276,0.952146,0.9498112,0.95548403,0.9569619,0.9569308,0.94896054,0.95020914,0.9549983,0.99998605,0.95070803,0.95043665,0.9546946,0.95825475,0.9493776,0.9579979,0.96055543,0.95302016,0.95674855,0.9519851,0.94509065,0.9515551,0.946733,0.95143205,0.9612111,0.9525565,0.9484185,0.9485312,0.9519253,0.9512613,0.95353717,0.9528004,0.9533004,0.9505231,0.9503031,0.95267695,0.9518352
SH3KBP1,0.9451082,0.94805914,0.95155305,0.9486853,0.9501342,0.95284367,0.95608157,0.94162667,0.9469847,0.94386744,0.95825154,0.94951826,0.95703787,0.9584656,0.95371497,0.9537368,0.9499026,0.955356,0.9503434,0.95506734,0.95172507,0.9460389,0.95122254,0.9604883,0.9508886,0.9507766,0.95874053,0.95077753,0.9510677,0.95099926,0.95227504,0.9455655,0.9448825,0.9424108,0.9583468,0.9453293,0.9470738,0.9625544,0.9482759,0.955872,0.9564224,0.9507034,0.9521228,0.950684,0.9492735,0.9493433,0.94922054,0.9486278,0.94067943,0.9511636,0.95370543,0.9490102,0.9533959,0.95115685,0.9523067,0.9529564,0.9489298,0.9545382,0.9583063,0.94787174,0.9450576,0.9606825,0.95278317,0.9569405,0.9467554,0.94954073,0.95220995,0.9527234,0.9548165,0.95281017,0.95800865,0.9530125,0.95070803,0.99999577,0.93849826,0.94554734,0.9517988,0.9527694,0.9508112,0.9520101,0.96268284,0.951136,0.95107806,0.9525043,0.945381,0.95469165,0.9575465,0.9539414,0.9505459,0.951083,0.949207,0.9538451,0.95465416,0.95137906,0.9574383,0.95246035,0.9497876,0.9529774,0.9453305,0.95650834
SIKE1,0.94985193,0.95176256,0.95124155,0.95480597,0.9502872,0.9532745,0.9483488,0.96263534,0.96022636,0.9623829,0.9431519,0.9497595,0.9456104,0.9490558,0.94743085,0.94937336,0.9519882,0.9501543,0.9487179,0.9421125,0.9517491,0.9560921,0.9517442,0.9408542,0.9472885,0.94670635,0.9468041,0.9472788,0.9540789,0.950337,0.95004314,0.9599362,0.95930976,0.9645938,0.94352233,0.9619692,0.957017,0.9396288,0.95555824,0.947027,0.9419563,0.94864446,0.9484542,0.9504022,0.9518242,0.95562696,0.95066303,0.957885,0.9644211,0.94773746,0.9492012,0.95700353,0.9536113,0.9546359,0.94726163,0.94545615,0.9504234,0.9492377,0.943974,0.95595574,0.9576462,0.9435258,0.9468312,0.9480425,0.95727175,0.94818765,0.94914305,0.9484613,0.9462794,0.9486861,0.9379011,0.94663596,0.95043665,0.93849826,0.9999943,0.95444,0.94782084,0.948448,0.94868106,0.94669855,0.94577205,0.9564154,0.94867724,0.9463445,0.9619802,0.94626623,0.94430166,0.94536185,0.95272875,0.9481473,0.9531498,0.9497154,0.9470683,0.9488668,0.9457663,0.95026565,0.9490297,0.9518519,0.96038073,0.94938976
SIT1,0.95388734,0.9505495,0.95213574,0.9548089,0.94836855,0.94990396,0.9517164,0.9583496,0.95179605,0.95529747,0.9510775,0.95228827,0.9502725,0.9518014,0.95014167,0.9504754,0.95003885,0.9492195,0.9500122,0.9451214,0.95456207,0.95320225,0.95252,0.94506294,0.94972175,0.95057064,0.9504125,0.95044154,0.95388126,0.9501703,0.9497105,0.95404625,0.956091,0.95818824,0.9498806,0.9537509,0.9535907,0.94769174,0.95119166,0.94625294,0.9504442,0.9488239,0.9503168,0.9496713,0.95282286,0.9536843,0.95122427,0.9516661,0.9571913,0.9513212,0.9504443,0.9480808,0.95323646,0.9551221,0.95001245,0.95169353,0.9549736,0.9489,0.9465672,0.9576427,0.95624495,0.95067793,0.9462113,0.9506364,0.9566198,0.95159054,0.9508666,0.95047593,0.9500374,0.950596,0.9478322,0.9486672,0.9546946,0.94554734,0.95444,1.0000018,0.9531755,0.9510288,0.9479718,0.94845736,0.94841766,0.95254135,0.9532702,0.9500779,0.95531714,0.94748217,0.9517166,0.95189106,0.9499133,0.95031923,0.9527698,0.9512822,0.9526099,0.9497752,0.9504809,0.9529758,0.95166314,0.95476365,0.9572042,0.9501908
SLC25A33,0.95220816,0.95066315,0.954725,0.95509744,0.95164233,0.9509458,0.9500692,0.95204836,0.94274354,0.95158046,0.9538932,0.9490411,0.95149034,0.9539351,0.94866157,0.95466477,0.9516026,0.94901806,0.94975877,0.9477737,0.9551877,0.95121276,0.9526278,0.94837606,0.9545928,0.9561494,0.9528352,0.9550962,0.95731616,0.9495257,0.9532723,0.94873923,0.95237464,0.95355624,0.9546004,0.9474107,0.94796,0.95539844,0.94814485,0.9476078,0.9514845,0.9482544,0.95247066,0.9514738,0.9500493,0.95525086,0.94934136,0.9472985,0.9518404,0.95543206,0.94851285,0.94287854,0.95194346,0.95115924,0.9496987,0.95710665,0.9532673,0.9494655,0.9506685,0.956522,0.95218813,0.9549174,0.94566417,0.952572,0.9510688,0.9536641,0.9570654,0.9577649,0.9537521,0.95067185,0.948983,0.95715714,0.95825475,0.9517988,0.94782084,0.9531755,1.0000088,0.95034397,0.95328575,0.9546807,0.9506117,0.9533468,0.951874,0.9488542,0.94986236,0.9507535,0.9552805,0.9550604,0.95126086,0.9510776,0.9485739,0.95123893,0.9556588,0.9531567,0.95195645,0.9515781,0.9530975,0.9545533,0.9541949,0.9495547
SPATA2,0.9489963,0.95115155,0.9504498,0.9520863,0.9464988,0.94676447,0.9516632,0.9492842,0.9497786,0.94982344,0.95471513,0.95381343,0.9527064,0.9529181,0.9551636,0.95132375,0.9458465,0.9550484,0.952988,0.95356387,0.95321846,0.9481478,0.95400286,0.9514244,0.9467085,0.94970745,0.952355,0.95113,0.949595,0.9527943,0.9482931,0.94722724,0.95157325,0.9488379,0.9557183,0.9492286,0.9516869,0.95410997,0.9531207,0.9497168,0.95097446,0.95191526,0.95161194,0.9484215,0.95178694,0.9490856,0.95147765,0.9514134,0.947914,0.9483619,0.9539223,0.94926757,0.94963264,0.9524631,0.95308924,0.95126796,0.9536023,0.95452374,0.9513747,0.9530125,0.95501316,0.9546492,0.95587856,0.9553374,0.9510118,0.9501667,0.9485475,0.9482444,0.951919,0.95481455,0.9511943,0.9487095,0.9493776,0.9527694,0.948448,0.9510288,0.95034397,0.99999756,0.9477248,0.9487785,0.9531772,0.94687766,0.9553355,0.9522292,0.9485158,0.95372075,0.9533665,0.9500037,0.949605,0.9534141,0.95271343,0.9544497,0.95373464,0.94991326,0.95350516,0.9526563,0.9482856,0.95121866,0.94953805,0.9560187
SYNE1,0.95486116,0.95079,0.9511078,0.95130956,0.9559567,0.9566812,0.9511298,0.94849443,0.9461814,0.94892055,0.94827175,0.95147324,0.9504608,0.95214605,0.94951767,0.9540702,0.9617104,0.9480311,0.94827,0.95232946,0.95030063,0.9500911,0.94775844,0.94985586,0.95525044,0.9594102,0.9502277,0.955414,0.95014554,0.9486471,0.9579149,0.9504836,0.9466292,0.94878453,0.94903064,0.94957507,0.94342434,0.9489653,0.9483065,0.94946605,0.9476158,0.9476179,0.9491529,0.95833504,0.9477052,0.95074874,0.94767815,0.94601685,0.9493205,0.9620855,0.9489738,0.9518695,0.9514949,0.94935834,0.9484899,0.9518595,0.94790435,0.94645375,0.9553019,0.94715214,0.9472433,0.94856197,0.94436383,0.9487853,0.9491386,0.94981354,0.95630753,0.95609105,0.95222795,0.94914454,0.952983,0.9525977,0.9579979,0.9508112,0.94868106,0.9479718,0.95328575,0.9477248,0.9999934,0.96367025,0.9503827,0.952639,0.94725364,0.94356346,0.95072705,0.9489656,0.95035976,0.9548596,0.9510679,0.9483087,0.9484013,0.9452589,0.94789654,0.9520706,0.9497095,0.9503761,0.9512859,0.9473442,0.9477061,0.9508083
TESPA1,0.95305777,0.95010513,0.9537342,0.95093244,0.9549954,0.9526487,0.9547905,0.9477127,0.9431768,0.9470399,0.94996315,0.9498859,0.9503207,0.950759,0.9480098,0.95557785,0.9602175,0.94890624,0.9475452,0.95156235,0.9501478,0.94802123,0.948066,0.9496136,0.959388,0.9635266,0.9498676,0.9631535,0.95160884,0.94759786,0.9634631,0.94873524,0.94705737,0.9480025,0.95073134,0.9479562,0.9414876,0.9516272,0.9470924,0.947829,0.9508028,0.9437503,0.94978213,0.9625291,0.9491329,0.9496968,0.9472748,0.94266534,0.95038843,0.97376,0.9496059,0.9457067,0.95117617,0.947113,0.9478555,0.9591479,0.9496538,0.9467642,0.9518117,0.9493784,0.9469163,0.9503268,0.9401073,0.9491517,0.9477652,0.95019907,0.95597863,0.9569667,0.9545075,0.94846886,0.95499074,0.95331347,0.96055543,0.9520101,0.94669855,0.94845736,0.9546807,0.9487785,0.96367025,1.0000057,0.9498161,0.9537851,0.9478814,0.9413356,0.94744784,0.9473816,0.9516485,0.9544287,0.95035595,0.9478853,0.9469206,0.9471672,0.9497731,0.95462954,0.94856286,0.9488091,0.9519351,0.9485588,0.9468942,0.94960487
THYN1,0.9487818,0.95019084,0.94977385,0.9518387,0.9503806,0.955233,0.9580144,0.94437575,0.9528776,0.94703984,0.9564154,0.95197207,0.9579682,0.95776266,0.9571214,0.9543391,0.9511988,0.95620185,0.94935787,0.95662963,0.9517287,0.9463872,0.94947076,0.95635873,0.94896847,0.9508062,0.95925486,0.95051503,0.95136064,0.9512181,0.95206445,0.950845,0.94914764,0.9483862,0.95816797,0.9501976,0.9517111,0.95724577,0.95065606,0.95297396,0.95422053,0.950942,0.9510001,0.9488862,0.94998384,0.95119184,0.9495051,0.95121837,0.9471264,0.95058674,0.9561538,0.95323014,0.95587707,0.9534781,0.95071834,0.9504449,0.94962054,0.9543486,0.9556533,0.9534316,0.95024115,0.9587754,0.95437765,0.95520586,0.9499484,0.94910204,0.950371,0.9499688,0.9546151,0.9519159,0.95379716,0.95078343,0.95302016,0.96268284,0.94577205,0.94841766,0.9506117,0.9531772,0.9503827,0.9498161,1.0000046,0.9520942,0.9534994,0.9525045,0.95189035,0.9534641,0.9517783,0.9572885,0.94970924,0.94906646,0.95181257,0.9571288,0.95286965,0.95076704,0.95655066,0.95393014,0.9490023,0.95269144,0.94776547,0.95577663
TMEM229B,0.95221865,0.94953126,0.9517084,0.95628554,0.9558304,0.9559588,0.95153373,0.9536873,0.9517756,0.953384,0.9500014,0.949584,0.947464,0.95603645,0.9483412,0.9551062,0.9602965,0.9492779,0.94708484,0.9463664,0.9522833,0.9509312,0.9502275,0.9481081,0.95267195,0.9520918,0.9494319,0.9526011,0.95500624,0.9503082,0.95504075,0.96367425,0.9515922,0.95609385,0.94810295,0.95287687,0.9494209,0.9482583,0.94970596,0.94904757,0.94456995,0.9471235,0.9526886,0.95489883,0.94907117,0.95501715,0.94899505,0.9505504,0.95485204,0.95537204,0.9498272,0.9527326,0.9528614,0.95308757,0.9477497,0.9517608,0.9497774,0.94793916,0.9513252,0.953301,0.9512214,0.94968355,0.94524753,0.95151794,0.9513123,0.94852144,0.9545019,0.9568376,0.9516182,0.94757754,0.94842273,0.9528858,0.95674855,0.951136,0.9564154,0.95254135,0.9533468,0.94687766,0.952639,0.9537851,0.9520942,1.0000001,0.94794846,0.9437665,0.9530277,0.9513437,0.94994575,0.9551077,0.95010775,0.9486973,0.9500599,0.95141643,0.95012534,0.95358634,0.9485554,0.95123756,0.9510622,0.95283705,0.95458,0.9500454
TMEM25,0.9511852,0.95173,0.9502789,0.95240194,0.94650996,0.94512445,0.9525971,0.9489046,0.94822854,0.950717,0.95682055,0.9534737,0.9543138,0.9509836,0.9510988,0.9511704,0.9465425,0.9534407,0.9540093,0.9516084,0.9542593,0.95031226,0.9526614,0.9486931,0.9480567,0.9514153,0.95315486,0.9503235,0.9514209,0.9541848,0.94767857,0.94857955,0.95303446,0.9513126,0.9545998,0.949461,0.953002,0.95361865,0.95160544,0.94471335,0.95136046,0.9533588,0.9538192,0.94740695,0.953882,0.9500336,0.9541401,0.9490347,0.9510911,0.9484658,0.95259535,0.9445797,0.95199513,0.95394546,0.95417196,0.9519522,0.95549905,0.9515484,0.95019746,0.95668757,0.95429075,0.95513713,0.95172834,0.9544891,0.9514929,0.9527764,0.948364,0.9484639,0.9519937,0.95355403,0.9491238,0.9504739,0.9519851,0.95107806,0.94867724,0.9532702,0.951874,0.9553355,0.94725364,0.9478814,0.9534994,0.94794846,0.9999996,0.9521476,0.9481478,0.9508543,0.95366526,0.9513506,0.9505115,0.95235425,0.952086,0.95452905,0.9556675,0.9501086,0.9542738,0.9532548,0.9486586,0.95222545,0.9507722,0.95296717
TP53,0.9492183,0.95019835,0.95106566,0.9490896,0.94342774,0.9482061,0.95026624,0.94713616,0.94990146,0.94650364,0.9524507,0.9509427,0.9542249,0.9499706,0.95330524,0.94878894,0.94098306,0.9523384,0.9526487,0.9519717,0.9504343,0.9494803,0.9509424,0.9515935,0.94631636,0.9454016,0.958409,0.9453114,0.9495136,0.95155185,0.94700193,0.9480452,0.95026016,0.94774234,0.95338833,0.9477533,0.9561776,0.95441544,0.9501656,0.9508828,0.9603354,0.9520977,0.94953775,0.94230825,0.9508805,0.94901013,0.95098937,0.9525863,0.9438,0.94268745,0.9509182,0.9483019,0.9499369,0.9507411,0.9516682,0.9475827,0.9503374,0.95138884,0.95043457,0.9509287,0.951215,0.9525174,0.95771474,0.9524491,0.9491551,0.9494439,0.9474578,0.94752157,0.951271,0.954251,0.9515697,0.94851327,0.94509065,0.9525043,0.9463445,0.9500779,0.9488542,0.9522292,0.94356346,0.9413356,0.9525045,0.9437665,0.9521476,1.0000017,0.9496969,0.95143783,0.95181304,0.94950354,0.9473995,0.9518628,0.9507159,0.9520008,0.9521659,0.9440582,0.95355755,0.95038164,0.94948757,0.9524341,0.94755363,0.9514216
TRIT1,0.9568159,0.94791466,0.9515524,0.9536727,0.95290804,0.9644662,0.9551852,0.95870996,0.9615225,0.9587,0.94260883,0.9503002,0.950978,0.95656204,0.954599,0.9497753,0.9568488,0.95275474,0.94804853,0.9467675,0.95234066,0.95599467,0.9505496,0.9519932,0.9477642,0.9475907,0.9536834,0.94645566,0.95147777,0.94895726,0.9562974,0.95967805,0.9563063,0.9621811,0.9426254,0.9565781,0.95860994,0.9444662,0.9564332,0.9533783,0.9491484,0.9498191,0.9488162,0.9510454,0.95046014,0.957685,0.9506371,0.9600902,0.95976293,0.94941896,0.95092356,0.9630136,0.9595195,0.95455307,0.9495894,0.94491506,0.95055854,0.9507743,0.9465676,0.95585954,0.9552433,0.94661605,0.94976175,0.94826186,0.95624423,0.95260286,0.9499661,0.9515322,0.9476402,0.9540085,0.94372046,0.949251,0.9515551,0.945381,0.9619802,0.95531714,0.94986236,0.9485158,0.95072705,0.94744784,0.95189035,0.9530277,0.9481478,0.9496969,1.0000015,0.94559103,0.94668454,0.95137733,0.9520566,0.9480787,0.9556642,0.94947314,0.9498082,0.94802934,0.9451369,0.9569904,0.94921327,0.9538873,0.95705944,0.9508055
TRMT10A,0.9468794,0.95155615,0.9475383,0.94900054,0.94949275,0.94751614,0.9473962,0.94581026,0.9489722,0.94710004,0.9553937,0.9506419,0.95200866,0.9520229,0.954392,0.95057225,0.94860685,0.9537026,0.95193833,0.9539883,0.95161897,0.94668996,0.9513976,0.95365995,0.9486099,0.9497405,0.9496187,0.9502024,0.9483926,0.952601,0.9487982,0.9480647,0.94993675,0.9460251,0.95532733,0.9474079,0.9491498,0.9540659,0.95095885,0.9538428,0.94977385,0.9535997,0.9511126,0.9492537,0.9492445,0.947582,0.94962245,0.9514307,0.9453101,0.9474115,0.95104283,0.9523218,0.94613147,0.95118976,0.9511279,0.95201856,0.94859993,0.9561416,0.95406395,0.94742244,0.9509664,0.95304537,0.9539132,0.9558666,0.94943553,0.9497521,0.9506209,0.9487969,0.9517171,0.95112103,0.9515011,0.951308,0.946733,0.95469165,0.94626623,0.94748217,0.9507535,0.95372075,0.9489656,0.9473816,0.9534641,0.9513437,0.9508543,0.95143783,0.94559103,1.0000091,0.95608133,0.9504924,0.95020294,0.95110726,0.95136136,0.95086485,0.951108,0.9515173,0.9500871,0.94916403,0.9488764,0.9497673,0.9466088,0.9531181
TRPM2,0.9479214,0.9497198,0.95459294,0.95022094,0.9496028,0.94661814,0.9554467,0.9485551,0.9450837,0.94781363,0.9586148,0.9496008,0.9552021,0.95593786,0.9516909,0.95136577,0.9462154,0.9524567,0.95220566,0.9500947,0.954822,0.94889104,0.95501244,0.9543396,0.9509357,0.95360094,0.95269424,0.9542292,0.9535844,0.9511002,0.9502204,0.94454396,0.9502674,0.94720095,0.95711136,0.945404,0.94969714,0.9637161,0.94974494,0.9505974,0.9547899,0.950269,0.9538789,0.950146,0.9512978,0.9486842,0.9511206,0.9469199,0.9467264,0.9521122,0.95037866,0.9444353,0.9507544,0.95095754,0.9539038,0.9559788,0.95320845,0.95530134,0.9492748,0.9550309,0.95435584,0.957905,0.9512453,0.95532835,0.9513776,0.9513252,0.95472485,0.9507613,0.95708835,0.95215774,0.9538116,0.9550355,0.95143205,0.9575465,0.94430166,0.9517166,0.9552805,0.9533665,0.95035976,0.9516485,0.9517783,0.94994575,0.95366526,0.95181304,0.94668454,0.95608133,1.0000091,0.95194054,0.95143324,0.9521566,0.95083725,0.9521469,0.9558187,0.95024353,0.9517081,0.9516654,0.9521998,0.9559055,0.9497501,0.9546735
TRPV2,0.95875514,0.9498317,0.95141244,0.9550855,0.9563127,0.95791036,0.9549335,0.94660246,0.9471964,0.94868284,0.95482033,0.9543943,0.9535112,0.95998657,0.95654786,0.95519036,0.95910525,0.9506842,0.9486991,0.9535086,0.95326084,0.95003384,0.94773334,0.9546314,0.95418555,0.9591478,0.9528859,0.95359397,0.95010555,0.9488462,0.9564705,0.9557838,0.94964397,0.9499665,0.95197403,0.94474214,0.94480425,0.9513116,0.9470544,0.94983035,0.95145714,0.94860524,0.95124424,0.95224386,0.9490524,0.9528766,0.94913983,0.945622,0.94809985,0.9572498,0.9548588,0.9515164,0.95647043,0.95151925,0.94890475,0.9524048,0.95165503,0.9477279,0.95852995,0.9564093,0.94852734,0.955051,0.9501568,0.9537748,0.9511585,0.9520523,0.952363,0.9556592,0.9568543,0.9503657,0.95463026,0.95420086,0.9612111,0.9539414,0.94536185,0.95189106,0.9550604,0.9500037,0.9548596,0.9544287,0.9572885,0.9551077,0.9513506,0.94950354,0.95137733,0.9504924,0.95194054,0.9999901,0.9510787,0.947798,0.9495473,0.95367956,0.9525388,0.95240295,0.95141554,0.95579505,0.95032996,0.9496429,0.9500517,0.95449364
YWHAG,0.95080477,0.9530116,0.9510828,0.9530311,0.95060056,0.9518095,0.95089304,0.95168227,0.94979966,0.95298135,0.9503452,0.9511521,0.95143336,0.9506811,0.9479369,0.952042,0.9494847,0.9507085,0.9494743,0.95003545,0.95274454,0.95379484,0.95149845,0.9478546,0.95088047,0.9532803,0.9495153,0.9514695,0.95261735,0.9495462,0.94969594,0.9482759,0.9525722,0.9519179,0.9509967,0.95227605,0.9483429,0.9504366,0.95079505,0.94809645,0.94577074,0.9490404,0.95067257,0.94999397,0.95089865,0.953937,0.9494896,0.949117,0.95307624,0.9500531,0.9510839,0.9484584,0.95253545,0.9521306,0.9508861,0.95248705,0.9501233,0.9501543,0.95187676,0.9503996,0.95133257,0.9510124,0.94857717,0.95025516,0.9537891,0.94896287,0.952623,0.9515094,0.95144236,0.9500625,0.94539803,0.9523266,0.9525565,0.9505459,0.95272875,0.9499133,0.95126086,0.949605,0.9510679,0.95035595,0.94970924,0.95010775,0.9505115,0.9473995,0.9520566,0.95020294,0.95143324,0.9510787,0.99999726,0.9498351,0.95145184,0.9518816,0.9513208,0.95132315,0.95068985,0.9534169,0.95157903,0.95056355,0.95188355,0.9526398
ZDHHC5,0.94878036,0.94978905,0.950593,0.949007,0.94724184,0.9476806,0.9498471,0.94903153,0.9485797,0.9481621,0.95296025,0.9510358,0.9516808,0.9486762,0.94984484,0.94904417,0.9477342,0.9517859,0.9542996,0.9502708,0.95054543,0.9489268,0.95257545,0.9494904,0.94815904,0.94871664,0.95090497,0.949229,0.9503491,0.9529378,0.94892263,0.94801444,0.9494172,0.94858885,0.9516822,0.94844055,0.9508407,0.95101506,0.9502466,0.9495921,0.9505803,0.9519198,0.95318675,0.94726264,0.9527594,0.9493319,0.95430803,0.95023245,0.9475069,0.9477433,0.9489149,0.94775045,0.94834715,0.95011616,0.95460707,0.950572,0.9529894,0.95129836,0.950591,0.9488226,0.9492126,0.9513817,0.95006424,0.9520679,0.9503941,0.9523893,0.9501682,0.95004326,0.95071447,0.9517202,0.9498035,0.95044017,0.9484185,0.951083,0.9481473,0.95031923,0.9510776,0.9534141,0.9483087,0.9478853,0.94906646,0.9486973,0.95235425,0.9518628,0.9480787,0.95110726,0.9521566,0.947798,0.9498351,0.9999881,0.95272297,0.949804,0.95314544,0.9493842,0.9521502,0.95158136,0.95108163,0.9506037,0.949261,0.9516849
ZFHX4,0.9494896,0.9498513,0.9506494,0.9518746,0.9486732,0.9535713,0.9503277,0.95265436,0.95492864,0.9519697,0.95050603,0.95167553,0.9517075,0.9511879,0.9529406,0.9498879,0.9500509,0.95487255,0.9537029,0.9490883,0.9505268,0.9510409,0.9535712,0.95017195,0.9475732,0.9476058,0.9519124,0.9475644,0.9497768,0.95426685,0.95038354,0.951093,0.95297354,0.95444673,0.94898874,0.9535075,0.95484364,0.94801086,0.9531111,0.95237696,0.9501922,0.9537965,0.9520156,0.94719005,0.9525122,0.95341456,0.95283824,0.95339656,0.9521805,0.9477403,0.95130247,0.954436,0.95191884,0.9539188,0.953303,0.94786775,0.953026,0.95128185,0.9486119,0.95183533,0.95310426,0.9502113,0.95169765,0.9523891,0.9536302,0.95287025,0.95025635,0.94885945,0.94974935,0.9532043,0.94821733,0.94862497,0.9485312,0.949207,0.9531498,0.9527698,0.9485739,0.95271343,0.9484013,0.9469206,0.95181257,0.9500599,0.952086,0.9507159,0.9556642,0.95136136,0.95083725,0.9495473,0.95145184,0.95272297,1.0000027,0.9521941,0.95315325,0.94838804,0.9495867,0.9544178,0.9503922,0.9529407,0.9515653,0.9515939
ZFP14,0.94809043,0.9522176,0.9518035,0.9518679,0.9455147,0.9461201,0.953634,0.9519544,0.95354766,0.9534519,0.95643413,0.94932175,0.9539716,0.9513778,0.9530152,0.9537533,0.94267625,0.95667523,0.9518671,0.95201045,0.95270616,0.9507638,0.95047677,0.9491644,0.94810396,0.9509731,0.9543012,0.94929093,0.95468724,0.9508544,0.949015,0.9494877,0.9558607,0.9540168,0.95629394,0.9528125,0.95385635,0.9540715,0.9521572,0.949186,0.95067585,0.95094806,0.95112145,0.94763076,0.95144665,0.9538415,0.94987184,0.9527739,0.9521701,0.946929,0.9551995,0.94814104,0.95281035,0.9560104,0.9521424,0.95135903,0.9517578,0.9534915,0.9484916,0.9576049,0.95729494,0.9574658,0.95254666,0.9563704,0.9508873,0.94718534,0.9482777,0.95008045,0.95326334,0.95145977,0.9474783,0.94892687,0.9519253,0.9538451,0.9497154,0.9512822,0.95123893,0.9544497,0.9452589,0.9471672,0.9571288,0.95141643,0.95452905,0.9520008,0.94947314,0.95086485,0.9521469,0.95367956,0.9518816,0.949804,0.9521941,0.9999913,0.9510918,0.95163745,0.9556819,0.9516132,0.9488693,0.95350766,0.9517946,0.9558659
ZNF10,0.95059323,0.9490851,0.95276326,0.9535162,0.9474268,0.9488536,0.9544169,0.9513788,0.9462541,0.94862914,0.9570771,0.94965243,0.9537494,0.95291984,0.9501554,0.9496964,0.94785947,0.95300066,0.9526832,0.949931,0.9530835,0.9494327,0.9552226,0.9505919,0.94870347,0.9500369,0.9539993,0.9528494,0.95558023,0.9518358,0.95023394,0.94811094,0.95230705,0.9512377,0.9537825,0.9469314,0.9504146,0.9573989,0.9493007,0.94832766,0.9539064,0.9512803,0.9543008,0.94776607,0.95252514,0.95110875,0.9533273,0.9471909,0.9497776,0.9509324,0.9523672,0.9412446,0.95230335,0.9521031,0.95505494,0.95256865,0.9554869,0.95085585,0.9500495,0.95628643,0.9522511,0.9556677,0.9494835,0.9541887,0.9525666,0.9559219,0.9522222,0.952058,0.9526508,0.9534119,0.95226026,0.95311856,0.9512613,0.95465416,0.9470683,0.9526099,0.9556588,0.95373464,0.94789654,0.9497731,0.95286965,0.95012534,0.9556675,0.9521659,0.9498082,0.951108,0.9558187,0.9525388,0.9513208,0.95314544,0.95315325,0.9510918,1.0000066,0.9494662,0.9549651,0.95507133,0.95302397,0.957286,0.9519309,0.9514238
ZNF138,0.95137197,0.95161045,0.94958526,0.9503605,0.9544729,0.95027936,0.9507522,0.95007455,0.94923747,0.9503842,0.95099753,0.94979024,0.95001906,0.9500648,0.9497694,0.9530163,0.95280844,0.9492,0.949494,0.95063454,0.9513973,0.949584,0.9492738,0.9495513,0.9561688,0.9575958,0.9489882,0.9559408,0.9518291,0.9485054,0.9528449,0.94976187,0.9490767,0.94992554,0.9506792,0.9491674,0.94801563,0.9497365,0.94915533,0.9498513,0.9456006,0.9486817,0.95207065,0.9546408,0.9486646,0.9510277,0.94844675,0.9491782,0.9507042,0.95371056,0.95134723,0.9480626,0.9513462,0.9498404,0.94935685,0.9540298,0.9506692,0.95128816,0.9501194,0.95039845,0.94898343,0.950342,0.9479074,0.9505281,0.9488695,0.94860184,0.9516734,0.9493395,0.9532907,0.94840753,0.95078665,0.9518911,0.95353717,0.95137906,0.9488668,0.9497752,0.9531567,0.94991326,0.9520706,0.95462954,0.95076704,0.95358634,0.9501086,0.9440582,0.94802934,0.9515173,0.95024353,0.95240295,0.95132315,0.9493842,0.94838804,0.95163745,0.9494662,1.0000002,0.9501784,0.94955283,0.9503581,0.95007825,0.95095736,0.9511336
ZNF235,0.94826984,0.95124626,0.94870114,0.95077324,0.9477313,0.94699085,0.95221007,0.9458285,0.94549614,0.9486142,0.95862675,0.9514784,0.9544216,0.9504317,0.94997126,0.95338947,0.947366,0.95431554,0.95159096,0.9548554,0.9515539,0.94908077,0.95140755,0.94930625,0.9488664,0.9505102,0.9545825,0.95041275,0.9528779,0.95247716,0.9490141,0.94670403,0.9499202,0.948059,0.9578028,0.94754076,0.9493842,0.9559446,0.950164,0.9502212,0.95280224,0.9509043,0.95217097,0.9464993,0.9521175,0.9493855,0.9513201,0.94753236,0.9464917,0.9484556,0.9511894,0.94304425,0.9522694,0.9531969,0.9514827,0.9501783,0.9521493,0.9511177,0.9544307,0.95118225,0.9481694,0.95806265,0.9510593,0.9554351,0.9502934,0.9502348,0.9501535,0.9520765,0.9548781,0.9522197,0.9505972,0.9513703,0.9528004,0.9574383,0.9457663,0.9504809,0.95195645,0.95350516,0.9497095,0.94856286,0.95655066,0.9485554,0.9542738,0.95355755,0.9451369,0.9500871,0.9517081,0.95141554,0.95068985,0.9521502,0.9495867,0.9556819,0.9549651,0.9501784,0.9999874,0.9531715,0.9501294,0.9516088,0.9488474,0.9533849
ZNF473,0.95451975,0.94757974,0.9523217,0.9506134,0.9514438,0.9565538,0.955336,0.9489478,0.95167077,0.95045507,0.95164573,0.9549375,0.95567524,0.9564525,0.9523001,0.9496623,0.9530831,0.9543194,0.95138675,0.9513848,0.95323586,0.9513516,0.95151925,0.9520858,0.9482322,0.9515916,0.954641,0.94823444,0.9506673,0.9509392,0.9530094,0.952198,0.95080906,0.95127785,0.94934237,0.94964564,0.95105845,0.94931966,0.95405257,0.950132,0.95154357,0.9528372,0.95149237,0.9479423,0.95186955,0.954549,0.9525495,0.95125353,0.94969344,0.9502549,0.9557979,0.9511814,0.95538497,0.9544653,0.95381844,0.94761205,0.95289093,0.9508493,0.9523846,0.9537017,0.950324,0.95032644,0.95113,0.95303917,0.95331013,0.9522944,0.9508377,0.9501415,0.95268834,0.9546538,0.95054436,0.95107573,0.9533004,0.95246035,0.95026565,0.9529758,0.9515781,0.9526563,0.9503761,0.9488091,0.95393014,0.95123756,0.9532548,0.95038164,0.9569904,0.94916403,0.9516654,0.95579505,0.9534169,0.95158136,0.9544178,0.9516132,0.95507133,0.94955283,0.9531715,1.0000058,0.95101714,0.9528416,0.9522646,0.9564868
ZNF483,0.9503607,0.94982284,0.95384175,0.9501689,0.95219475,0.9521483,0.9507337,0.9512095,0.9477017,0.94983196,0.9504778,0.95104337,0.95164263,0.94992584,0.94645053,0.95138854,0.95278656,0.9481773,0.9500763,0.9482495,0.94963944,0.9507797,0.9520941,0.94932586,0.952075,0.95054483,0.9502557,0.9498911,0.95327216,0.95032316,0.9514369,0.94999826,0.94939756,0.9510661,0.9497879,0.95115995,0.94860864,0.95071375,0.9513865,0.9485609,0.9509896,0.94760096,0.9505141,0.95012516,0.9501964,0.9509689,0.95053905,0.94955164,0.950981,0.95286924,0.94967294,0.9470183,0.9519265,0.9501419,0.9505084,0.9514647,0.95050776,0.9504374,0.9500947,0.95005804,0.94854075,0.9501306,0.94552505,0.9486767,0.95175016,0.9514216,0.95243394,0.95155525,0.9524415,0.9514564,0.9500919,0.95335233,0.9505231,0.9497876,0.9490297,0.95166314,0.9530975,0.9482856,0.9512859,0.9519351,0.9490023,0.9510622,0.9486586,0.94948757,0.94921327,0.9488764,0.9521998,0.95032996,0.95157903,0.95108163,0.9503922,0.9488693,0.95302397,0.9503581,0.9501294,0.95101714,0.9999861,0.9508395,0.949891,0.9499016
ZNF534,0.9477875,0.95135945,0.95475274,0.9535178,0.94843096,0.94884795,0.9550554,0.9557443,0.9526125,0.9538344,0.95567137,0.9468412,0.95186055,0.955672,0.9511133,0.9521086,0.94708467,0.951467,0.95015097,0.9462191,0.95438343,0.95138824,0.95489925,0.9469274,0.949089,0.9476215,0.95534307,0.9509891,0.95621467,0.9510988,0.9506196,0.9505099,0.9562422,0.9560958,0.9533805,0.95271975,0.9565703,0.95570356,0.9513044,0.9500948,0.95264417,0.94896173,0.9506566,0.9500959,0.9520033,0.9545668,0.95161957,0.95567095,0.9515204,0.9489819,0.95074904,0.9468827,0.9541643,0.9551646,0.9512351,0.95275265,0.9537145,0.95490026,0.9454327,0.9591393,0.95604515,0.9540687,0.9480876,0.95423806,0.95486164,0.9523297,0.9548398,0.94948816,0.9505516,0.9517159,0.94844496,0.95137286,0.9503031,0.9529774,0.9518519,0.95476365,0.9545533,0.95121866,0.9473442,0.9485588,0.95269144,0.95283705,0.95222545,0.9524341,0.9538873,0.9497673,0.9559055,0.9496429,0.95056355,0.9506037,0.9529407,0.95350766,0.957286,0.95007825,0.9516088,0.9528416,0.9508395,0.9999943,0.9551918,0.9514259
ZNF687,0.9511963,0.95068747,0.951054,0.95740026,0.9497207,0.9493311,0.9488782,0.9618274,0.95217866,0.95812446,0.9493245,0.94889605,0.94737756,0.9542311,0.94859135,0.9509296,0.9504601,0.9500989,0.9483786,0.9439778,0.9544906,0.9543383,0.95319957,0.9453224,0.94927967,0.9490864,0.9483844,0.9507229,0.95691043,0.9500103,0.94987714,0.9552915,0.9581662,0.9615902,0.9496453,0.9566169,0.9543036,0.948595,0.9531979,0.94746834,0.9464116,0.9487307,0.9515207,0.94835204,0.95077264,0.9561932,0.95013916,0.9535292,0.95961547,0.948876,0.9492011,0.949859,0.95100045,0.95250875,0.9484696,0.95090127,0.9520179,0.9500133,0.9441753,0.95998013,0.9602083,0.94921887,0.9481018,0.9492907,0.95619833,0.9508854,0.9519656,0.9529592,0.9485392,0.9486681,0.9423572,0.95026875,0.95267695,0.9453305,0.96038073,0.9572042,0.9541949,0.94953805,0.9477061,0.9468942,0.94776547,0.95458,0.9507722,0.94755363,0.95705944,0.9466088,0.9497501,0.9500517,0.95188355,0.949261,0.9515653,0.9517946,0.9519309,0.95095736,0.9488474,0.9522646,0.949891,0.9551918,1.0000091,0.9494333
ZNF880,0.95179623,0.9503865,0.9515996,0.949579,0.95094097,0.9526267,0.9539928,0.9485729,0.95236206,0.94922805,0.9535568,0.9545463,0.95539486,0.95589244,0.95478547,0.9511158,0.9492245,0.9554718,0.9510894,0.9543304,0.9544006,0.95025164,0.95109457,0.95575595,0.9478156,0.95249695,0.9527343,0.95031595,0.951447,0.95095974,0.95125407,0.9519767,0.951223,0.94970584,0.9536926,0.94804484,0.95121104,0.9523881,0.9541204,0.95214856,0.9516003,0.9525449,0.9518409,0.94811463,0.95077276,0.9514898,0.95064574,0.9516319,0.9484188,0.95040226,0.9561785,0.9544651,0.9542861,0.9540045,0.95268524,0.95002896,0.95165503,0.9556665,0.9561833,0.9530799,0.9531804,0.95545757,0.9543376,0.95394295,0.95331305,0.94781435,0.9484996,0.9492975,0.9530003,0.9530484,0.9516061,0.94949454,0.9518352,0.95650834,0.94938976,0.9501908,0.9495547,0.9560187,0.9508083,0.94960487,0.95577663,0.9500454,0.95296717,0.9514216,0.9508055,0.9531181,0.9546735,0.95449364,0.9526398,0.9516849,0.9515939,0.9558659,0.9514238,0.9511336,0.9533849,0.9564868,0.9499016,0.9514259,0.9494333,1.000003
