,ATF7IP2,ATP10D,ATP6V1E2,BACH2,BBS10,BEND3,BRD7,BTLA,C10orf105,C11orf1,CA1,CCPG1,CD8A,CDK10,CLIC5,CREBZF,CYB5R1,DMRT1,DYRK4,EFHD1,EHF,EHMT1,EML5,FAM208A,FAM229B,GALT,GLI3,HES5,HIST1H4I,HLA-DQA2,HSPA4,HSPH1,IL17F,KDELR2,KLF13,KLHL29,KLRG1,KRTCAP2,LBHD1,LCMT2,LRP6,LRRC37A3,LYST,MAP3K9,MAPK8,MEFV,METAP1,MGA,MICA,MOSMO,MT3,NDST1,NNAT,OPTN,ORM2,P3H3,PEX10,PIP,POMK,POU2F3,RAB30,RAMP1,RASD2,RBMS1,RCBTB1,RPS6KA1,S100P,SAMHD1,SFMBT2,SFN,SFXN4,SH3KBP1,SIT1,SLC25A33,SLC25A53,SLC38A7,SPATA2,SUMF1,THYN1,TMEM229B,TMEM25,TP53,TRIT1,TRMT10A,TRPM2,TRPV2,TTC39B,TWIST1,VAMP2,ZDHHC5,ZFP14,ZGLP1,ZNF10,ZNF235,ZNF285,ZNF473,ZNF534,ZNF583,ZNF687,ZNF880
ATF7IP2,1.0000032,0.9529757,0.9531685,0.9487682,0.95134234,0.95163304,0.949229,0.9534953,0.9504405,0.955016,0.95315266,0.950869,0.95011985,0.9534172,0.94912386,0.9533818,0.95225555,0.9505036,0.94941986,0.95543665,0.9529765,0.9507153,0.95290923,0.9561769,0.9551635,0.951245,0.9530722,0.9514581,0.9503093,0.9539569,0.9522024,0.948599,0.9502389,0.9531095,0.9510479,0.94880843,0.95310646,0.949966,0.9509006,0.9499442,0.95165956,0.95056,0.9505133,0.9527814,0.9521274,0.9527654,0.9521708,0.95162404,0.94797736,0.9484338,0.9525717,0.95101494,0.9532639,0.95063066,0.95250267,0.95027244,0.9505286,0.95155334,0.95467955,0.95245993,0.9525354,0.9521769,0.9516764,0.95333964,0.95044816,0.9529461,0.9517587,0.9508838,0.9500962,0.9519203,0.9515236,0.9540263,0.95109683,0.95295215,0.95168984,0.9555326,0.9519601,0.952798,0.9528378,0.9492019,0.9526984,0.95147,0.95007455,0.9541005,0.95344913,0.9504031,0.95153856,0.9516426,0.952408,0.95013815,0.9529791,0.9515456,0.95293766,0.95327586,0.9520417,0.95151144,0.9531447,0.9512166,0.9496339,0.95131487
ATP10D,0.9529757,1.000003,0.95193,0.9512228,0.95144856,0.95493245,0.9517965,0.9529325,0.9563986,0.95618093,0.95099354,0.95373005,0.95040816,0.95163816,0.9487175,0.953108,0.9540442,0.950932,0.9522501,0.95538485,0.95530355,0.9527902,0.95362407,0.95283735,0.9548217,0.95406556,0.95597714,0.95695066,0.952655,0.9542989,0.9548485,0.9525696,0.9522672,0.95436287,0.9513883,0.9517767,0.95215034,0.95382786,0.9540647,0.9542671,0.9538249,0.9508295,0.95135176,0.9536383,0.94968164,0.9549874,0.9510909,0.9532599,0.951749,0.9527348,0.95441896,0.95208263,0.9504683,0.9517694,0.95360374,0.95314366,0.9499572,0.95197415,0.95557714,0.9528161,0.95433605,0.9541486,0.9543546,0.9534411,0.95463294,0.94975954,0.9574517,0.9533673,0.9509268,0.95224,0.9533846,0.95534325,0.95362055,0.9521007,0.95249176,0.9552217,0.9540293,0.9526238,0.9538,0.95285237,0.9537302,0.9524318,0.950772,0.9523307,0.95458484,0.9502323,0.95529205,0.9545492,0.9549439,0.95290065,0.9539314,0.9535902,0.9525936,0.95070034,0.95506805,0.9539123,0.95505524,0.9520068,0.9517766,0.9544985
ATP6V1E2,0.9531685,0.95193,0.9999922,0.9538684,0.9573609,0.951492,0.9478312,0.95218813,0.9524094,0.954317,0.95979077,0.9505552,0.9521906,0.9615361,0.95342875,0.95713055,0.95165145,0.95485777,0.95680183,0.95634496,0.9515277,0.9523697,0.9516626,0.95676714,0.9546761,0.95029515,0.9499566,0.95582163,0.95288646,0.95514226,0.9520978,0.9473387,0.95092845,0.95311064,0.9511206,0.9444019,0.95914704,0.9480253,0.9471344,0.9490206,0.9547847,0.9493962,0.95211273,0.9504713,0.95503026,0.95443356,0.9589612,0.95078856,0.94613796,0.9527338,0.95103776,0.9495219,0.9607202,0.9514203,0.9520047,0.94865686,0.9542697,0.9565464,0.95276165,0.9539149,0.95499873,0.9513926,0.95357776,0.95246553,0.95050585,0.96115917,0.9514332,0.9476911,0.9567836,0.9583283,0.95546395,0.95516354,0.95203686,0.96140057,0.9467571,0.95572746,0.9494368,0.95141053,0.9527542,0.95231533,0.95306027,0.94771516,0.9516593,0.9530686,0.9563404,0.95507056,0.953425,0.95448285,0.95313525,0.9489133,0.95401186,0.9519098,0.9552355,0.9585297,0.9503311,0.9543209,0.9510424,0.95720464,0.95584935,0.9504633
BACH2,0.9487682,0.9512228,0.9538684,0.9999935,0.958658,0.95335126,0.95295537,0.9506911,0.9515416,0.95054626,0.9529385,0.9507705,0.9582903,0.9541972,0.9564746,0.953148,0.95172554,0.95347375,0.95847964,0.9486627,0.9486117,0.9534082,0.9493452,0.95409554,0.9502475,0.95332426,0.95051265,0.95087296,0.9513331,0.94882125,0.9490598,0.9526214,0.9500479,0.94813746,0.9510113,0.9496224,0.94942945,0.9545505,0.952582,0.9540734,0.95074034,0.9501022,0.9506353,0.94902503,0.95127976,0.9488101,0.9570036,0.953177,0.9564502,0.9574763,0.95003164,0.95112944,0.9535385,0.95699644,0.9511227,0.95072806,0.9538462,0.9510837,0.9492867,0.952173,0.950616,0.95054924,0.95366776,0.9469379,0.9538107,0.954919,0.95260453,0.9494748,0.9590158,0.9544889,0.9547362,0.950289,0.94848704,0.95178366,0.95134574,0.9490228,0.9486174,0.95169514,0.9547306,0.95448315,0.9509409,0.94719315,0.95764077,0.95060605,0.94934833,0.9581098,0.9523245,0.9521662,0.95189255,0.9497767,0.9511056,0.9490075,0.94938034,0.9515454,0.951989,0.9554158,0.9481364,0.9516918,0.9592774,0.95077467
BBS10,0.95134234,0.95144856,0.9573609,0.958658,0.99998933,0.9530383,0.95078635,0.9508303,0.95163375,0.9528803,0.9594101,0.9507274,0.9560214,0.96030605,0.9599355,0.9556898,0.95125467,0.9549045,0.9549192,0.9512655,0.9512902,0.95390505,0.95150185,0.95486045,0.95281714,0.950781,0.9514755,0.95113057,0.94967175,0.95151955,0.9493657,0.9485019,0.9492024,0.95010203,0.9522842,0.94560677,0.9592889,0.9517817,0.9481791,0.95083565,0.9577217,0.9481678,0.9511261,0.9499519,0.95464855,0.95141745,0.9589156,0.9510169,0.94763434,0.95389265,0.95033914,0.9504005,0.9622549,0.94989693,0.95057946,0.95042264,0.95545876,0.9531275,0.9503937,0.9503727,0.9508004,0.94879913,0.9522631,0.94965774,0.95040846,0.9636809,0.95080596,0.9441505,0.9568561,0.9547122,0.9575448,0.9536173,0.9507762,0.95714784,0.948868,0.9526669,0.9507935,0.9519427,0.95248,0.9524965,0.95116293,0.9436958,0.95487756,0.95156157,0.95365804,0.9530135,0.94915885,0.9510669,0.9511078,0.94957036,0.9503671,0.951611,0.95037115,0.9523431,0.95004576,0.95086133,0.95075035,0.95261383,0.95657665,0.9507057
BEND3,0.95163304,0.95493245,0.951492,0.95335126,0.9530383,0.9999955,0.95179105,0.95521176,0.9538011,0.951396,0.9515103,0.9497918,0.95392025,0.95198673,0.9504144,0.95079744,0.9532981,0.9494692,0.95201117,0.95272255,0.9548801,0.9523373,0.95268273,0.9522806,0.95704216,0.9529974,0.95402825,0.95340776,0.95206624,0.9490128,0.95099056,0.95448387,0.9525361,0.9537067,0.95749485,0.9551553,0.95349175,0.95546776,0.95276237,0.9553228,0.9562762,0.95111895,0.9517178,0.95181966,0.95089716,0.9551156,0.9517148,0.9503592,0.9566876,0.95401376,0.95142555,0.95098305,0.95068145,0.95496774,0.9538958,0.9546196,0.9509714,0.9541248,0.95305604,0.9577435,0.952068,0.95223796,0.9523119,0.9498314,0.9546802,0.949341,0.9513792,0.9533046,0.9523663,0.9497896,0.9505433,0.9545691,0.95502746,0.95196027,0.95206803,0.9517997,0.9537302,0.95466185,0.95337915,0.95389795,0.9514182,0.9517205,0.9566148,0.9517432,0.9561196,0.94984645,0.95146304,0.9528633,0.9535466,0.9512447,0.95382845,0.95232254,0.9530443,0.94884396,0.95187294,0.9507326,0.9565638,0.94991565,0.95350295,0.9513303
BRD7,0.949229,0.9517965,0.9478312,0.95295537,0.95078635,0.95179105,1.0000135,0.95147765,0.9516941,0.95154655,0.95027846,0.951511,0.9512446,0.94921243,0.9517716,0.9483291,0.9525984,0.9503173,0.951273,0.95062405,0.9536778,0.9533697,0.95174575,0.9492336,0.94878757,0.9534819,0.95373666,0.9498697,0.9518415,0.9486273,0.9517745,0.95388246,0.9535771,0.95223266,0.95440125,0.95593536,0.9485645,0.95346606,0.95450497,0.9546405,0.9528798,0.9526659,0.9501768,0.95136666,0.95021033,0.95048213,0.949088,0.9527875,0.9573515,0.9523901,0.9531166,0.95317847,0.94962674,0.9537612,0.9514122,0.9546399,0.95145607,0.94959587,0.95075583,0.9548792,0.9502117,0.95368326,0.9509946,0.949767,0.9525171,0.9486159,0.9513789,0.9513423,0.9507138,0.9500015,0.9506779,0.9505653,0.9510917,0.94791204,0.95388794,0.9493733,0.9534846,0.95160496,0.9516694,0.9519618,0.95078284,0.95203525,0.95273185,0.9517199,0.9510849,0.9499588,0.95141864,0.9514463,0.95218563,0.95291924,0.953461,0.9556907,0.9505886,0.948622,0.9537789,0.9519958,0.9513569,0.9489712,0.95275235,0.95402557
BTLA,0.9534953,0.9529325,0.95218813,0.9506911,0.9508303,0.95521176,0.95147765,0.9999912,0.9510011,0.9521976,0.95082915,0.9528293,0.9481783,0.9505725,0.94895756,0.9509344,0.9566042,0.9481962,0.9484912,0.9518034,0.9528402,0.9486322,0.95787853,0.9518292,0.9555492,0.94912314,0.9547155,0.9548161,0.95208675,0.9525155,0.9540545,0.9522226,0.9548139,0.95483977,0.9574887,0.95359015,0.95039225,0.95376736,0.955336,0.9486737,0.95185727,0.9517713,0.95306087,0.95433533,0.9516389,0.955363,0.9496254,0.9488388,0.95107245,0.95376194,0.9527275,0.9516901,0.94901216,0.9517183,0.9541398,0.9526094,0.9492401,0.9553838,0.9539849,0.95532507,0.9533801,0.95007515,0.9517824,0.9493836,0.9542812,0.94903845,0.95179707,0.95452493,0.95129496,0.9498857,0.94871956,0.95255625,0.9567563,0.95114243,0.9521063,0.9524783,0.95429385,0.9545862,0.950585,0.95097685,0.9531532,0.9532989,0.95373636,0.95073247,0.95396346,0.9492603,0.95272684,0.954834,0.9543532,0.95216906,0.95481074,0.954543,0.9544517,0.95173895,0.95255256,0.95071507,0.9542275,0.9464831,0.950849,0.95359665
C10orf105,0.9504405,0.9563986,0.9524094,0.9515416,0.95163375,0.9538011,0.9516941,0.9510011,0.99999076,0.95200473,0.9524025,0.95078504,0.9541211,0.9522905,0.94996995,0.9531627,0.95198,0.952231,0.9573993,0.95562565,0.95495564,0.95164293,0.9504748,0.95122236,0.95329,0.94971025,0.9543111,0.9541156,0.951836,0.9517635,0.95142895,0.95266676,0.9512245,0.954852,0.9539226,0.9530754,0.9518116,0.9550266,0.95194775,0.95517737,0.95306194,0.9503728,0.9506807,0.9510792,0.9498777,0.9527029,0.95123804,0.9541454,0.9511438,0.949816,0.9503472,0.9517823,0.9515098,0.9555317,0.95238847,0.9545794,0.9501745,0.9511902,0.95233643,0.95390534,0.9543417,0.9539107,0.9543135,0.9520784,0.9525873,0.9500675,0.95277643,0.95197284,0.95414037,0.95194566,0.9539077,0.9566058,0.9511506,0.9524804,0.9523447,0.95418864,0.9549861,0.95093846,0.95817477,0.954476,0.95329684,0.9515902,0.9500687,0.9525169,0.95392984,0.9521594,0.9539198,0.95352405,0.9563882,0.95319927,0.9503362,0.95476437,0.95401126,0.95281583,0.952949,0.950066,0.9541721,0.95319635,0.9535744,0.95414084
C11orf1,0.955016,0.95618093,0.954317,0.95054626,0.9528803,0.951396,0.95154655,0.9521976,0.95200473,0.99999076,0.9528931,0.95525956,0.95004135,0.9528207,0.9496239,0.9568256,0.9532084,0.95152545,0.94979477,0.95351994,0.9525175,0.9522449,0.9532549,0.9579421,0.95460033,0.9549813,0.95286053,0.9554943,0.9533936,0.9561744,0.9544672,0.9500958,0.9499837,0.9558833,0.94681746,0.94893175,0.9502695,0.9513008,0.95243955,0.95047027,0.9541532,0.9522384,0.95209426,0.9555371,0.9501132,0.9535727,0.9519337,0.9523973,0.94700783,0.9543064,0.9536352,0.95160437,0.9526142,0.95134795,0.95572543,0.9522353,0.9506881,0.9529253,0.95618457,0.95202076,0.9551263,0.95381504,0.95326596,0.95157003,0.95360106,0.95060444,0.95567703,0.9518866,0.95112115,0.9551054,0.9515731,0.95605296,0.9550048,0.9525193,0.95279586,0.95686495,0.95167404,0.9561352,0.955001,0.9512478,0.9524514,0.9520096,0.94744354,0.9525393,0.95464677,0.9506857,0.9527275,0.9551537,0.95549333,0.9522599,0.955933,0.9517547,0.95473474,0.95444226,0.9565713,0.95713687,0.95230603,0.9503489,0.949734,0.9574009
CA1,0.95315266,0.95099354,0.95979077,0.9529385,0.9594101,0.9515103,0.95027846,0.95082915,0.9524025,0.9528931,1.0000073,0.95013297,0.951347,0.95939195,0.9635303,0.9573399,0.950319,0.951206,0.95340985,0.9525124,0.9504312,0.9499948,0.9515473,0.95330834,0.9521795,0.9510256,0.95037264,0.9528962,0.95071495,0.9532941,0.9515313,0.9435938,0.95072323,0.95183736,0.9502195,0.945535,0.9584332,0.9485403,0.9491496,0.9496428,0.95285356,0.9492204,0.95054245,0.9505159,0.95704156,0.952456,0.9548292,0.94901836,0.9457715,0.95098454,0.9513827,0.949891,0.96170974,0.95058554,0.9527021,0.95017815,0.95703924,0.9551184,0.95185554,0.95151544,0.95326465,0.9515263,0.95265293,0.9517513,0.94962984,0.9641298,0.95018804,0.9432722,0.95555025,0.9555106,0.9596308,0.95335126,0.95143723,0.95667076,0.949271,0.95452523,0.9496864,0.95150423,0.9518046,0.9512281,0.95106846,0.94889873,0.9513631,0.9542959,0.9532812,0.95202523,0.9502118,0.95187616,0.95309573,0.95044196,0.9521764,0.95292836,0.9530737,0.9569465,0.94941825,0.9525627,0.9515405,0.95401084,0.95572543,0.9504349
CCPG1,0.950869,0.95373005,0.9505552,0.9507705,0.9507274,0.9497918,0.951511,0.9528293,0.95078504,0.95525956,0.95013297,1.000009,0.9504502,0.95083666,0.949692,0.95387447,0.952762,0.9519576,0.95220345,0.9529398,0.95287555,0.9526386,0.9542887,0.95250326,0.9525778,0.95410603,0.95512086,0.95442414,0.954262,0.95383346,0.95489216,0.95155954,0.9534673,0.953946,0.95058584,0.95087194,0.9509155,0.95312375,0.95206183,0.9496594,0.9521873,0.95447624,0.95261693,0.9548717,0.9480582,0.9544522,0.9502144,0.9525667,0.95031834,0.95336765,0.9534484,0.95422524,0.9497077,0.9505087,0.95506734,0.9526983,0.94982934,0.9558013,0.9528413,0.9524351,0.95564,0.95512694,0.95248765,0.95381576,0.9552506,0.9498099,0.95564705,0.95473576,0.9531798,0.9526822,0.95071465,0.95085824,0.95591354,0.952446,0.9518528,0.95428693,0.95483416,0.95425576,0.953861,0.9494284,0.9551705,0.9521909,0.9492811,0.9508965,0.9524534,0.9536069,0.95205945,0.95596045,0.9550939,0.95453733,0.95580816,0.9534194,0.9537597,0.9516734,0.95592356,0.95389134,0.9514345,0.9537856,0.95033085,0.95661294
CD8A,0.95011985,0.95040816,0.9521906,0.9582903,0.9560214,0.95392025,0.9512446,0.9481783,0.9541211,0.95004135,0.951347,0.9504502,0.9999881,0.9543379,0.9563207,0.9523958,0.9493516,0.9567824,0.9589668,0.9493674,0.9503777,0.95360637,0.94677466,0.9535928,0.9494876,0.9543116,0.9504381,0.94880384,0.9511969,0.9498381,0.9486408,0.9551541,0.9466561,0.9486588,0.9508136,0.9495895,0.95129764,0.9556072,0.9504413,0.95804584,0.9514614,0.95006585,0.94970626,0.9496674,0.95206803,0.9494756,0.95646095,0.9559809,0.9549519,0.95387447,0.9499984,0.9505385,0.955214,0.95556945,0.9491999,0.95372033,0.9567952,0.94922763,0.9491675,0.95047927,0.9489103,0.9521662,0.9557693,0.95095503,0.9507781,0.95534533,0.95267326,0.9461688,0.9557939,0.95489883,0.9550611,0.9547884,0.94821465,0.9536976,0.9512732,0.949835,0.9507355,0.9490896,0.95497906,0.95864403,0.94969666,0.94197345,0.9533539,0.9529572,0.9519534,0.957449,0.9534772,0.94902265,0.9501375,0.94942266,0.94997454,0.9461552,0.9482471,0.9496802,0.9506501,0.95166665,0.95031077,0.95305514,0.95692384,0.95144784
CDK10,0.9534172,0.95163816,0.9615361,0.9541972,0.96030605,0.95198673,0.94921243,0.9505725,0.9522905,0.9528207,0.95939195,0.95083666,0.9543379,0.99999005,0.95817727,0.95783556,0.95139337,0.9564123,0.95706993,0.9547783,0.950957,0.9532584,0.95150864,0.9559458,0.95359117,0.95149505,0.95030487,0.9539263,0.9517255,0.9560505,0.95111537,0.9477068,0.95063287,0.9532509,0.94897676,0.94411594,0.9596695,0.95094216,0.9470414,0.9512535,0.9511195,0.9500925,0.9515739,0.95050687,0.9557607,0.9541507,0.9581791,0.95210254,0.94766897,0.9524477,0.95150954,0.95014334,0.96297294,0.9527725,0.95240754,0.9498793,0.9541915,0.95470464,0.9512371,0.9528236,0.95335484,0.952337,0.9536099,0.9530355,0.950735,0.96366465,0.9527574,0.9457524,0.9583814,0.9583305,0.9575777,0.9552436,0.95102584,0.96094674,0.95022875,0.9547703,0.9511114,0.95100605,0.9548148,0.9529394,0.9503341,0.94522226,0.9514013,0.9532254,0.9540983,0.9545624,0.953425,0.95169836,0.9521105,0.9495501,0.9532763,0.9512224,0.9536008,0.95691943,0.95091224,0.9536198,0.9514117,0.9561142,0.95542413,0.95140904
CLIC5,0.94912386,0.9487175,0.95342875,0.9564746,0.9599355,0.9504144,0.9517716,0.94895756,0.94996995,0.9496239,0.9635303,0.949692,0.9563207,0.95817727,0.9999951,0.9539095,0.94990176,0.95230055,0.95535076,0.9492921,0.9491088,0.95079017,0.9494535,0.9512934,0.9497031,0.95081294,0.94861287,0.9493615,0.9498565,0.949602,0.94969547,0.9438762,0.94860005,0.9488455,0.9489041,0.9449603,0.9549771,0.9509279,0.94986755,0.95252544,0.95062476,0.949246,0.9501091,0.9483227,0.9579604,0.94926494,0.9534705,0.9510766,0.9492647,0.9513035,0.9494828,0.95065236,0.9595447,0.9520237,0.9496164,0.9502834,0.9610994,0.9508856,0.9482344,0.9485575,0.9495797,0.9496142,0.9530509,0.94915175,0.94978464,0.96526396,0.94941896,0.9411083,0.95516264,0.9533965,0.9615517,0.9512935,0.9491889,0.9546068,0.9491377,0.9492703,0.9476963,0.9498347,0.95122373,0.95000476,0.94975924,0.94355214,0.9544772,0.9544841,0.95010126,0.9520464,0.94989324,0.94989103,0.9499769,0.9492763,0.9487252,0.94920456,0.94952273,0.952598,0.947927,0.95176977,0.9501211,0.95152104,0.9567623,0.9497944
CREBZF,0.9533818,0.953108,0.95713055,0.953148,0.9556898,0.95079744,0.9483291,0.9509344,0.9531627,0.9568256,0.9573399,0.95387447,0.9523958,0.95783556,0.9539095,0.99999946,0.95199645,0.95423657,0.95489484,0.9527136,0.95147043,0.95331264,0.9518858,0.9542106,0.9515346,0.9529143,0.9496967,0.95622396,0.9532044,0.95614946,0.9513855,0.9472525,0.9498267,0.9549832,0.94892263,0.9444347,0.95861745,0.95079434,0.9471623,0.95173466,0.9550617,0.95148987,0.95290554,0.9516906,0.95359343,0.9542226,0.9556046,0.95064014,0.9439696,0.95057374,0.9534366,0.9505222,0.9583193,0.9505306,0.9529975,0.9503015,0.95115966,0.9543853,0.9532801,0.9509729,0.9562304,0.95340455,0.9555574,0.95302534,0.9508977,0.959098,0.9538474,0.94809467,0.95703274,0.9565379,0.95565957,0.9552595,0.9517828,0.9600037,0.9498407,0.95762444,0.9501525,0.9535628,0.9544695,0.952826,0.95215774,0.9494846,0.94962245,0.9534393,0.95561886,0.9535386,0.95324945,0.95348704,0.95415294,0.9522209,0.951803,0.9535732,0.9554381,0.9569522,0.9512155,0.9562165,0.95239323,0.9568728,0.9549564,0.9518616
CYB5R1,0.95225555,0.9540442,0.95165145,0.95172554,0.95125467,0.9532981,0.9525984,0.9566042,0.95198,0.9532084,0.950319,0.952762,0.9493516,0.95139337,0.94990176,0.95199645,0.99999887,0.9511682,0.9509078,0.9523787,0.9521077,0.9516772,0.9559545,0.95065343,0.95237035,0.95139825,0.95399517,0.9549859,0.951303,0.9528974,0.95431,0.95198965,0.9541762,0.95454633,0.9528793,0.95256907,0.9513881,0.954235,0.9546436,0.9515871,0.95210516,0.95285857,0.953564,0.9528639,0.9517541,0.9555325,0.9507509,0.9516281,0.9530164,0.9537701,0.95324385,0.95230436,0.9503601,0.951719,0.9538945,0.9538644,0.94979537,0.9533386,0.9537052,0.95720047,0.95411706,0.95394754,0.9521955,0.9515714,0.95355266,0.95021635,0.9522597,0.9524914,0.95148855,0.9519434,0.95095265,0.9517097,0.954052,0.95129305,0.95126635,0.95315903,0.9531943,0.9525303,0.9510906,0.9506859,0.9530429,0.95285505,0.9543978,0.95346713,0.95224994,0.9505797,0.9533311,0.9550913,0.9531086,0.9526343,0.9553243,0.9529849,0.9538953,0.95205027,0.9539008,0.9516805,0.95239913,0.95045555,0.9509126,0.9547314
DMRT1,0.9505036,0.950932,0.95485777,0.95347375,0.9549045,0.9494692,0.9503173,0.9481962,0.952231,0.95152545,0.951206,0.9519576,0.9567824,0.9564123,0.95230055,0.95423657,0.9511682,0.9999887,0.95896554,0.9538854,0.95014215,0.9559879,0.9480822,0.9586827,0.9507113,0.9549605,0.9505688,0.9485921,0.9522441,0.9537284,0.9495659,0.9520876,0.94669884,0.95019644,0.94668055,0.94766873,0.9527841,0.9537858,0.94792926,0.95374775,0.95115995,0.9512039,0.95048386,0.9503428,0.9509442,0.9504255,0.9560208,0.9546234,0.95226836,0.95332074,0.9504761,0.9505261,0.9553184,0.9506591,0.9493332,0.95178753,0.9538148,0.9499384,0.9497143,0.950866,0.9527113,0.95176697,0.95340794,0.95419097,0.94956446,0.9555289,0.9561,0.94961715,0.9548507,0.95747495,0.95376205,0.9520149,0.9495742,0.9542477,0.95191854,0.9524029,0.95196736,0.9490764,0.954646,0.95454514,0.95122176,0.9463436,0.95153445,0.95059335,0.9512387,0.95882696,0.9535618,0.9510729,0.949889,0.9495927,0.95143175,0.9486307,0.94877136,0.9533949,0.95212424,0.9528587,0.94715273,0.95576274,0.95239687,0.95275784
DYRK4,0.94941986,0.9522501,0.95680183,0.95847964,0.9549192,0.95201117,0.951273,0.9484912,0.9573993,0.94979477,0.95340985,0.95220345,0.9589668,0.95706993,0.95535076,0.95489484,0.9509078,0.95896554,1.0000015,0.9520633,0.95097464,0.95563745,0.9484018,0.9527166,0.94930756,0.9506111,0.94956183,0.9525864,0.9528731,0.9515721,0.950321,0.95477426,0.94965667,0.94967616,0.9488567,0.94718546,0.9538368,0.9537797,0.94783854,0.9547726,0.95369965,0.95112544,0.9517751,0.94799,0.95032555,0.94936115,0.95638937,0.9544447,0.9519591,0.95264703,0.9503236,0.95056003,0.9555885,0.9559516,0.951726,0.9537656,0.9546232,0.9535602,0.9488157,0.9516221,0.95422196,0.9516916,0.9547279,0.9535506,0.9513747,0.9565038,0.9539665,0.9481775,0.9607986,0.95815635,0.95849085,0.95455754,0.9509245,0.9581361,0.95026773,0.9518425,0.95109177,0.9503634,0.95814264,0.9573208,0.9517852,0.946307,0.9528319,0.95148647,0.9523882,0.96040905,0.9555018,0.952923,0.95367223,0.95090896,0.9510163,0.9510521,0.9509698,0.95365155,0.952725,0.9539921,0.9536783,0.95657873,0.9583434,0.95354503
EFHD1,0.95543665,0.95538485,0.95634496,0.9486627,0.9512655,0.95272255,0.95062405,0.9518034,0.95562565,0.95351994,0.9525124,0.9529398,0.9493674,0.9547783,0.9492921,0.9527136,0.9523787,0.9538854,0.9520633,1.0000035,0.9570988,0.95499414,0.9559597,0.9553757,0.95744216,0.9509254,0.9534843,0.95789605,0.9531129,0.95661,0.9529525,0.95137507,0.9526102,0.95643246,0.95250255,0.95052344,0.9585501,0.9531179,0.94997966,0.9511728,0.9535381,0.9511409,0.9529765,0.9544991,0.95103884,0.95701617,0.9523698,0.9538438,0.9473985,0.9488913,0.9513449,0.9515796,0.9538054,0.95018065,0.95316386,0.9521184,0.94992316,0.9527933,0.9546377,0.95571136,0.95612687,0.9563536,0.95317054,0.95856667,0.95131814,0.9532137,0.95277727,0.95150405,0.9526786,0.9527558,0.9520001,0.9585717,0.9539051,0.9545407,0.9477725,0.9589273,0.95499337,0.9511696,0.95440394,0.9521031,0.9554143,0.95103025,0.94866276,0.95470333,0.95567214,0.94984776,0.95819414,0.95449054,0.955247,0.9517284,0.95152223,0.9546558,0.9573277,0.9551132,0.95360684,0.9497396,0.95298177,0.9562747,0.9525681,0.95519924
EHF,0.9529765,0.95530355,0.9515277,0.9486117,0.9512902,0.9548801,0.9536778,0.9528402,0.95495564,0.9525175,0.9504312,0.95287555,0.9503777,0.950957,0.9491088,0.95147043,0.9521077,0.95014215,0.95097464,0.9570988,0.9999881,0.954298,0.9526224,0.9530918,0.95223224,0.95070064,0.95638204,0.95467746,0.951697,0.9518098,0.95169586,0.9534281,0.9533317,0.955334,0.9546348,0.9557107,0.95517564,0.954588,0.9514848,0.9538621,0.95480597,0.9522294,0.9535941,0.95476985,0.94826937,0.9547347,0.949883,0.95261264,0.9533516,0.94961756,0.952151,0.95222867,0.9520585,0.94744337,0.95378673,0.9551646,0.9512831,0.9502705,0.95361763,0.95534164,0.9526147,0.95391476,0.9518919,0.95458287,0.9546307,0.9501355,0.95325685,0.95435166,0.94909835,0.95015836,0.95049655,0.9544426,0.9538115,0.95052725,0.95253277,0.95438766,0.9578954,0.9525507,0.95197725,0.9529347,0.95346737,0.95190424,0.9522345,0.9532991,0.9583679,0.94657564,0.9510143,0.952816,0.9515038,0.9528534,0.95106936,0.9537797,0.9529408,0.94768286,0.9529173,0.94807184,0.9551304,0.950744,0.9517343,0.9556269
EHMT1,0.9507153,0.9527902,0.9523697,0.9534082,0.95390505,0.9523373,0.9533697,0.9486322,0.95164293,0.9522449,0.9499948,0.9526386,0.95360637,0.9532584,0.95079017,0.95331264,0.9516772,0.9559879,0.95563745,0.95499414,0.954298,1.0000057,0.94913656,0.9537953,0.9500227,0.9547334,0.9503041,0.95093817,0.95173275,0.95067495,0.95032644,0.95402443,0.94961995,0.9506725,0.94945693,0.94977367,0.9543384,0.9534909,0.95067966,0.95499814,0.9525723,0.9526603,0.95126843,0.9533987,0.9502634,0.9527386,0.954616,0.9557023,0.95468307,0.9520733,0.9513517,0.9513449,0.9545227,0.9500832,0.9506041,0.95280224,0.9509033,0.950531,0.9508773,0.9525295,0.95126396,0.9543364,0.9507611,0.9551715,0.9521334,0.9543124,0.95447075,0.9509627,0.9538183,0.9546651,0.95118874,0.9533481,0.9501436,0.95481133,0.95385677,0.9521616,0.95340997,0.9509918,0.9538298,0.95358586,0.9495102,0.94722223,0.95169246,0.9530413,0.9539624,0.954342,0.95303136,0.95269275,0.9506949,0.95010024,0.9512072,0.9498995,0.9483571,0.9496387,0.95255166,0.9521301,0.9495575,0.9569661,0.9536305,0.95338243
EML5,0.95290923,0.95362407,0.9516626,0.9493452,0.95150185,0.95268273,0.95174575,0.95787853,0.9504748,0.9532549,0.9515473,0.9542887,0.94677466,0.95150864,0.9494535,0.9518858,0.9559545,0.9480822,0.9484018,0.9559597,0.9526224,0.94913656,1.000004,0.94976,0.9560074,0.95094055,0.9563714,0.9573337,0.95311195,0.95468664,0.95505756,0.95072466,0.9570836,0.9563485,0.9565479,0.9521463,0.95242256,0.9517834,0.9531292,0.9491261,0.95268613,0.95331025,0.95392966,0.9538554,0.9506548,0.95799136,0.9495733,0.9482925,0.94982433,0.9546704,0.9556664,0.9528095,0.9490998,0.9506615,0.95519376,0.95176744,0.9488046,0.9563511,0.9533758,0.9555067,0.9563801,0.9527041,0.95089895,0.95211583,0.9539657,0.9496937,0.9517118,0.9526269,0.9521828,0.94938195,0.9496161,0.9498123,0.9578384,0.9515785,0.95161164,0.9544375,0.9550539,0.95412076,0.95227855,0.94924843,0.95606256,0.9549356,0.95277274,0.9509083,0.954052,0.95003986,0.9534718,0.95463204,0.9545103,0.9536121,0.9551327,0.9580054,0.9562113,0.9542401,0.9544877,0.9499311,0.95499337,0.95036036,0.9496659,0.95336336
FAM208A,0.9561769,0.95283735,0.95676714,0.95409554,0.95486045,0.9522806,0.9492336,0.9518292,0.95122236,0.9579421,0.95330834,0.95250326,0.9535928,0.9559458,0.9512934,0.9542106,0.95065343,0.9586827,0.9527166,0.9553757,0.9530918,0.9537953,0.94976,0.99999225,0.95495856,0.95610714,0.9527849,0.9511918,0.95032907,0.9540218,0.94979763,0.9515641,0.9480047,0.9541261,0.94780093,0.94771934,0.9534819,0.951195,0.9497742,0.94819325,0.9513513,0.9503107,0.95092857,0.9539596,0.9518005,0.9528135,0.9556539,0.9541725,0.9493135,0.95446354,0.95095044,0.95006084,0.95725524,0.94780713,0.95154065,0.94931424,0.95417017,0.9523602,0.9568611,0.95479834,0.9522364,0.95198864,0.95166814,0.95313406,0.9512218,0.95412517,0.9555888,0.9516419,0.95171463,0.9573565,0.9529277,0.9539436,0.9512681,0.95352846,0.95359254,0.95593566,0.95256376,0.9527758,0.95228076,0.95264786,0.9514532,0.9488507,0.9504351,0.9522556,0.9546493,0.9540926,0.9515628,0.9519346,0.95161843,0.94919753,0.9535847,0.94788885,0.95005804,0.9537975,0.9519859,0.9547483,0.94832087,0.95136756,0.9488538,0.95469487
FAM229B,0.9551635,0.9548217,0.9546761,0.9502475,0.95281714,0.95704216,0.94878757,0.9555492,0.95329,0.95460033,0.9521795,0.9525778,0.9494876,0.95359117,0.9497031,0.9515346,0.95237035,0.9507113,0.94930756,0.95744216,0.95223224,0.9500227,0.9560074,0.95495856,0.99999523,0.9509428,0.9543231,0.95499647,0.9516387,0.9538987,0.9516821,0.95196396,0.95233846,0.9539036,0.9572804,0.9499012,0.9531782,0.9510964,0.95120263,0.946774,0.95430905,0.94893956,0.95140845,0.9540164,0.951662,0.95523345,0.9521693,0.9503514,0.94928384,0.95471066,0.9517689,0.9501637,0.9508141,0.9511782,0.9528434,0.9486997,0.9498038,0.95574975,0.9557355,0.95507723,0.95247215,0.9507737,0.9516783,0.9511518,0.95231116,0.9509047,0.9497446,0.95345324,0.9510379,0.951299,0.94964355,0.95522237,0.95494354,0.95253336,0.9487456,0.95438766,0.9521573,0.9538953,0.9527434,0.9505811,0.953345,0.95293313,0.9537566,0.95043737,0.9542279,0.94936717,0.95238525,0.9543282,0.9534931,0.94903255,0.95387167,0.95288235,0.9529449,0.95435476,0.9535041,0.95411485,0.9528025,0.95049244,0.9488303,0.95270544
GALT,0.951245,0.95406556,0.95029515,0.95332426,0.950781,0.9529974,0.9534819,0.94912314,0.94971025,0.9549813,0.9510256,0.95410603,0.9543116,0.95149505,0.95081294,0.9529143,0.95139825,0.9549605,0.9506111,0.9509254,0.95070064,0.9547334,0.95094055,0.95610714,0.9509428,0.9999865,0.9509767,0.9511229,0.95200527,0.9514746,0.95067567,0.95239997,0.9517112,0.95446813,0.9504178,0.9524356,0.9503091,0.9546961,0.9536911,0.95300156,0.9512541,0.95304036,0.9498089,0.952629,0.94917387,0.952879,0.9506229,0.95405716,0.9539358,0.9549047,0.9535506,0.95024717,0.94977915,0.9524982,0.95064706,0.9529127,0.9516397,0.9524113,0.9546623,0.95406365,0.95345324,0.9570524,0.95291173,0.9528363,0.95036733,0.94919336,0.9569852,0.9512796,0.9516186,0.952709,0.94955975,0.9509632,0.9510695,0.9505558,0.9567328,0.9539098,0.9540845,0.9540706,0.953623,0.95023656,0.9525431,0.9508123,0.94995695,0.9518933,0.9517712,0.9549437,0.95456743,0.95278347,0.95202494,0.9508548,0.954712,0.9519574,0.9517041,0.9514659,0.95455796,0.9562704,0.94854206,0.9550003,0.9500922,0.95585424
GLI3,0.9530722,0.95597714,0.9499566,0.95051265,0.9514755,0.95402825,0.95373666,0.9547155,0.9543111,0.95286053,0.95037264,0.95512086,0.9504381,0.95030487,0.94861287,0.9496967,0.95399517,0.9505688,0.94956183,0.9534843,0.95638204,0.9503041,0.9563714,0.9527849,0.9543231,0.9509767,1.0000132,0.95289606,0.9537045,0.95191336,0.9544118,0.95514643,0.9522983,0.9552548,0.9554912,0.95516753,0.9498862,0.95396936,0.952844,0.9519919,0.9531276,0.9552708,0.95280486,0.9555356,0.9488827,0.95353734,0.9493234,0.9518948,0.954539,0.95343727,0.9528899,0.95430535,0.9490497,0.952042,0.9555812,0.9547783,0.9507631,0.95157856,0.95511776,0.95375127,0.95231265,0.9532457,0.9522474,0.95289916,0.9558348,0.94831735,0.95329195,0.95264065,0.9491832,0.9496155,0.9499173,0.9533119,0.95595604,0.94832414,0.9529655,0.9532929,0.95685345,0.9529967,0.952526,0.9526104,0.9564828,0.95245266,0.95273596,0.9515086,0.952705,0.9487296,0.9513983,0.9527991,0.95416856,0.9545933,0.9512819,0.9542228,0.9531259,0.94922364,0.9532476,0.951238,0.9531317,0.9481249,0.9504481,0.9565865
HES5,0.9514581,0.95695066,0.95582163,0.95087296,0.95113057,0.95340776,0.9498697,0.9548161,0.9541156,0.9554943,0.9528962,0.95442414,0.94880384,0.9539263,0.9493615,0.95622396,0.9549859,0.9485921,0.9525864,0.95789605,0.95467746,0.95093817,0.9573337,0.9511918,0.95499647,0.9511229,0.95289606,0.9999977,0.9534463,0.95573556,0.9545265,0.94969827,0.95468545,0.9569107,0.9525287,0.9506724,0.9572857,0.9512855,0.9514713,0.95186436,0.9561128,0.951565,0.95432687,0.9528878,0.9502844,0.95856214,0.9516915,0.9503981,0.9478447,0.9515687,0.95525026,0.95273614,0.952458,0.9508135,0.95458084,0.95360804,0.94840014,0.95732063,0.9554922,0.9563886,0.9589609,0.95352966,0.953907,0.9538556,0.9554403,0.95160383,0.9515859,0.95167655,0.95457804,0.9512759,0.9520567,0.95646846,0.95638394,0.9542718,0.9491953,0.9578017,0.95219433,0.9522626,0.9528316,0.9529925,0.95458174,0.95339435,0.95206344,0.95483965,0.9563517,0.95118713,0.9551026,0.9561794,0.95741844,0.95313966,0.9560989,0.95689446,0.9615755,0.95653754,0.9544836,0.95366955,0.9575289,0.9541605,0.9533186,0.9531439
HIST1H4I,0.9503093,0.952655,0.95288646,0.9513331,0.94967175,0.95206624,0.9518415,0.95208675,0.951836,0.9533936,0.95071495,0.954262,0.9511969,0.9517255,0.9498565,0.9532044,0.951303,0.9522441,0.9528731,0.9531129,0.951697,0.95173275,0.95311195,0.95032907,0.9516387,0.95200527,0.9537045,0.9534463,0.99999595,0.95203745,0.9540493,0.95105654,0.95105594,0.9532729,0.950305,0.95100296,0.94982636,0.9536285,0.95275646,0.9534756,0.9504338,0.9538288,0.95276153,0.9545883,0.9499705,0.9521736,0.950222,0.9526558,0.9516227,0.9508021,0.95207196,0.954965,0.95078427,0.9522805,0.9552999,0.9534805,0.95060235,0.9507396,0.9527128,0.950753,0.9551911,0.9537269,0.95400554,0.9530971,0.95372576,0.95068824,0.95308554,0.9514527,0.9540229,0.95176893,0.95107824,0.9537101,0.9540732,0.95188624,0.9507134,0.9529779,0.95153254,0.95186335,0.95295966,0.95338345,0.95292825,0.95130026,0.9491723,0.952864,0.95027757,0.95323616,0.95398813,0.95494163,0.95396733,0.955341,0.95308304,0.9510777,0.9535467,0.9542831,0.9540435,0.95410454,0.9529905,0.95270014,0.9526145,0.9515154
HLA-DQA2,0.9539569,0.9542989,0.95514226,0.94882125,0.95151955,0.9490128,0.9486273,0.9525155,0.9517635,0.9561744,0.9532941,0.95383346,0.9498381,0.9560505,0.949602,0.95614946,0.9528974,0.9537284,0.9515721,0.95661,0.9518098,0.95067495,0.95468664,0.9540218,0.9538987,0.9514746,0.95191336,0.95573556,0.95203745,1.0000128,0.9542669,0.94806206,0.9502724,0.9540179,0.94757104,0.9474036,0.9534244,0.9493863,0.9507515,0.95003337,0.9504175,0.9522891,0.9526309,0.9536576,0.95154434,0.9544905,0.95162797,0.9510145,0.94542456,0.95121384,0.9534058,0.95131254,0.9529816,0.948689,0.953178,0.94902056,0.95146173,0.95238477,0.9539456,0.9509153,0.95563084,0.9535818,0.9532834,0.95666355,0.9514513,0.9526691,0.9531369,0.9504523,0.9524533,0.9559866,0.95251334,0.9546007,0.95385545,0.95549387,0.95114577,0.9573597,0.95156264,0.95248675,0.9525195,0.9490814,0.9538093,0.95083606,0.9477041,0.9508971,0.9530168,0.9527378,0.95316726,0.95409817,0.95408654,0.95214367,0.9518851,0.95015234,0.9544958,0.95522267,0.9538854,0.9540055,0.95036775,0.9533702,0.94997454,0.9535778
HSPA4,0.9522024,0.9548485,0.9520978,0.9490598,0.9493657,0.95099056,0.9517745,0.9540545,0.95142895,0.9544672,0.9515313,0.95489216,0.9486408,0.95111537,0.94969547,0.9513855,0.95431,0.9495659,0.950321,0.9529525,0.95169586,0.95032644,0.95505756,0.94979763,0.9516821,0.95067567,0.9544118,0.9545265,0.9540493,0.9542669,0.99999523,0.9502188,0.9538518,0.95510226,0.9516279,0.95177484,0.9512291,0.9503034,0.9541902,0.9520416,0.95118266,0.9537275,0.95184493,0.9541923,0.9501994,0.95522916,0.9496252,0.9513723,0.95044583,0.9511434,0.9539551,0.9531028,0.9506552,0.95279366,0.9553141,0.9546772,0.949158,0.9537126,0.9532898,0.9523623,0.95629466,0.95324105,0.9531863,0.9533734,0.95526975,0.9495974,0.9532136,0.9516399,0.95136786,0.9507484,0.950969,0.9527639,0.9551845,0.95261824,0.9517079,0.9548633,0.95289886,0.954413,0.9520167,0.9500221,0.9552016,0.9534286,0.9500804,0.95328605,0.95328367,0.9509504,0.9526917,0.9546579,0.9564658,0.9553339,0.953817,0.9533778,0.9553205,0.95313394,0.95477754,0.95271635,0.95418566,0.9523354,0.9521372,0.9537078
HSPH1,0.948599,0.9525696,0.9473387,0.9526214,0.9485019,0.95448387,0.95388246,0.9522226,0.95266676,0.9500958,0.9435938,0.95155954,0.9551541,0.9477068,0.9438762,0.9472525,0.95198965,0.9520876,0.95477426,0.95137507,0.9534281,0.95402443,0.95072466,0.9515641,0.95196396,0.95239997,0.95514643,0.94969827,0.95105654,0.94806206,0.9502188,1.0000103,0.9515418,0.94962424,0.95606893,0.95813566,0.94724804,0.95573205,0.951929,0.95439947,0.95136386,0.9512774,0.9498848,0.9498268,0.9464246,0.950161,0.9502078,0.95420265,0.9616917,0.9566655,0.951451,0.95105183,0.9450426,0.95777327,0.9506022,0.95446587,0.94895065,0.9508661,0.9498091,0.9546945,0.94851184,0.9509288,0.9507117,0.95114374,0.95389116,0.94226104,0.9525579,0.95865536,0.9510166,0.9488917,0.94760746,0.95135796,0.9513361,0.9472335,0.9515127,0.94741,0.95423937,0.9498419,0.9565972,0.9640722,0.9512602,0.95224226,0.9545657,0.94829464,0.94995856,0.9548794,0.9537039,0.9507424,0.9504341,0.951177,0.9517413,0.95308375,0.9486867,0.94617,0.9521107,0.9492701,0.95251477,0.9496815,0.9519565,0.95337135
IL17F,0.9502389,0.9522672,0.95092845,0.9500479,0.9492024,0.9525361,0.9535771,0.9548139,0.9512245,0.9499837,0.95072323,0.9534673,0.9466561,0.95063287,0.94860005,0.9498267,0.9541762,0.94669884,0.94965667,0.9526102,0.9533317,0.94961995,0.9570836,0.9480047,0.95233846,0.9517112,0.9522983,0.95468545,0.95105594,0.9502724,0.9538518,0.9515418,0.9999869,0.9545727,0.95879227,0.9560194,0.95109135,0.9509193,0.95535725,0.9479876,0.95091444,0.9519427,0.95275486,0.9509384,0.9503037,0.957786,0.94712657,0.95083284,0.95384836,0.9538672,0.95535207,0.95308924,0.9485648,0.95351577,0.9526231,0.95148563,0.9466981,0.9605112,0.9525877,0.95867616,0.95389265,0.9533519,0.95138836,0.9519668,0.95343447,0.9461176,0.9519912,0.95565045,0.9505059,0.94839346,0.9473266,0.94854724,0.955211,0.94961566,0.954649,0.951233,0.9548572,0.95476615,0.9513091,0.9499905,0.95417726,0.9564382,0.95434225,0.9514981,0.953851,0.9503672,0.95209926,0.9558092,0.95306873,0.95265394,0.95599496,0.9586311,0.95604694,0.95035225,0.95239866,0.9514667,0.9564648,0.9507705,0.9500079,0.9554065
KDELR2,0.9531095,0.95436287,0.95311064,0.94813746,0.95010203,0.9537067,0.95223266,0.95483977,0.954852,0.9558833,0.95183736,0.953946,0.9486588,0.9532509,0.9488455,0.9549832,0.95454633,0.95019644,0.94967616,0.95643246,0.955334,0.9506725,0.9563485,0.9541261,0.9539036,0.95446813,0.9552548,0.9569107,0.9532729,0.9540179,0.95510226,0.94962424,0.9545727,1.0000123,0.953059,0.95340836,0.95436007,0.9523235,0.95339,0.9517451,0.95358604,0.9543898,0.9531257,0.955029,0.95009387,0.9581718,0.9492332,0.9510362,0.9511808,0.9506671,0.95520717,0.9525307,0.9515703,0.9509583,0.9553529,0.9562015,0.94947726,0.9523815,0.9559999,0.9570111,0.95718616,0.95570415,0.95205986,0.9541945,0.9550585,0.94894814,0.95344496,0.95196724,0.95056885,0.9501196,0.9493183,0.9542226,0.95610666,0.9520993,0.9530432,0.95566934,0.957606,0.9545444,0.95396423,0.94965297,0.9535541,0.95313793,0.94908315,0.9538077,0.95446765,0.9501661,0.9563078,0.9533329,0.956918,0.95410484,0.9553669,0.95465493,0.9556296,0.95349944,0.9551903,0.95013666,0.95601934,0.95229125,0.9507869,0.9544745
KLF13,0.9510479,0.9513883,0.9511206,0.9510113,0.9522842,0.95749485,0.95440125,0.9574887,0.9539226,0.94681746,0.9502195,0.95058584,0.9508136,0.94897676,0.9489041,0.94892263,0.9528793,0.94668055,0.9488567,0.95250255,0.9546348,0.94945693,0.9565479,0.94780093,0.9572804,0.9504178,0.9554912,0.9525287,0.950305,0.94757104,0.9516279,0.95606893,0.95879227,0.953059,0.9999941,0.9573334,0.9523206,0.9562087,0.9531033,0.95080435,0.95546067,0.9504477,0.95024514,0.95140934,0.95042914,0.9529143,0.94858205,0.94855374,0.9574679,0.9529396,0.95163316,0.95015836,0.94762146,0.9535331,0.9504377,0.9531625,0.9500219,0.9561757,0.9518286,0.95728135,0.949214,0.9515487,0.95234066,0.94966424,0.95311743,0.94767225,0.94726944,0.9527233,0.9518552,0.9463247,0.94797766,0.9518485,0.9532251,0.9496339,0.9505906,0.9493396,0.9556945,0.9521701,0.95142215,0.9537444,0.95465416,0.9547157,0.9587762,0.9515453,0.95357615,0.94698364,0.9523288,0.953354,0.9521732,0.9509463,0.9530727,0.95699286,0.95271087,0.9505739,0.9505056,0.9464171,0.95476174,0.9486013,0.95170534,0.9526324
KLHL29,0.94880843,0.9517767,0.9444019,0.9496224,0.94560677,0.9551553,0.95593536,0.95359015,0.9530754,0.94893175,0.945535,0.95087194,0.9495895,0.94411594,0.9449603,0.9444347,0.95256907,0.94766873,0.94718546,0.95052344,0.9557107,0.94977367,0.9521463,0.94771934,0.9499012,0.9524356,0.95516753,0.9506724,0.95100296,0.9474036,0.95177484,0.95813566,0.9560194,0.95340836,0.9573334,1.0000017,0.9447866,0.9553903,0.9560934,0.95432496,0.9509636,0.9523303,0.9503966,0.9512492,0.94651985,0.95197874,0.9443008,0.9524164,0.9616946,0.95154274,0.9525465,0.95183825,0.94166917,0.95236784,0.951181,0.95597494,0.947133,0.95081055,0.9521804,0.95561916,0.9493979,0.9526695,0.94996035,0.9500184,0.95362175,0.9379934,0.95233285,0.9590983,0.9445689,0.9444708,0.9448145,0.9486117,0.95329124,0.94078946,0.9548683,0.9486597,0.9568576,0.952547,0.95217234,0.9531921,0.95143116,0.9616596,0.95333636,0.9505723,0.94983983,0.9481766,0.9519728,0.9518445,0.9506709,0.9522927,0.95321447,0.9559476,0.95051306,0.9469298,0.95256996,0.94747543,0.9548601,0.947828,0.951196,0.95354843
KLRG1,0.95310646,0.95215034,0.95914704,0.94942945,0.9592889,0.95349175,0.9485645,0.95039225,0.9518116,0.9502695,0.9584332,0.9509155,0.95129764,0.9596695,0.9549771,0.95861745,0.9513881,0.9527841,0.9538368,0.9585501,0.95517564,0.9543384,0.95242256,0.9534819,0.9531782,0.9503091,0.9498862,0.9572857,0.94982636,0.9534244,0.9512291,0.94724804,0.95109135,0.95436007,0.9523206,0.9447866,1.000009,0.9503421,0.9455533,0.95083624,0.9588522,0.9494519,0.9521191,0.9526483,0.9545821,0.95556813,0.9563063,0.9490578,0.944556,0.94756484,0.9508299,0.95034397,0.9629149,0.94702137,0.95237136,0.9514837,0.9519692,0.9555129,0.9523632,0.95411706,0.9539621,0.95113,0.95203215,0.9549703,0.9496965,0.9622982,0.94956094,0.94600815,0.95534307,0.95508707,0.95669913,0.9580917,0.95175064,0.96161944,0.94616497,0.9564514,0.95199287,0.9508203,0.9510478,0.95316625,0.9514082,0.9477538,0.95168424,0.9558199,0.96095556,0.94897914,0.95177126,0.95186496,0.95447177,0.9502021,0.9510362,0.95387053,0.95482016,0.95523036,0.9486236,0.9492509,0.95408654,0.9578378,0.9535242,0.94900733
KRTCAP2,0.949966,0.95382786,0.9480253,0.9545505,0.9517817,0.95546776,0.95346606,0.95376736,0.9550266,0.9513008,0.9485403,0.95312375,0.9556072,0.95094216,0.9509279,0.95079434,0.954235,0.9537858,0.9537797,0.9531179,0.954588,0.9534909,0.9517834,0.951195,0.9510964,0.9546961,0.95396936,0.9512855,0.9536285,0.9493863,0.9503034,0.95573205,0.9509193,0.9523235,0.9562087,0.9553903,0.9503421,1.0000014,0.9543363,0.95769805,0.95310503,0.9516084,0.9517631,0.9525032,0.9493182,0.9543439,0.95021665,0.9551752,0.958493,0.9517904,0.95160633,0.9529192,0.9494921,0.9569235,0.950131,0.95719737,0.95138663,0.9486924,0.95283175,0.9537089,0.9515727,0.95394564,0.9540874,0.9516783,0.9542826,0.9490113,0.95225817,0.9517761,0.9523956,0.9498965,0.95153266,0.95342857,0.9493082,0.94936085,0.9521919,0.95022833,0.9551623,0.95188797,0.95422125,0.9560434,0.95193094,0.9500056,0.9542624,0.95295537,0.95155644,0.94980973,0.95782065,0.95320004,0.952602,0.95296514,0.95181537,0.9507659,0.95011497,0.9495982,0.9559968,0.95093423,0.9521694,0.9519914,0.9540288,0.9558332
LBHD1,0.9509006,0.9540647,0.9471344,0.952582,0.9481791,0.95276237,0.95450497,0.955336,0.95194775,0.95243955,0.9491496,0.95206183,0.9504413,0.9470414,0.94986755,0.9471623,0.9546436,0.94792926,0.94783854,0.94997966,0.9514848,0.95067966,0.9531292,0.9497742,0.95120263,0.9536911,0.952844,0.9514713,0.95275646,0.9507515,0.9541902,0.951929,0.95535725,0.95339,0.9531033,0.9560934,0.9455533,0.9543363,1.0000004,0.95310247,0.9486561,0.9527193,0.95267916,0.95286256,0.95002943,0.9540445,0.9468657,0.9530888,0.9569397,0.9531923,0.9525451,0.95380175,0.94575334,0.9539715,0.95100796,0.9538834,0.95064664,0.9504145,0.9556066,0.9554086,0.95347047,0.9537364,0.9515851,0.9491832,0.9551249,0.94527674,0.95319915,0.95497316,0.94930524,0.94864416,0.94717646,0.94986606,0.95307726,0.946639,0.9571884,0.9493985,0.9533466,0.95486397,0.9508077,0.95140934,0.95168895,0.9541168,0.9516547,0.95138454,0.9486854,0.9500199,0.9531142,0.95683414,0.9526022,0.95387304,0.9556124,0.95256096,0.9518578,0.94898325,0.9556903,0.95273685,0.95136005,0.9489747,0.950197,0.95560586
LCMT2,0.9499442,0.9542671,0.9490206,0.9540734,0.95083565,0.9553228,0.9546405,0.9486737,0.95517737,0.95047027,0.9496428,0.9496594,0.95804584,0.9512535,0.95252544,0.95173466,0.9515871,0.95374775,0.9547726,0.9511728,0.9538621,0.95499814,0.9491261,0.94819325,0.946774,0.95300156,0.9519919,0.95186436,0.9534756,0.95003337,0.9520416,0.95439947,0.9479876,0.9517451,0.95080435,0.95432496,0.95083624,0.95769805,0.95310247,1.0000045,0.9531247,0.95252013,0.951136,0.9502149,0.9495725,0.949549,0.9507425,0.95434535,0.95894104,0.9489965,0.9521675,0.95253325,0.95059216,0.9588787,0.94996876,0.95849246,0.9519515,0.94540834,0.94815487,0.9490157,0.95115626,0.9543567,0.9557716,0.95349205,0.9513781,0.95046955,0.95194817,0.9479815,0.9525044,0.9509129,0.9535711,0.9563333,0.9465432,0.95189273,0.9534491,0.94887626,0.952953,0.9485565,0.9562187,0.9576309,0.94947886,0.9480646,0.9530518,0.9525547,0.95226943,0.9540424,0.9548839,0.94954556,0.9511974,0.9528986,0.9509231,0.950739,0.94918483,0.9494119,0.95204556,0.9501158,0.9541311,0.9585248,0.9577413,0.9498601
LRP6,0.95165956,0.9538249,0.9547847,0.95074034,0.9577217,0.9562762,0.9528798,0.95185727,0.95306194,0.9541532,0.95285356,0.9521873,0.9514614,0.9511195,0.95062476,0.9550617,0.95210516,0.95115995,0.95369965,0.9535381,0.95480597,0.9525723,0.95268613,0.9513513,0.95430905,0.9512541,0.9531276,0.9561128,0.9504338,0.9504175,0.95118266,0.95136386,0.95091444,0.95358604,0.95546067,0.9509636,0.9588522,0.95310503,0.9486561,0.9531247,0.9999937,0.94938684,0.95321184,0.9516169,0.95057744,0.9549842,0.9514063,0.9485006,0.9483002,0.95006216,0.9501715,0.9510231,0.95299584,0.94652843,0.9544239,0.9524146,0.94985205,0.95694214,0.95285684,0.9504525,0.9519785,0.9506825,0.951789,0.9516625,0.95217955,0.9510149,0.94960093,0.9515031,0.95221597,0.95070684,0.95289654,0.95473707,0.953783,0.9538127,0.9454557,0.9545195,0.95309466,0.9556488,0.95372784,0.9517642,0.95210624,0.95120645,0.9542114,0.95316726,0.95678127,0.9468847,0.94906014,0.9513829,0.95550656,0.9523144,0.95072305,0.95840406,0.9551073,0.9508834,0.95014495,0.95098585,0.95739233,0.9524671,0.952329,0.95049727
LRRC37A3,0.95056,0.9508295,0.9493962,0.9501022,0.9481678,0.95111895,0.9526659,0.9517713,0.9503728,0.9522384,0.9492204,0.95447624,0.95006585,0.9500925,0.949246,0.95148987,0.95285857,0.9512039,0.95112544,0.9511409,0.9522294,0.9526603,0.95331025,0.9503107,0.94893956,0.95304036,0.9552708,0.951565,0.9538288,0.9522891,0.9537275,0.9512774,0.9519427,0.9543898,0.9504477,0.9523303,0.9494519,0.9516084,0.9527193,0.95252013,0.94938684,1.0000021,0.9521676,0.95476377,0.9489008,0.95213413,0.9484911,0.95140815,0.9527291,0.9502429,0.95227003,0.9550504,0.94894207,0.9514503,0.95549524,0.95537585,0.94918334,0.9511173,0.9515429,0.9519135,0.95294875,0.95373344,0.95084876,0.9524102,0.9526116,0.9483831,0.9522722,0.952544,0.94952714,0.9500994,0.9490009,0.9496002,0.9536581,0.9495466,0.95369124,0.9505868,0.95499504,0.9516677,0.9514124,0.9501589,0.9521213,0.952394,0.9498175,0.9525333,0.94984096,0.9506531,0.95075727,0.9521992,0.95368063,0.95705163,0.9521738,0.95214254,0.9521433,0.9502754,0.9535291,0.95086277,0.95266515,0.95152843,0.9505027,0.952052
LYST,0.9505133,0.95135176,0.95211273,0.9506353,0.9511261,0.9517178,0.9501768,0.95306087,0.9506807,0.95209426,0.95054245,0.95261693,0.94970626,0.9515739,0.9501091,0.95290554,0.953564,0.95048386,0.9517751,0.9529765,0.9535941,0.95126843,0.95392966,0.95092857,0.95140845,0.9498089,0.95280486,0.95432687,0.95276153,0.9526309,0.95184493,0.9498848,0.95275486,0.9531257,0.95024514,0.9503966,0.9521191,0.9517631,0.95267916,0.951136,0.95321184,0.9521676,1.0000116,0.9539056,0.95078456,0.95328754,0.9519257,0.95088714,0.950137,0.95051664,0.95260245,0.9514772,0.95230293,0.94981295,0.95250773,0.9520501,0.9506823,0.9508551,0.9528619,0.9512945,0.95340115,0.9517262,0.9514944,0.9521959,0.953781,0.95179456,0.95333123,0.9523789,0.95070195,0.9513328,0.9514024,0.95140654,0.9528587,0.9518989,0.9499607,0.95356005,0.9532145,0.9508408,0.9515351,0.95106,0.95181835,0.95123386,0.9517564,0.9513525,0.95231664,0.9503387,0.95163906,0.9525956,0.95275486,0.9521202,0.9512403,0.9519369,0.95281583,0.9524497,0.9528385,0.9510469,0.95226014,0.9503936,0.9516325,0.95166075
MAP3K9,0.9527814,0.9536383,0.9504713,0.94902503,0.9499519,0.95181966,0.95136666,0.95433533,0.9510792,0.9555371,0.9505159,0.9548717,0.9496674,0.95050687,0.9483227,0.9516906,0.9528639,0.9503428,0.94799,0.9544991,0.95476985,0.9533987,0.9538554,0.9539596,0.9540164,0.952629,0.9555356,0.9528878,0.9545883,0.9536576,0.9541923,0.9498268,0.9509384,0.955029,0.95140934,0.9512492,0.9526483,0.9525032,0.95286256,0.9502149,0.9516169,0.95476377,0.9539056,0.9999879,0.94979626,0.95476294,0.95042133,0.9512108,0.9504056,0.9510655,0.95419705,0.9537728,0.94979954,0.949411,0.95481956,0.95285785,0.949551,0.9500502,0.9553118,0.9530039,0.95280814,0.9540565,0.95177037,0.9535464,0.95402765,0.948425,0.9538997,0.9532919,0.94933635,0.95166886,0.94995236,0.95389795,0.95532566,0.951061,0.95419073,0.95498395,0.95375234,0.95334524,0.9497638,0.950098,0.9531808,0.9523492,0.9492495,0.9520971,0.95363486,0.9486781,0.95190984,0.953477,0.95469,0.9552935,0.9527491,0.9515456,0.9516214,0.95120686,0.95434886,0.9528002,0.95087916,0.94987667,0.9485599,0.95440716
MAPK8,0.9521274,0.94968164,0.95503026,0.95127976,0.95464855,0.95089716,0.95021033,0.9516389,0.9498777,0.9501132,0.95704156,0.9480582,0.95206803,0.9557607,0.9579604,0.95359343,0.9517541,0.9509442,0.95032555,0.95103884,0.94826937,0.9502634,0.9506548,0.9518005,0.951662,0.94917387,0.9488827,0.9502844,0.9499705,0.95154434,0.9501994,0.9464246,0.9503037,0.95009387,0.95042914,0.94651985,0.9545821,0.9493182,0.95002943,0.9495725,0.95057744,0.9489008,0.95078456,0.94979626,1.0000048,0.95057213,0.9552245,0.9504711,0.9467298,0.95018005,0.95019543,0.9503609,0.9573839,0.95063615,0.9503261,0.9502387,0.9546237,0.9518815,0.9505781,0.9498213,0.9501668,0.95030427,0.95033044,0.9504167,0.94932646,0.959231,0.94893765,0.94490474,0.95311284,0.95409185,0.9545853,0.9509922,0.9502986,0.95543504,0.9498772,0.9508702,0.9489694,0.9506047,0.95006114,0.9493201,0.95000136,0.94873655,0.9515308,0.9515189,0.95247555,0.95136595,0.94975686,0.95157737,0.95139974,0.949212,0.9511255,0.94921696,0.95175207,0.95460486,0.94969505,0.95227736,0.9504185,0.9508267,0.9516093,0.95008874
MEFV,0.9527654,0.9549874,0.95443356,0.9488101,0.95141745,0.9551156,0.95048213,0.955363,0.9527029,0.9535727,0.952456,0.9544522,0.9494756,0.9541507,0.94926494,0.9542226,0.9555325,0.9504255,0.94936115,0.95701617,0.9547347,0.9527386,0.95799136,0.9528135,0.95523345,0.952879,0.95353734,0.95856214,0.9521736,0.9544905,0.95522916,0.950161,0.957786,0.9581718,0.9529143,0.95197874,0.95556813,0.9543439,0.9540445,0.949549,0.9549842,0.95213413,0.95328754,0.95476294,0.95057213,0.99999326,0.95146483,0.9528965,0.9496393,0.95177156,0.9551997,0.9523772,0.9508197,0.94971263,0.9560224,0.95304036,0.9496842,0.9587023,0.95640796,0.9584218,0.9561876,0.9552332,0.95176154,0.95577455,0.9539229,0.9492907,0.95434546,0.95340323,0.95138955,0.95077896,0.94991285,0.9531148,0.9577517,0.9520864,0.95187426,0.95648944,0.9554005,0.9552087,0.95272887,0.9523674,0.9555056,0.95332277,0.95108336,0.95381963,0.9544063,0.95100135,0.9550064,0.9570936,0.9572336,0.95287156,0.9558553,0.95514274,0.95831007,0.9528641,0.9533227,0.95244396,0.9537925,0.95398915,0.9527414,0.95519704
METAP1,0.9521708,0.9510909,0.9589612,0.9570036,0.9589156,0.9517148,0.949088,0.9496254,0.95123804,0.9519337,0.9548292,0.9502144,0.95646095,0.9581791,0.9534705,0.9556046,0.9507509,0.9560208,0.95638937,0.9523698,0.949883,0.954616,0.9495733,0.9556539,0.9521693,0.9506229,0.9493234,0.9516915,0.950222,0.95162797,0.9496252,0.9502078,0.94712657,0.9492332,0.94858205,0.9443008,0.9563063,0.95021665,0.9468657,0.9507425,0.9514063,0.9484911,0.9519257,0.95042133,0.9552245,0.95146483,1.0000045,0.95205414,0.94826317,0.9514078,0.95031184,0.94911814,0.96024734,0.95114744,0.95016724,0.9500662,0.9551699,0.9521615,0.94998515,0.9508305,0.95136625,0.9507486,0.9522741,0.95093113,0.9496349,0.9605305,0.9511621,0.9477562,0.95678914,0.9576087,0.9552431,0.95343006,0.95004296,0.95914185,0.9485081,0.953359,0.9503675,0.9503138,0.9526391,0.9541862,0.9506217,0.9441703,0.95351374,0.9509058,0.95468056,0.9546588,0.9500661,0.95083636,0.9505035,0.94932723,0.95123947,0.94813347,0.95066935,0.9535983,0.9507715,0.9533913,0.94845337,0.95455754,0.9556892,0.9510588
MGA,0.95162404,0.9532599,0.95078856,0.953177,0.9510169,0.9503592,0.9527875,0.9488388,0.9541454,0.9523973,0.94901836,0.9525667,0.9559809,0.95210254,0.9510766,0.95064014,0.9516281,0.9546234,0.9544447,0.9538438,0.95261264,0.9557023,0.9482925,0.9541725,0.9503514,0.95405716,0.9518948,0.9503981,0.9526558,0.9510145,0.9513723,0.95420265,0.95083284,0.9510362,0.94855374,0.9524164,0.9490578,0.9551752,0.9530888,0.95434535,0.9485006,0.95140815,0.95088714,0.9512108,0.9504711,0.9528965,0.95205414,1.0000103,0.9545365,0.95262814,0.95038563,0.9528418,0.95153975,0.9533593,0.9491978,0.9534597,0.9504949,0.9488727,0.95204705,0.95301664,0.9530212,0.95586574,0.95381653,0.95197946,0.9519636,0.95174396,0.9549308,0.9519248,0.95149946,0.95350754,0.95195884,0.9512931,0.95013005,0.95189637,0.9538846,0.95005375,0.95243233,0.95131713,0.955319,0.9545661,0.9524002,0.9482278,0.95012426,0.95041394,0.9504616,0.95610803,0.95455545,0.9534896,0.9521337,0.9501724,0.9544983,0.94881046,0.94855046,0.9500304,0.9537642,0.9549394,0.9490054,0.9515178,0.95351076,0.9555048
MICA,0.94797736,0.951749,0.94613796,0.9564502,0.94763434,0.9566876,0.9573515,0.95107245,0.9511438,0.94700783,0.9457715,0.95031834,0.9549519,0.94766897,0.9492647,0.9439696,0.9530164,0.95226836,0.9519591,0.9473985,0.9533516,0.95468307,0.94982433,0.9493135,0.94928384,0.9539358,0.954539,0.9478447,0.9516227,0.94542456,0.95044583,0.9616917,0.95384836,0.9511808,0.9574679,0.9616946,0.944556,0.958493,0.9569397,0.95894104,0.9483002,0.9527291,0.950137,0.9504056,0.9467298,0.9496393,0.94826317,0.9545365,1.000006,0.9545337,0.9497647,0.95149463,0.9455335,0.959352,0.9490608,0.95606256,0.9501633,0.9484699,0.9508354,0.9550022,0.9478408,0.9556068,0.9507333,0.94968253,0.95457256,0.9433859,0.95201004,0.9565747,0.9491772,0.9469599,0.9469437,0.9493146,0.9498533,0.9440032,0.95873034,0.9456318,0.95492756,0.95269394,0.95462334,0.9575237,0.95000637,0.9528059,0.9568064,0.9491886,0.9484328,0.9538011,0.95550436,0.95098495,0.9490267,0.9508841,0.9546797,0.9505896,0.9461401,0.9451398,0.9533544,0.9475347,0.95104665,0.94972336,0.95352644,0.95249575
MOSMO,0.9484338,0.9527348,0.9527338,0.9574763,0.95389265,0.95401376,0.9523901,0.95376194,0.949816,0.9543064,0.95098454,0.95336765,0.95387447,0.9524477,0.9513035,0.95057374,0.9537701,0.95332074,0.95264703,0.9488913,0.94961756,0.9520733,0.9546704,0.95446354,0.95471066,0.9549047,0.95343727,0.9515687,0.9508021,0.95121384,0.9511434,0.9566655,0.9538672,0.9506671,0.9529396,0.95154274,0.94756484,0.9517904,0.9531923,0.9489965,0.95006216,0.9502429,0.95051664,0.9510655,0.95018005,0.95177156,0.9514078,0.95262814,0.9545337,0.9999877,0.9542145,0.95075315,0.9500245,0.9563793,0.9532291,0.9503354,0.95175564,0.9565739,0.951731,0.95558065,0.95155215,0.94937974,0.9512671,0.94841385,0.95506155,0.94938624,0.95489395,0.95374507,0.9542173,0.9525952,0.9498584,0.94998604,0.95420814,0.9513886,0.95526385,0.9501884,0.95227915,0.9539515,0.95404875,0.9522793,0.95333946,0.9506527,0.9574314,0.9486756,0.95041704,0.95638245,0.9509275,0.95491683,0.9514393,0.9494599,0.9550539,0.9502634,0.953212,0.95208997,0.9526942,0.9551083,0.94987464,0.9471788,0.94987863,0.95547813
MT3,0.9525717,0.95441896,0.95103776,0.95003164,0.95033914,0.95142555,0.9531166,0.9527275,0.9503472,0.9536352,0.9513827,0.9534484,0.9499984,0.95150954,0.9494828,0.9534366,0.95324385,0.9504761,0.9503236,0.9513449,0.952151,0.9513517,0.9556664,0.95095044,0.9517689,0.9535506,0.9528899,0.95525026,0.95207196,0.9534058,0.9539551,0.951451,0.95535207,0.95520717,0.95163316,0.9525465,0.9508299,0.95160633,0.9525451,0.9521675,0.9501715,0.95227003,0.95260245,0.95419705,0.95019543,0.9551997,0.95031184,0.95038563,0.9497647,0.9542145,1.000009,0.9517187,0.9514714,0.95513934,0.9527305,0.9520634,0.95015633,0.9549195,0.95410657,0.9526616,0.9551756,0.9526005,0.9533303,0.9530623,0.9529629,0.94905907,0.95509785,0.952249,0.9527752,0.9522307,0.95006174,0.9510774,0.95421755,0.95173216,0.95339096,0.95287734,0.9529965,0.954313,0.9529568,0.9517554,0.951175,0.9517501,0.95015514,0.95177567,0.9513898,0.9529918,0.9544062,0.95419,0.95491165,0.9533472,0.9554585,0.9537819,0.95441914,0.95356566,0.95461637,0.95437497,0.95459294,0.9520147,0.9508152,0.9541515
NDST1,0.95101494,0.95208263,0.9495219,0.95112944,0.9504005,0.95098305,0.95317847,0.9516901,0.9517823,0.95160437,0.949891,0.95422524,0.9505385,0.95014334,0.95065236,0.9505222,0.95230436,0.9505261,0.95056003,0.9515796,0.95222867,0.9513449,0.9528095,0.95006084,0.9501637,0.95024717,0.95430535,0.95273614,0.954965,0.95131254,0.9531028,0.95105183,0.95308924,0.9525307,0.95015836,0.95183825,0.95034397,0.9529192,0.95380175,0.95253325,0.9510231,0.9550504,0.9514772,0.9537728,0.9503609,0.9523772,0.94911814,0.9528418,0.95149463,0.95075315,0.9517187,0.99998784,0.94987035,0.95149744,0.95631826,0.95493317,0.94932455,0.950433,0.9525002,0.95224726,0.9529643,0.9525854,0.95100284,0.9528508,0.9550748,0.9492629,0.95206076,0.95226324,0.9503289,0.9509592,0.9502338,0.9511746,0.95328784,0.9504255,0.9520862,0.9520668,0.9523989,0.95199424,0.9511739,0.95152444,0.9532985,0.95193833,0.9510514,0.9511398,0.95180726,0.94960904,0.95045286,0.95295286,0.9530573,0.9555862,0.95232266,0.9520827,0.9513479,0.9502715,0.9534051,0.95190454,0.952577,0.9508785,0.95157325,0.9535039
NNAT,0.9532639,0.9504683,0.9607202,0.9535385,0.9622549,0.95068145,0.94962674,0.94901216,0.9515098,0.9526142,0.96170974,0.9497077,0.955214,0.96297294,0.9595447,0.9583193,0.9503601,0.9553184,0.9555885,0.9538054,0.9520585,0.9545227,0.9490998,0.95725524,0.9508141,0.94977915,0.9490497,0.952458,0.95078427,0.9529816,0.9506552,0.9450426,0.9485648,0.9515703,0.94762146,0.94166917,0.9629149,0.9494921,0.94575334,0.95059216,0.95299584,0.94894207,0.95230293,0.94979954,0.9573839,0.9508197,0.96024734,0.95153975,0.9455335,0.9500245,0.9514714,0.94987035,1.0000088,0.94966346,0.95087576,0.9513266,0.95603913,0.95118636,0.95217866,0.9509151,0.95271266,0.95175624,0.95341206,0.9540896,0.948876,0.9699955,0.95097506,0.9416148,0.9561763,0.9594682,0.9605539,0.9559499,0.9501258,0.96172315,0.94839364,0.95535547,0.9496263,0.95026237,0.95156664,0.951455,0.9493819,0.9429587,0.94954896,0.9557512,0.9576885,0.95217025,0.95110905,0.9506757,0.9511667,0.9494538,0.9504664,0.95022357,0.9511694,0.95528084,0.9497666,0.9522861,0.95184106,0.95490724,0.955073,0.9500239
OPTN,0.95063066,0.9517694,0.9514203,0.95699644,0.94989693,0.95496774,0.9537612,0.9517183,0.9555317,0.95134795,0.95058554,0.9505087,0.95556945,0.9527725,0.9520237,0.9505306,0.951719,0.9506591,0.9559516,0.95018065,0.94744337,0.9500832,0.9506615,0.94780713,0.9511782,0.9524982,0.952042,0.9508135,0.9522805,0.948689,0.95279366,0.95777327,0.95351577,0.9509583,0.9535331,0.95236784,0.94702137,0.9569235,0.9539715,0.9588787,0.94652843,0.9514503,0.94981295,0.949411,0.95063615,0.94971263,0.95114744,0.9533593,0.959352,0.9563793,0.95513934,0.95149744,0.94966346,1.0000132,0.95046705,0.95327544,0.951908,0.9498683,0.95189077,0.9518784,0.95296925,0.9525003,0.95483017,0.9497899,0.95283484,0.9495539,0.95319575,0.95068175,0.95512664,0.95188206,0.9525369,0.9528954,0.948883,0.9514306,0.9538373,0.94860834,0.95068526,0.951824,0.9575352,0.9559645,0.95025766,0.95057935,0.95251197,0.9499998,0.9474344,0.9573034,0.95625794,0.954126,0.9533663,0.95164585,0.95518184,0.9514956,0.9506736,0.9521684,0.95554006,0.95335084,0.953276,0.95209754,0.95637786,0.9510459
ORM2,0.95250267,0.95360374,0.9520047,0.9511227,0.95057946,0.9538958,0.9514122,0.9541398,0.95238847,0.95572543,0.9527021,0.95506734,0.9491999,0.95240754,0.9496164,0.9529975,0.9538945,0.9493332,0.951726,0.95316386,0.95378673,0.9506041,0.95519376,0.95154065,0.9528434,0.95064706,0.9555812,0.95458084,0.9552999,0.953178,0.9553141,0.9506022,0.9526231,0.9553529,0.9504377,0.951181,0.95237136,0.950131,0.95100796,0.94996876,0.9544239,0.95549524,0.95250773,0.95481956,0.9503261,0.9560224,0.95016724,0.9491978,0.9490608,0.9532291,0.9527305,0.95631826,0.95087576,0.95046705,0.9999881,0.9538233,0.95001173,0.9546268,0.953204,0.95386076,0.9550805,0.9533045,0.9516661,0.9534769,0.95507014,0.9497717,0.95296013,0.9528052,0.95072526,0.9517649,0.9498987,0.9527966,0.9563179,0.9521706,0.9517136,0.9550728,0.9528795,0.95439965,0.95192224,0.94950265,0.9554064,0.95308805,0.9507512,0.95245534,0.953471,0.9505264,0.9517622,0.95419145,0.9562863,0.9562179,0.95240813,0.9534345,0.95627594,0.9515283,0.95319504,0.95346403,0.9544894,0.9504845,0.9516478,0.9522458
P3H3,0.95027244,0.95314366,0.94865686,0.95072806,0.95042264,0.9546196,0.9546399,0.9526094,0.9545794,0.9522353,0.95017815,0.9526983,0.95372033,0.9498793,0.9502834,0.9503015,0.9538644,0.95178753,0.9537656,0.9521184,0.9551646,0.95280224,0.95176744,0.94931424,0.9486997,0.9529127,0.9547783,0.95360804,0.9534805,0.94902056,0.9546772,0.95446587,0.95148563,0.9562015,0.9531625,0.95597494,0.9514837,0.95719737,0.9538834,0.95849246,0.9524146,0.95537585,0.9520501,0.95285785,0.9502387,0.95304036,0.9500662,0.9534597,0.95606256,0.9503354,0.9520634,0.95493317,0.9513266,0.95327544,0.9538233,1.0000132,0.9506125,0.9486483,0.9531702,0.9537371,0.953256,0.9552524,0.95430315,0.9538555,0.9556932,0.94876415,0.95346653,0.95132995,0.95141333,0.9502551,0.9506569,0.954226,0.9528807,0.95156294,0.9539273,0.9505287,0.95719767,0.95250434,0.954688,0.9551922,0.95066047,0.9512549,0.95176965,0.9550009,0.9536241,0.9496801,0.9548858,0.95277077,0.95433646,0.95566416,0.9524572,0.95331824,0.9536878,0.94806176,0.9545782,0.9496713,0.9568786,0.95359695,0.95369756,0.95289665
PEX10,0.9505286,0.9499572,0.9542697,0.9538462,0.95545876,0.9509714,0.95145607,0.9492401,0.9501745,0.9506881,0.95703924,0.94982934,0.9567952,0.9541915,0.9610994,0.95115966,0.94979537,0.9538148,0.9546232,0.94992316,0.9512831,0.9509033,0.9488046,0.95417017,0.9498038,0.9516397,0.9507631,0.94840014,0.95060235,0.95146173,0.949158,0.94895065,0.9466981,0.94947726,0.9500219,0.947133,0.9519692,0.95138663,0.95064664,0.9519515,0.94985205,0.94918334,0.9506823,0.949551,0.9546237,0.9496842,0.9551699,0.9504949,0.9501633,0.95175564,0.95015633,0.94932455,0.95603913,0.951908,0.95001173,0.9506125,0.99998903,0.9484887,0.95049214,0.94904935,0.9504648,0.9507247,0.9540548,0.95011306,0.94954556,0.9572219,0.95132446,0.9457153,0.95348275,0.954513,0.9564963,0.95341235,0.94865376,0.9522982,0.95008683,0.9503416,0.94957113,0.9486518,0.9501013,0.95288146,0.9493016,0.94585055,0.9521968,0.9521692,0.95027304,0.9529911,0.9499959,0.95050883,0.9495229,0.9493005,0.9505249,0.94803375,0.948408,0.9530967,0.94958293,0.9501697,0.94937694,0.95135754,0.95471287,0.9517776
PIP,0.95155334,0.95197415,0.9565464,0.9510837,0.9531275,0.9541248,0.94959587,0.9553838,0.9511902,0.9529253,0.9551184,0.9558013,0.94922763,0.95470464,0.9508856,0.9543853,0.9533386,0.9499384,0.9535602,0.9527933,0.9502705,0.950531,0.9563511,0.9523602,0.95574975,0.9524113,0.95157856,0.95732063,0.9507396,0.95238477,0.9537126,0.9508661,0.9605112,0.9523815,0.9561757,0.95081055,0.9555129,0.9486924,0.9504145,0.94540834,0.95694214,0.9511173,0.9508551,0.9500502,0.9518815,0.9587023,0.9521615,0.9488727,0.9484699,0.9565739,0.9549195,0.950433,0.95118636,0.9498683,0.9546268,0.9486483,0.9484887,1.0000077,0.954943,0.9581879,0.95501864,0.95160806,0.95199114,0.95235646,0.9532713,0.9509517,0.9542475,0.9519346,0.9550154,0.95291495,0.94965404,0.9511041,0.95673084,0.9552227,0.95050114,0.95380324,0.9531643,0.9566341,0.9535234,0.95182174,0.9548153,0.9531181,0.9555383,0.9517297,0.95547354,0.9548403,0.9504614,0.9587206,0.95560455,0.9510629,0.956742,0.9583916,0.9576126,0.9543971,0.95115113,0.95778704,0.95575017,0.9557077,0.9519576,0.95331174
POMK,0.95467955,0.95557714,0.95276165,0.9492867,0.9503937,0.95305604,0.95075583,0.9539849,0.95233643,0.95618457,0.95185554,0.9528413,0.9491675,0.9512371,0.9482344,0.9532801,0.9537052,0.9497143,0.9488157,0.9546377,0.95361763,0.9508773,0.9533758,0.9568611,0.9557355,0.9546623,0.95511776,0.9554922,0.9527128,0.9539456,0.9532898,0.9498091,0.9525877,0.9559999,0.9518286,0.9521804,0.9523632,0.95283175,0.9556066,0.94815487,0.95285684,0.9515429,0.9528619,0.9553118,0.9505781,0.95640796,0.94998515,0.95204705,0.9508354,0.951731,0.95410657,0.9525002,0.95217866,0.95189077,0.953204,0.9531702,0.95049214,0.954943,0.99999326,0.95621395,0.9552364,0.9534426,0.95153207,0.954721,0.95468956,0.9488715,0.955255,0.95304275,0.949133,0.9515897,0.94985354,0.9530587,0.95433986,0.9514121,0.9529953,0.95563877,0.95474476,0.95632464,0.9513284,0.95234656,0.95365024,0.9542306,0.9497793,0.9556922,0.9531249,0.95014083,0.9546904,0.9539442,0.9547064,0.9528622,0.95654315,0.95484746,0.955406,0.9524447,0.95376986,0.9539941,0.95288986,0.94974154,0.94916177,0.9562576
POU2F3,0.95245993,0.9528161,0.9539149,0.952173,0.9503727,0.9577435,0.9548792,0.95532507,0.95390534,0.95202076,0.95151544,0.9524351,0.95047927,0.9528236,0.9485575,0.9509729,0.95720047,0.950866,0.9516221,0.95571136,0.95534164,0.9525295,0.9555067,0.95479834,0.95507723,0.95406365,0.95375127,0.9563886,0.950753,0.9509153,0.9523623,0.9546945,0.95867616,0.9570111,0.95728135,0.95561916,0.95411706,0.9537089,0.9554086,0.9490157,0.9504525,0.9519135,0.9512945,0.9530039,0.9498213,0.9584218,0.9508305,0.95301664,0.9550022,0.95558065,0.9526616,0.95224726,0.9509151,0.9518784,0.95386076,0.9537371,0.94904935,0.9581879,0.95621395,1.0000014,0.95375776,0.9543102,0.950354,0.95298785,0.95449865,0.9483252,0.952968,0.9547524,0.9516317,0.9510995,0.9482771,0.95172995,0.9565049,0.9517224,0.95494473,0.9529015,0.9565687,0.9531725,0.95300233,0.9532311,0.95330215,0.9536537,0.9536723,0.9535217,0.9572185,0.95223564,0.9541527,0.95552385,0.9542546,0.95222616,0.9565181,0.95657885,0.95502883,0.95010924,0.9544614,0.95158625,0.953972,0.9523071,0.9517932,0.955719
RAB30,0.9525354,0.95433605,0.95499873,0.950616,0.9508004,0.952068,0.9502117,0.9533801,0.9543417,0.9551263,0.95326465,0.95564,0.9489103,0.95335484,0.9495797,0.9562304,0.95411706,0.9527113,0.95422196,0.95612687,0.9526147,0.95126396,0.9563801,0.9522364,0.95247215,0.95345324,0.95231265,0.9589609,0.9551911,0.95563084,0.95629466,0.94851184,0.95389265,0.95718616,0.949214,0.9493979,0.9539621,0.9515727,0.95347047,0.95115626,0.9519785,0.95294875,0.95340115,0.95280814,0.9501668,0.9561876,0.95136625,0.9530212,0.9478408,0.95155215,0.9551756,0.9529643,0.95271266,0.95296925,0.9550805,0.953256,0.9504648,0.95501864,0.9552364,0.95375776,0.99998915,0.95566255,0.95586234,0.9540173,0.95394456,0.9513431,0.956018,0.9524976,0.9544147,0.9542115,0.951572,0.9553526,0.95569044,0.95562065,0.95214546,0.9574692,0.95294,0.9539041,0.9561384,0.95111966,0.95502704,0.952774,0.94829005,0.95424795,0.9537902,0.9534645,0.95450366,0.95668375,0.9573438,0.95304495,0.9557153,0.95432514,0.95747405,0.9558117,0.95574486,0.9553176,0.9550982,0.95656866,0.9529675,0.9542539
RAMP1,0.9521769,0.9541486,0.9513926,0.95054924,0.94879913,0.95223796,0.95368326,0.95007515,0.9539107,0.95381504,0.9515263,0.95512694,0.9521662,0.952337,0.9496142,0.95340455,0.95394754,0.95176697,0.9516916,0.9563536,0.95391476,0.9543364,0.9527041,0.95198864,0.9507737,0.9570524,0.9532457,0.95352966,0.9537269,0.9535818,0.95324105,0.9509288,0.9533519,0.95570415,0.9515487,0.9526695,0.95113,0.95394564,0.9537364,0.9543567,0.9506825,0.95373344,0.9517262,0.9540565,0.95030427,0.9552332,0.9507486,0.95586574,0.9556068,0.94937974,0.9526005,0.9525854,0.95175624,0.9525003,0.9533045,0.9552524,0.9507247,0.95160806,0.9534426,0.9543102,0.95566255,0.9999931,0.9551157,0.9568536,0.95177275,0.9502683,0.9541803,0.95165014,0.95068175,0.95131195,0.9495023,0.95419097,0.95164263,0.95162916,0.95458084,0.9545914,0.9554436,0.951913,0.95467496,0.9510294,0.95390767,0.95097595,0.9489598,0.95412225,0.9522616,0.95219034,0.95552826,0.9531983,0.95424044,0.9520868,0.9542746,0.9530643,0.9536185,0.9513193,0.95485234,0.9522454,0.95234984,0.9569332,0.9529036,0.9548309
RASD2,0.9516764,0.9543546,0.95357776,0.95366776,0.9522631,0.9523119,0.9509946,0.9517824,0.9543135,0.95326596,0.95265293,0.95248765,0.9557693,0.9536099,0.9530509,0.9555574,0.9521955,0.95340794,0.9547279,0.95317054,0.9518919,0.9507611,0.95089895,0.95166814,0.9516783,0.95291173,0.9522474,0.953907,0.95400554,0.9532834,0.9531863,0.9507117,0.95138836,0.95205986,0.95234066,0.94996035,0.95203215,0.9540874,0.9515851,0.9557716,0.951789,0.95084876,0.9514944,0.95177037,0.95033044,0.95176154,0.9522741,0.95381653,0.9507333,0.9512671,0.9533303,0.95100284,0.95341206,0.95483017,0.9516661,0.95430315,0.9540548,0.95199114,0.95153207,0.950354,0.95586234,0.9551157,0.9999894,0.95350856,0.9518028,0.9532733,0.9532509,0.94897676,0.954973,0.9545431,0.9543145,0.9550633,0.9506295,0.95345277,0.951364,0.9532337,0.95162326,0.9520719,0.9540906,0.953783,0.95283604,0.94955933,0.9512317,0.95379794,0.9525715,0.9548201,0.9541835,0.9530179,0.95207006,0.9510252,0.9524013,0.95127124,0.9526583,0.9549353,0.9530497,0.9540607,0.9528471,0.9569243,0.9560649,0.95259476
RBMS1,0.95333964,0.9534411,0.95246553,0.9469379,0.94965774,0.9498314,0.949767,0.9493836,0.9520784,0.95157003,0.9517513,0.95381576,0.95095503,0.9530355,0.94915175,0.95302534,0.9515714,0.95419097,0.9535506,0.95856667,0.95458287,0.9551715,0.95211583,0.95313406,0.9511518,0.9528363,0.95289916,0.9538556,0.9530971,0.95666355,0.9533734,0.95114374,0.9519668,0.9541945,0.94966424,0.9500184,0.9549703,0.9516783,0.9491832,0.95349205,0.9516625,0.9524102,0.9521959,0.9535464,0.9504167,0.95577455,0.95093113,0.95197946,0.94968253,0.94841385,0.9530623,0.9528508,0.9540896,0.9497899,0.9534769,0.9538555,0.95011306,0.95235646,0.954721,0.95298785,0.9540173,0.9568536,0.95350856,1.0000124,0.9517477,0.9519662,0.9548488,0.950558,0.9510823,0.95325947,0.9520043,0.9564386,0.95075744,0.95398146,0.9527109,0.9566432,0.95367086,0.95126826,0.95363295,0.9526048,0.9524507,0.95190346,0.9495548,0.9537769,0.955408,0.9519178,0.9549689,0.9522721,0.9518602,0.9529814,0.9519816,0.9527881,0.95359385,0.95345014,0.9522685,0.9514662,0.95186937,0.95917857,0.9532386,0.95123726
RCBTB1,0.95044816,0.95463294,0.95050585,0.9538107,0.95040846,0.9546802,0.9525171,0.9542812,0.9525873,0.95360106,0.94962984,0.9552506,0.9507781,0.950735,0.94978464,0.9508977,0.95355266,0.94956446,0.9513747,0.95131814,0.9546307,0.9521334,0.9539657,0.9512218,0.95231116,0.95036733,0.9558348,0.9554403,0.95372576,0.9514513,0.95526975,0.95389116,0.95343447,0.9550585,0.95311743,0.95362175,0.9496965,0.9542826,0.9551249,0.9513781,0.95217955,0.9526116,0.953781,0.95402765,0.94932646,0.9539229,0.9496349,0.9519636,0.95457256,0.95506155,0.9529629,0.9550748,0.948876,0.95283484,0.95507014,0.9556932,0.94954556,0.9532713,0.95468956,0.95449865,0.95394456,0.95177275,0.9518028,0.9517477,0.99998724,0.94865507,0.95520186,0.9538804,0.95261675,0.95076966,0.9493307,0.95192766,0.956035,0.9496671,0.95186967,0.95248336,0.9543517,0.9534129,0.9519961,0.95193493,0.9545709,0.9526716,0.9530597,0.9510731,0.9529808,0.9517273,0.95295346,0.9559439,0.95530283,0.9560423,0.95335126,0.95391035,0.95367855,0.9499421,0.95386636,0.95120156,0.95410657,0.948213,0.9524852,0.9545011
RPS6KA1,0.9529461,0.94975954,0.96115917,0.954919,0.9636809,0.949341,0.9486159,0.94903845,0.9500675,0.95060444,0.9641298,0.9498099,0.95534533,0.96366465,0.96526396,0.959098,0.95021635,0.9555289,0.9565038,0.9532137,0.9501355,0.9543124,0.9496937,0.95412517,0.9509047,0.94919336,0.94831735,0.95160383,0.95068824,0.9526691,0.9495974,0.94226104,0.9461176,0.94894814,0.94767225,0.9379934,0.9622982,0.9490113,0.94527674,0.95046955,0.9510149,0.9483831,0.95179456,0.948425,0.959231,0.9492907,0.9605305,0.95174396,0.9433859,0.94938624,0.94905907,0.9492629,0.9699955,0.9495539,0.9497717,0.94876415,0.9572219,0.9509517,0.9488715,0.9483252,0.9513431,0.9502683,0.9532733,0.9519662,0.94865507,1.0000044,0.94964516,0.93727,0.95908993,0.959109,0.9633204,0.9541166,0.948401,0.9641022,0.9449467,0.953807,0.9473943,0.9484523,0.9517546,0.9512384,0.9499191,0.93931216,0.95046234,0.95449424,0.95495147,0.9530248,0.9504608,0.95082736,0.9498957,0.94874567,0.9490562,0.94788456,0.9503033,0.9575967,0.9485904,0.95121604,0.9487264,0.95652145,0.9567132,0.9497193
S100P,0.9517587,0.9574517,0.9514332,0.95260453,0.95080596,0.9513792,0.9513789,0.95179707,0.95277643,0.95567703,0.95018804,0.95564705,0.95267326,0.9527574,0.94941896,0.9538474,0.9522597,0.9561,0.9539665,0.95277727,0.95325685,0.95447075,0.9517118,0.9555888,0.9497446,0.9569852,0.95329195,0.9515859,0.95308554,0.9531369,0.9532136,0.9525579,0.9519912,0.95344496,0.94726944,0.95233285,0.94956094,0.95225817,0.95319915,0.95194817,0.94960093,0.9522722,0.95333123,0.9538997,0.94893765,0.95434546,0.9511621,0.9549308,0.95201004,0.95489395,0.95509785,0.95206076,0.95097506,0.95319575,0.95296013,0.95346653,0.95132446,0.9542475,0.955255,0.952968,0.956018,0.9541803,0.9532509,0.9548488,0.95520186,0.94964516,1.0000001,0.95301425,0.9537183,0.9547372,0.9506208,0.95241386,0.9552326,0.9515777,0.9562665,0.9541698,0.9528989,0.95444584,0.9550465,0.9525877,0.95455354,0.9520028,0.9489195,0.95154715,0.95088625,0.9568499,0.95301837,0.9533343,0.95328784,0.9530257,0.95404434,0.9506276,0.95157135,0.95091826,0.95531696,0.9563203,0.95039374,0.9511847,0.95153797,0.9555906
SAMHD1,0.9508838,0.9533673,0.9476911,0.9494748,0.9441505,0.9533046,0.9513423,0.95452493,0.95197284,0.9518866,0.9432722,0.95473576,0.9461688,0.9457524,0.9411083,0.94809467,0.9524914,0.94961715,0.9481775,0.95150405,0.95435166,0.9509627,0.9526269,0.9516419,0.95345324,0.9512796,0.95264065,0.95167655,0.9514527,0.9504523,0.9516399,0.95865536,0.95565045,0.95196724,0.9527233,0.9590983,0.94600815,0.9517761,0.95497316,0.9479815,0.9515031,0.952544,0.9523789,0.9532919,0.94490474,0.95340323,0.9477562,0.9519248,0.9565747,0.95374507,0.952249,0.95226324,0.9416148,0.95068175,0.9528052,0.95132995,0.9457153,0.9519346,0.95304275,0.9547524,0.9524976,0.95165014,0.94897676,0.950558,0.9538804,0.93727,0.95301425,0.9999949,0.94770294,0.947646,0.943361,0.9499436,0.9549899,0.94499147,0.95486736,0.95174277,0.9556062,0.9542549,0.9516549,0.94993865,0.95264494,0.9603582,0.95246243,0.94880974,0.95082617,0.94977194,0.9518269,0.9539432,0.95206267,0.95224905,0.95368314,0.9533233,0.951238,0.9481478,0.9536986,0.95125854,0.9533708,0.94731677,0.94775355,0.95356154
SFMBT2,0.9500962,0.9509268,0.9567836,0.9590158,0.9568561,0.9523663,0.9507138,0.95129496,0.95414037,0.95112115,0.95555025,0.9531798,0.9557939,0.9583814,0.95516264,0.95703274,0.95148855,0.9548507,0.9607986,0.9526786,0.94909835,0.9538183,0.9521828,0.95171463,0.9510379,0.9516186,0.9491832,0.95457804,0.9540229,0.9524533,0.95136786,0.9510166,0.9505059,0.95056885,0.9518552,0.9445689,0.95534307,0.9523956,0.94930524,0.9525044,0.95221597,0.94952714,0.95070195,0.94933635,0.95311284,0.95138955,0.95678914,0.95149946,0.9491772,0.9542173,0.9527752,0.9503289,0.9561763,0.95512664,0.95072526,0.95141333,0.95348275,0.9550154,0.949133,0.9516317,0.9544147,0.95068175,0.954973,0.9510823,0.95261675,0.95908993,0.9537183,0.94770294,0.99999535,0.95816875,0.956229,0.9544984,0.9498021,0.9587842,0.95009863,0.9506299,0.9488861,0.9516394,0.9564756,0.9555918,0.9512865,0.9465946,0.95295227,0.951935,0.95184475,0.9577844,0.9539135,0.9526913,0.95440394,0.9512302,0.95247865,0.95242953,0.952034,0.9556695,0.9519752,0.9541548,0.952196,0.9560056,0.95653576,0.9509125
SFN,0.9519203,0.95224,0.9583283,0.9544889,0.9547122,0.9497896,0.9500015,0.9498857,0.95194566,0.9551054,0.9555106,0.9526822,0.95489883,0.9583305,0.9533965,0.9565379,0.9519434,0.95747495,0.95815635,0.9527558,0.95015836,0.9546651,0.94938195,0.9573565,0.951299,0.952709,0.9496155,0.9512759,0.95176893,0.9559866,0.9507484,0.9488917,0.94839346,0.9501196,0.9463247,0.9444708,0.95508707,0.9498965,0.94864416,0.9509129,0.95070684,0.9500994,0.9513328,0.95166886,0.95409185,0.95077896,0.9576087,0.95350754,0.9469599,0.9525952,0.9522307,0.9509592,0.9594682,0.95188206,0.9517649,0.9502551,0.954513,0.95291495,0.9515897,0.9510995,0.9542115,0.95131195,0.9545431,0.95325947,0.95076966,0.959109,0.9547372,0.947646,0.95816875,1.0000116,0.955768,0.95294243,0.9509945,0.9592023,0.95189595,0.95443416,0.94893795,0.9520083,0.9533587,0.9531416,0.9513845,0.94665784,0.9492054,0.95116043,0.95274025,0.95711565,0.95058346,0.95382124,0.95134395,0.9492507,0.9536955,0.94816893,0.95107013,0.9551032,0.9518168,0.95741326,0.9485641,0.955785,0.9522287,0.9543829
SFXN4,0.9515236,0.9533846,0.95546395,0.9547362,0.9575448,0.9505433,0.9506779,0.94871956,0.9539077,0.9515731,0.9596308,0.95071465,0.9550611,0.9575777,0.9615517,0.95565957,0.95095265,0.95376205,0.95849085,0.9520001,0.95049655,0.95118874,0.9496161,0.9529277,0.94964355,0.94955975,0.9499173,0.9520567,0.95107824,0.95251334,0.950969,0.94760746,0.9473266,0.9493183,0.94797766,0.9448145,0.95669913,0.95153266,0.94717646,0.9535711,0.95289654,0.9490009,0.9514024,0.94995236,0.9545853,0.94991285,0.9552431,0.95195884,0.9469437,0.9498584,0.95006174,0.9502338,0.9605539,0.9525369,0.9498987,0.9506569,0.9564963,0.94965404,0.94985354,0.9482771,0.951572,0.9495023,0.9543145,0.9520043,0.9493307,0.9633204,0.9506208,0.943361,0.956229,0.955768,1.0000093,0.9539794,0.9482028,0.9566978,0.9473311,0.9529955,0.9483943,0.94892037,0.95369524,0.9539012,0.9508649,0.9449586,0.95173776,0.95363533,0.9536781,0.95327616,0.9515104,0.94972026,0.95057225,0.9505571,0.9497674,0.9506151,0.9509165,0.956237,0.9497794,0.9524294,0.950431,0.9551872,0.9561448,0.9493854
SH3KBP1,0.9540263,0.95534325,0.95516354,0.950289,0.9536173,0.9545691,0.9505653,0.95255625,0.9566058,0.95605296,0.95335126,0.95085824,0.9547884,0.9552436,0.9512935,0.9552595,0.9517097,0.9520149,0.95455754,0.9585717,0.9544426,0.9533481,0.9498123,0.9539436,0.95522237,0.9509632,0.9533119,0.95646846,0.9537101,0.9546007,0.9527639,0.95135796,0.94854724,0.9542226,0.9518485,0.9486117,0.9580917,0.95342857,0.94986606,0.9563333,0.95473707,0.9496002,0.95140654,0.95389795,0.9509922,0.9531148,0.95343006,0.9512931,0.9493146,0.94998604,0.9510774,0.9511746,0.9559499,0.9528954,0.9527966,0.954226,0.95341235,0.9511041,0.9530587,0.95172995,0.9553526,0.95419097,0.9550633,0.9564386,0.95192766,0.9541166,0.95241386,0.9499436,0.9544984,0.95294243,0.9539794,0.9999932,0.9512912,0.95577693,0.94902724,0.95619226,0.9523394,0.95161915,0.95688784,0.95537627,0.9513855,0.9500864,0.94965845,0.9548724,0.95665586,0.95009464,0.9567512,0.9523179,0.95544076,0.9520384,0.95162344,0.95185775,0.95424044,0.9537765,0.9520762,0.9527665,0.9551276,0.9551119,0.9560467,0.95238006
SIT1,0.95109683,0.95362055,0.95203686,0.94848704,0.9507762,0.95502746,0.9510917,0.9567563,0.9511506,0.9550048,0.95143723,0.95591354,0.94821465,0.95102584,0.9491889,0.9517828,0.954052,0.9495742,0.9509245,0.9539051,0.9538115,0.9501436,0.9578384,0.9512681,0.95494354,0.9510695,0.95595604,0.95638394,0.9540732,0.95385545,0.9551845,0.9513361,0.955211,0.95610666,0.9532251,0.95329124,0.95175064,0.9493082,0.95307726,0.9465432,0.953783,0.9536581,0.9528587,0.95532566,0.9502986,0.9577517,0.95004296,0.95013005,0.9498533,0.95420814,0.95421755,0.95328784,0.9501258,0.948883,0.9563179,0.9528807,0.94865376,0.95673084,0.95433986,0.9565049,0.95569044,0.95164263,0.9506295,0.95075744,0.956035,0.948401,0.9552326,0.9549899,0.9498021,0.9509945,0.9482028,0.9512912,0.99999976,0.9512772,0.9538276,0.9554353,0.9555919,0.95648694,0.9509033,0.9483632,0.95638746,0.9540086,0.950474,0.95044875,0.95370936,0.9503931,0.9520522,0.95708644,0.9554301,0.95492053,0.9552218,0.95646715,0.9567725,0.95125973,0.9550236,0.95219684,0.95418155,0.94805866,0.950298,0.95508826
SLC25A33,0.95295215,0.9521007,0.96140057,0.95178366,0.95714784,0.95196027,0.94791204,0.95114243,0.9524804,0.9525193,0.95667076,0.952446,0.9536976,0.96094674,0.9546068,0.9600037,0.95129305,0.9542477,0.9581361,0.9545407,0.95052725,0.95481133,0.9515785,0.95352846,0.95253336,0.9505558,0.94832414,0.9542718,0.95188624,0.95549387,0.95261824,0.9472335,0.94961566,0.9520993,0.9496339,0.94078946,0.96161944,0.94936085,0.946639,0.95189273,0.9538127,0.9495466,0.9518989,0.951061,0.95543504,0.9520864,0.95914185,0.95189637,0.9440032,0.9513886,0.95173216,0.9504255,0.96172315,0.9514306,0.9521706,0.95156294,0.9522982,0.9552227,0.9514121,0.9517224,0.95562065,0.95162916,0.95345277,0.95398146,0.9496671,0.9641022,0.9515777,0.94499147,0.9587842,0.9592023,0.9566978,0.95577693,0.9512772,1.0000086,0.94881934,0.9566737,0.9501653,0.9515848,0.95324916,0.9518514,0.9506167,0.9447825,0.9495366,0.9535986,0.9567251,0.95354307,0.9531351,0.9531965,0.9536703,0.95044494,0.9515871,0.95328736,0.9547838,0.95683795,0.95016986,0.9529751,0.9526334,0.95898366,0.954941,0.9504961
SLC25A53,0.95168984,0.95249176,0.9467571,0.95134574,0.948868,0.95206803,0.95388794,0.9521063,0.9523447,0.95279586,0.949271,0.9518528,0.9512732,0.95022875,0.9491377,0.9498407,0.95126635,0.95191854,0.95026773,0.9477725,0.95253277,0.95385677,0.95161164,0.95359254,0.9487456,0.9567328,0.9529655,0.9491953,0.9507134,0.95114577,0.9517079,0.9515127,0.954649,0.9530432,0.9505906,0.9548683,0.94616497,0.9521919,0.9571884,0.9534491,0.9454557,0.95369124,0.9499607,0.95419073,0.9498772,0.95187426,0.9485081,0.9538846,0.95873034,0.95526385,0.95339096,0.9520862,0.94839364,0.9538373,0.9517136,0.9539273,0.95008683,0.95050114,0.9529953,0.95494473,0.95214546,0.95458084,0.951364,0.9527109,0.95186967,0.9449467,0.9562665,0.95486736,0.95009863,0.95189595,0.9473311,0.94902724,0.9538276,0.94881934,0.9999998,0.95164967,0.95357573,0.9570809,0.9526325,0.9511259,0.950211,0.9529925,0.95052046,0.9511333,0.9502314,0.9529083,0.95112437,0.95283854,0.95024985,0.9513527,0.9572025,0.9503153,0.94869334,0.94832265,0.9548021,0.95443195,0.9511064,0.9483418,0.94791293,0.9561262
SLC38A7,0.9555326,0.9552217,0.95572746,0.9490228,0.9526669,0.9517997,0.9493733,0.9524783,0.95418864,0.95686495,0.95452523,0.95428693,0.949835,0.9547703,0.9492703,0.95762444,0.95315903,0.9524029,0.9518425,0.9589273,0.95438766,0.9521616,0.9544375,0.95593566,0.95438766,0.9539098,0.9532929,0.9578017,0.9529779,0.9573597,0.9548633,0.94741,0.951233,0.95566934,0.9493396,0.9486597,0.9564514,0.95022833,0.9493985,0.94887626,0.9545195,0.9505868,0.95356005,0.95498395,0.9508702,0.95648944,0.953359,0.95005375,0.9456318,0.9501884,0.95287734,0.9520668,0.95535547,0.94860834,0.9550728,0.9505287,0.9503416,0.95380324,0.95563877,0.9529015,0.9574692,0.9545914,0.9532337,0.9566432,0.95248336,0.953807,0.9541698,0.95174277,0.9506299,0.95443416,0.9529955,0.95619226,0.9554353,0.9566737,0.95164967,0.9999968,0.9549235,0.9541961,0.9518327,0.94972897,0.9546653,0.9520049,0.9473296,0.9543239,0.9587198,0.9496338,0.9538044,0.9554143,0.95334464,0.95221543,0.95266616,0.95358664,0.9556901,0.95506793,0.95397127,0.954201,0.95236015,0.9551929,0.95088196,0.9543239
SPATA2,0.9519601,0.9540293,0.9494368,0.9486174,0.9507935,0.9537302,0.9534846,0.95429385,0.9549861,0.95167404,0.9496864,0.95483416,0.9507355,0.9511114,0.9476963,0.9501525,0.9531943,0.95196736,0.95109177,0.95499337,0.9578954,0.95340997,0.9550539,0.95256376,0.9521573,0.9540845,0.95685345,0.95219433,0.95153254,0.95156264,0.95289886,0.95423937,0.9548572,0.957606,0.9556945,0.9568576,0.95199287,0.9551623,0.9533466,0.952953,0.95309466,0.95499504,0.9532145,0.95375234,0.9489694,0.9554005,0.9503675,0.95243233,0.95492756,0.95227915,0.9529965,0.9523989,0.9496263,0.95068526,0.9528795,0.95719767,0.94957113,0.9531643,0.95474476,0.9565687,0.95294,0.9554436,0.95162326,0.95367086,0.9543517,0.9473943,0.9528989,0.9556062,0.9488861,0.94893795,0.9483943,0.9523394,0.9555919,0.9501653,0.95357573,0.9549235,0.999987,0.9533659,0.95462257,0.9519262,0.9544021,0.9540421,0.950127,0.95249504,0.9523607,0.9492957,0.9548886,0.9535424,0.9531799,0.95371264,0.95310295,0.95663965,0.95409846,0.94950765,0.95452446,0.9481955,0.9549409,0.9524298,0.95063853,0.9568737
SUMF1,0.952798,0.9526238,0.95141053,0.95169514,0.9519427,0.95466185,0.95160496,0.9545862,0.95093846,0.9561352,0.95150423,0.95425576,0.9490896,0.95100605,0.9498347,0.9535628,0.9525303,0.9490764,0.9503634,0.9511696,0.9525507,0.9509918,0.95412076,0.9527758,0.9538953,0.9540706,0.9529967,0.9522626,0.95186335,0.95248675,0.954413,0.9498419,0.95476615,0.9545444,0.9521701,0.952547,0.9508203,0.95188797,0.95486397,0.9485565,0.9556488,0.9516677,0.9508408,0.95334524,0.9506047,0.9552087,0.9503138,0.95131713,0.95269394,0.9539515,0.954313,0.95199424,0.95026237,0.951824,0.95439965,0.95250434,0.9486518,0.9566341,0.95632464,0.9531725,0.9539041,0.951913,0.9520719,0.95126826,0.9534129,0.9484523,0.95444584,0.9542549,0.9516394,0.9520083,0.94892037,0.95161915,0.95648694,0.9515848,0.9570809,0.9541961,0.9533659,0.99999624,0.95345026,0.94827646,0.9510529,0.95502055,0.95130646,0.9518975,0.9537832,0.95036834,0.9513509,0.9561514,0.9552709,0.9527228,0.95475185,0.9540223,0.95397395,0.9515596,0.9549498,0.9537541,0.95411557,0.94813335,0.9503753,0.95383793
THYN1,0.9528378,0.9538,0.9527542,0.9547306,0.95248,0.95337915,0.9516694,0.950585,0.95817477,0.955001,0.9518046,0.953861,0.95497906,0.9548148,0.95122373,0.9544695,0.9510906,0.954646,0.95814264,0.95440394,0.95197725,0.9538298,0.95227855,0.95228076,0.9527434,0.953623,0.952526,0.9528316,0.95295966,0.9525195,0.9520167,0.9565972,0.9513091,0.95396423,0.95142215,0.95217234,0.9510478,0.95422125,0.9508077,0.9562187,0.95372784,0.9514124,0.9515351,0.9497638,0.95006114,0.95272887,0.9526391,0.955319,0.95462334,0.95404875,0.9529568,0.9511739,0.95156664,0.9575352,0.95192224,0.954688,0.9501013,0.9535234,0.9513284,0.95300233,0.9561384,0.95467496,0.9540906,0.95363295,0.9519961,0.9517546,0.9550465,0.9516549,0.9564756,0.9533587,0.95369524,0.95688784,0.9509033,0.95324916,0.9526325,0.9518327,0.95462257,0.95345026,0.99998826,0.9577771,0.9537798,0.9495026,0.9508767,0.9516256,0.9521537,0.95585275,0.9564123,0.95269084,0.95471036,0.9514245,0.9558153,0.95390326,0.9537244,0.95438874,0.95520663,0.95358896,0.95404506,0.953859,0.95552474,0.95416236
TMEM229B,0.9492019,0.95285237,0.95231533,0.95448315,0.9524965,0.95389795,0.9519618,0.95097685,0.954476,0.9512478,0.9512281,0.9494284,0.95864403,0.9529394,0.95000476,0.952826,0.9506859,0.95454514,0.9573208,0.9521031,0.9529347,0.95358586,0.94924843,0.95264786,0.9505811,0.95023656,0.9526104,0.9529925,0.95338345,0.9490814,0.9500221,0.9640722,0.9499905,0.94965297,0.9537444,0.9531921,0.95316625,0.9560434,0.95140934,0.9576309,0.9517642,0.9501589,0.95106,0.950098,0.9493201,0.9523674,0.9541862,0.9545661,0.9575237,0.9522793,0.9517554,0.95152444,0.951455,0.9559645,0.94950265,0.9551922,0.95288146,0.95182174,0.95234656,0.9532311,0.95111966,0.9510294,0.953783,0.9526048,0.95193493,0.9512384,0.9525877,0.94993865,0.9555918,0.9531416,0.9539012,0.95537627,0.9483632,0.9518514,0.9511259,0.94972897,0.9519262,0.94827646,0.9577771,1.0000033,0.9496132,0.9486275,0.95304924,0.952322,0.95198756,0.955175,0.95648956,0.95124984,0.9515928,0.9509302,0.95313966,0.9501462,0.95124054,0.9509179,0.95051795,0.9521876,0.95238274,0.95495903,0.95675117,0.951887
TMEM25,0.9526984,0.9537302,0.95306027,0.9509409,0.95116293,0.9514182,0.95078284,0.9531532,0.95329684,0.9524514,0.95106846,0.9551705,0.94969666,0.9503341,0.94975924,0.95215774,0.9530429,0.95122176,0.9517852,0.9554143,0.95346737,0.9495102,0.95606256,0.9514532,0.953345,0.9525431,0.9564828,0.95458174,0.95292825,0.9538093,0.9552016,0.9512602,0.95417726,0.9535541,0.95465416,0.95143116,0.9514082,0.95193094,0.95168895,0.94947886,0.95210624,0.9521213,0.95181835,0.9531808,0.95000136,0.9555056,0.9506217,0.9524002,0.95000637,0.95333946,0.951175,0.9532985,0.9493819,0.95025766,0.9554064,0.95066047,0.9493016,0.9548153,0.95365024,0.95330215,0.95502704,0.95390767,0.95283604,0.9524507,0.9545709,0.9499191,0.95455354,0.95264494,0.9512865,0.9513845,0.9508649,0.9513855,0.95638746,0.9506167,0.950211,0.9546653,0.9544021,0.9510529,0.9537798,0.9496132,0.999987,0.95303214,0.952607,0.9518989,0.952411,0.9513674,0.9514609,0.9557216,0.95512754,0.95350933,0.95325166,0.9544698,0.9545517,0.9540834,0.95410377,0.95286,0.95177156,0.951797,0.95073545,0.95468163
TP53,0.95147,0.9524318,0.94771516,0.94719315,0.9436958,0.9517205,0.95203525,0.9532989,0.9515902,0.9520096,0.94889873,0.9521909,0.94197345,0.94522226,0.94355214,0.9494846,0.95285505,0.9463436,0.946307,0.95103025,0.95190424,0.94722223,0.9549356,0.9488507,0.95293313,0.9508123,0.95245266,0.95339435,0.95130026,0.95083606,0.9534286,0.95224226,0.9564382,0.95313793,0.9547157,0.9616596,0.9477538,0.9500056,0.9541168,0.9480646,0.95120645,0.952394,0.95123386,0.9523492,0.94873655,0.95332277,0.9441703,0.9482278,0.9528059,0.9506527,0.9517501,0.95193833,0.9429587,0.95057935,0.95308805,0.9512549,0.94585055,0.9531181,0.9542306,0.9536537,0.952774,0.95097595,0.94955933,0.95190346,0.9526716,0.93931216,0.9520028,0.9603582,0.9465946,0.94665784,0.9449586,0.9500864,0.9540086,0.9447825,0.9529925,0.9520049,0.9540421,0.95502055,0.9495026,0.9486275,0.95303214,0.9999913,0.9505207,0.9509498,0.9510981,0.9487106,0.9509579,0.95188266,0.9518037,0.95307225,0.953035,0.9583637,0.9537107,0.94971013,0.95137745,0.9507775,0.95369667,0.9483467,0.9467895,0.95185965
TRIT1,0.95007455,0.950772,0.9516593,0.95764077,0.95487756,0.9566148,0.95273185,0.95373636,0.9500687,0.94744354,0.9513631,0.9492811,0.9533539,0.9514013,0.9544772,0.94962245,0.9543978,0.95153445,0.9528319,0.94866276,0.9522345,0.95169246,0.95277274,0.9504351,0.9537566,0.94995695,0.95273596,0.95206344,0.9491723,0.9477041,0.9500804,0.9545657,0.95434225,0.94908315,0.9587762,0.95333636,0.95168424,0.9542624,0.9516547,0.9530518,0.9542114,0.9498175,0.9517564,0.9492495,0.9515308,0.95108336,0.95351374,0.95012426,0.9568064,0.9574314,0.95015514,0.9510514,0.94954896,0.95251197,0.9507512,0.95176965,0.9521968,0.9555383,0.9497793,0.9536723,0.94829005,0.9489598,0.9512317,0.9495548,0.9530597,0.95046234,0.9489195,0.95246243,0.95295227,0.9492054,0.95173776,0.94965845,0.950474,0.9495366,0.95052046,0.9473296,0.950127,0.95130646,0.9508767,0.95304924,0.952607,0.9505207,1.000007,0.95054543,0.9527652,0.95244086,0.95033514,0.9517386,0.9500126,0.95033723,0.9503855,0.95187235,0.949996,0.9503405,0.94915295,0.9513918,0.95185244,0.9505962,0.9547164,0.9497682
TRMT10A,0.9541005,0.9523307,0.9530686,0.95060605,0.95156157,0.9517432,0.9517199,0.95073247,0.9525169,0.9525393,0.9542959,0.9508965,0.9529572,0.9532254,0.9544841,0.9534393,0.95346713,0.95059335,0.95148647,0.95470333,0.9532991,0.9530413,0.9509083,0.9522556,0.95043737,0.9518933,0.9515086,0.95483965,0.952864,0.9508971,0.95328605,0.94829464,0.9514981,0.9538077,0.9515453,0.9505723,0.9558199,0.95295537,0.95138454,0.9525547,0.95316726,0.9525333,0.9513525,0.9520971,0.9515189,0.95381963,0.9509058,0.95041394,0.9491886,0.9486756,0.95177567,0.9511398,0.9557512,0.9499998,0.95245534,0.9550009,0.9521692,0.9517297,0.9556922,0.9535217,0.95424795,0.95412225,0.95379794,0.9537769,0.9510731,0.95449424,0.95154715,0.94880974,0.951935,0.95116043,0.95363533,0.9548724,0.95044875,0.9535986,0.9511333,0.9543239,0.95249504,0.9518975,0.9516256,0.952322,0.9518989,0.9509498,0.95054543,0.9999894,0.9551893,0.9494668,0.9546374,0.95230615,0.95293736,0.9518337,0.9511303,0.9542997,0.9533328,0.95271516,0.9501667,0.9508604,0.95278513,0.95470154,0.95397335,0.95298827
TRPM2,0.95344913,0.95458484,0.9563404,0.94934833,0.95365804,0.9561196,0.9510849,0.95396346,0.95392984,0.95464677,0.9532812,0.9524534,0.9519534,0.9540983,0.95010126,0.95561886,0.95224994,0.9512387,0.9523882,0.95567214,0.9583679,0.9539624,0.954052,0.9546493,0.9542279,0.9517712,0.952705,0.9563517,0.95027757,0.9530168,0.95328367,0.94995856,0.953851,0.95446765,0.95357615,0.94983983,0.96095556,0.95155644,0.9486854,0.95226943,0.95678127,0.94984096,0.95231664,0.95363486,0.95247555,0.9544063,0.95468056,0.9504616,0.9484328,0.95041704,0.9513898,0.95180726,0.9576885,0.9474344,0.953471,0.9536241,0.95027304,0.95547354,0.9531249,0.9572185,0.9537902,0.9522616,0.9525715,0.955408,0.9529808,0.95495147,0.95088625,0.95082617,0.95184475,0.95274025,0.9536781,0.95665586,0.95370936,0.9567251,0.9502314,0.9587198,0.9523607,0.9537832,0.9521537,0.95198756,0.952411,0.9510981,0.9527652,0.9551893,0.9999968,0.9479453,0.9516802,0.95310533,0.9531896,0.9508748,0.95239484,0.95424426,0.95453227,0.95193917,0.9515074,0.95123065,0.9559569,0.95435697,0.9537828,0.9525868
TRPV2,0.9504031,0.9502323,0.95507056,0.9581098,0.9530135,0.94984645,0.9499588,0.9492603,0.9521594,0.9506857,0.95202523,0.9536069,0.957449,0.9545624,0.9520464,0.9535386,0.9505797,0.95882696,0.96040905,0.94984776,0.94657564,0.954342,0.95003986,0.9540926,0.94936717,0.9549437,0.9487296,0.95118713,0.95323616,0.9527378,0.9509504,0.9548794,0.9503672,0.9501661,0.94698364,0.9481766,0.94897914,0.94980973,0.9500199,0.9540424,0.9468847,0.9506531,0.9503387,0.9486781,0.95136595,0.95100135,0.9546588,0.95610803,0.9538011,0.95638245,0.9529918,0.94960904,0.95217025,0.9573034,0.9505264,0.9496801,0.9529911,0.9548403,0.95014083,0.95223564,0.9534645,0.95219034,0.9548201,0.9519178,0.9517273,0.9530248,0.9568499,0.94977194,0.9577844,0.95711565,0.95327616,0.95009464,0.9503931,0.95354307,0.9529083,0.9496338,0.9492957,0.95036834,0.95585275,0.955175,0.9513674,0.9487106,0.95244086,0.9494668,0.9479453,1.0000123,0.95458126,0.952676,0.95164007,0.949476,0.95473677,0.94774735,0.95074594,0.95415354,0.95107055,0.9572176,0.9486934,0.95511776,0.9542715,0.9531763
TTC39B,0.95153856,0.95529205,0.953425,0.9523245,0.94915885,0.95146304,0.95141864,0.95272684,0.9539198,0.9527275,0.9502118,0.95205945,0.9534772,0.953425,0.94989324,0.95324945,0.9533311,0.9535618,0.9555018,0.95819414,0.9510143,0.95303136,0.9534718,0.9515628,0.95238525,0.95456743,0.9513983,0.9551026,0.95398813,0.95316726,0.9526917,0.9537039,0.95209926,0.9563078,0.9523288,0.9519728,0.95177126,0.95782065,0.9531142,0.9548839,0.94906014,0.95075727,0.95163906,0.95190984,0.94975686,0.9550064,0.9500661,0.95455545,0.95550436,0.9509275,0.9544062,0.95045286,0.95110905,0.95625794,0.9517622,0.9548858,0.9499959,0.9504614,0.9546904,0.9541527,0.95450366,0.95552826,0.9541835,0.9549689,0.95295346,0.9504608,0.95301837,0.9518269,0.9539135,0.95058346,0.9515104,0.9567512,0.9520522,0.9531351,0.95112437,0.9538044,0.9548886,0.9513509,0.9564123,0.95648956,0.9514609,0.9509579,0.95033514,0.9546374,0.9516802,0.95458126,1.0000024,0.9544754,0.95393133,0.9525178,0.9546878,0.95342696,0.95406246,0.95548034,0.95470566,0.9513383,0.95247763,0.9555731,0.9546066,0.9529245
TWIST1,0.9516426,0.9545492,0.95448285,0.9521662,0.9510669,0.9528633,0.9514463,0.954834,0.95352405,0.9551537,0.95187616,0.95596045,0.94902265,0.95169836,0.94989103,0.95348704,0.9550913,0.9510729,0.952923,0.95449054,0.952816,0.95269275,0.95463204,0.9519346,0.9543282,0.95278347,0.9527991,0.9561794,0.95494163,0.95409817,0.9546579,0.9507424,0.9558092,0.9533329,0.953354,0.9518445,0.95186496,0.95320004,0.95683414,0.94954556,0.9513829,0.9521992,0.9525956,0.953477,0.95157737,0.9570936,0.95083636,0.9534896,0.95098495,0.95491683,0.95419,0.95295286,0.9506757,0.954126,0.95419145,0.95277077,0.95050883,0.9587206,0.9539442,0.95552385,0.95668375,0.9531983,0.9530179,0.9522721,0.9559439,0.95082736,0.9533343,0.9539432,0.9526913,0.95382124,0.94972026,0.9523179,0.95708644,0.9531965,0.95283854,0.9554143,0.9535424,0.9561514,0.95269084,0.95124984,0.9557216,0.95188266,0.9517386,0.95230615,0.95310533,0.952676,0.9544754,1.0000106,0.95544213,0.95202655,0.9577956,0.9533655,0.9549208,0.95409536,0.95676565,0.95657754,0.9528867,0.95285803,0.9517172,0.9583619
VAMP2,0.952408,0.9549439,0.95313525,0.95189255,0.9511078,0.9535466,0.95218563,0.9543532,0.9563882,0.95549333,0.95309573,0.9550939,0.9501375,0.9521105,0.9499769,0.95415294,0.9531086,0.949889,0.95367223,0.955247,0.9515038,0.9506949,0.9545103,0.95161843,0.9534931,0.95202494,0.95416856,0.95741844,0.95396733,0.95408654,0.9564658,0.9504341,0.95306873,0.956918,0.9521732,0.9506709,0.95447177,0.952602,0.9526022,0.9511974,0.95550656,0.95368063,0.95275486,0.95469,0.95139974,0.9572336,0.9505035,0.9521337,0.9490267,0.9514393,0.95491165,0.9530573,0.9511667,0.9533663,0.9562863,0.95433646,0.9495229,0.95560455,0.9547064,0.9542546,0.9573438,0.95424044,0.95207006,0.9518602,0.95530283,0.9498957,0.95328784,0.95206267,0.95440394,0.95134395,0.95057225,0.95544076,0.9554301,0.9536703,0.95024985,0.95334464,0.9531799,0.9552709,0.95471036,0.9515928,0.95512754,0.9518037,0.9500126,0.95293736,0.9531896,0.95164007,0.95393133,0.95544213,1.0000107,0.955462,0.95381516,0.9557662,0.95783496,0.95339197,0.95447284,0.9538889,0.95582163,0.95266944,0.9518412,0.952825
ZDHHC5,0.95013815,0.95290065,0.9489133,0.9497767,0.94957036,0.9512447,0.95291924,0.95216906,0.95319927,0.9522599,0.95044196,0.95453733,0.94942266,0.9495501,0.9492763,0.9522209,0.9526343,0.9495927,0.95090896,0.9517284,0.9528534,0.95010024,0.9536121,0.94919753,0.94903255,0.9508548,0.9545933,0.95313966,0.955341,0.95214367,0.9553339,0.951177,0.95265394,0.95410484,0.9509463,0.9522927,0.9502021,0.95296514,0.95387304,0.9528986,0.9523144,0.95705163,0.9521202,0.9552935,0.949212,0.95287156,0.94932723,0.9501724,0.9508841,0.9494599,0.9533472,0.9555862,0.9494538,0.95164585,0.9562179,0.95566416,0.9493005,0.9510629,0.9528622,0.95222616,0.95304495,0.9520868,0.9510252,0.9529814,0.9560423,0.94874567,0.9530257,0.95224905,0.9512302,0.9492507,0.9505571,0.9520384,0.95492053,0.95044494,0.9513527,0.95221543,0.95371264,0.9527228,0.9514245,0.9509302,0.95350933,0.95307225,0.95033723,0.9518337,0.9508748,0.949476,0.9525178,0.95202655,0.955462,1.0000021,0.95150423,0.95363224,0.9534267,0.95037824,0.9545211,0.95143664,0.95466757,0.95114017,0.951179,0.9524943
ZFP14,0.9529791,0.9539314,0.95401186,0.9511056,0.9503671,0.95382845,0.953461,0.95481074,0.9503362,0.955933,0.9521764,0.95580816,0.94997454,0.9532763,0.9487252,0.951803,0.9553243,0.95143175,0.9510163,0.95152223,0.95106936,0.9512072,0.9551327,0.9535847,0.95387167,0.954712,0.9512819,0.9560989,0.95308304,0.9518851,0.953817,0.9517413,0.95599496,0.9553669,0.9530727,0.95321447,0.9510362,0.95181537,0.9556124,0.9509231,0.95072305,0.9521738,0.9512403,0.9527491,0.9511255,0.9558553,0.95123947,0.9544983,0.9546797,0.9550539,0.9554585,0.95232266,0.9504664,0.95518184,0.95240813,0.9524572,0.9505249,0.956742,0.95654315,0.9565181,0.9557153,0.9542746,0.9524013,0.9519816,0.95335126,0.9490562,0.95404434,0.95368314,0.95247865,0.9536955,0.9497674,0.95162344,0.9552218,0.9515871,0.9572025,0.95266616,0.95310295,0.95475185,0.9558153,0.95313966,0.95325166,0.953035,0.9503855,0.9511303,0.95239484,0.95473677,0.9546878,0.9577956,0.95381516,0.95150423,0.9999897,0.95447856,0.9539342,0.953842,0.9568978,0.95612717,0.9543054,0.95190847,0.95061475,0.9574585
ZGLP1,0.9515456,0.9535902,0.9519098,0.9490075,0.951611,0.95232254,0.9556907,0.954543,0.95476437,0.9517547,0.95292836,0.9534194,0.9461552,0.9512224,0.94920456,0.9535732,0.9529849,0.9486307,0.9510521,0.9546558,0.9537797,0.9498995,0.9580054,0.94788885,0.95288235,0.9519574,0.9542228,0.95689446,0.9510777,0.95015234,0.9533778,0.95308375,0.9586311,0.95465493,0.95699286,0.9559476,0.95387053,0.9507659,0.95256096,0.950739,0.95840406,0.95214254,0.9519369,0.9515456,0.94921696,0.95514274,0.94813347,0.94881046,0.9505896,0.9502634,0.9537819,0.9520827,0.95022357,0.9514956,0.9534345,0.95331824,0.94803375,0.9583916,0.95484746,0.95657885,0.95432514,0.9530643,0.95127124,0.9527881,0.95391035,0.94788456,0.9506276,0.9533233,0.95242953,0.94816893,0.9506151,0.95185775,0.95646715,0.95328736,0.9503153,0.95358664,0.95663965,0.9540223,0.95390326,0.9501462,0.9544698,0.9583637,0.95187235,0.9542997,0.95424426,0.94774735,0.95342696,0.9533655,0.9557662,0.95363224,0.95447856,0.9999917,0.9584531,0.95288664,0.9530992,0.95019317,0.9574518,0.9540496,0.95196027,0.95376426
ZNF10,0.95293766,0.9525936,0.9552355,0.94938034,0.95037115,0.9530443,0.9505886,0.9544517,0.95401126,0.95473474,0.9530737,0.9537597,0.9482471,0.9536008,0.94952273,0.9554381,0.9538953,0.94877136,0.9509698,0.9573277,0.9529408,0.9483571,0.9562113,0.95005804,0.9529449,0.9517041,0.9531259,0.9615755,0.9535467,0.9544958,0.9553205,0.9486867,0.95604694,0.9556296,0.95271087,0.95051306,0.95482016,0.95011497,0.9518578,0.94918483,0.9551073,0.9521433,0.95281583,0.9516214,0.95175207,0.95831007,0.95066935,0.94855046,0.9461401,0.953212,0.95441914,0.9513479,0.9511694,0.9506736,0.95627594,0.9536878,0.948408,0.9576126,0.955406,0.95502883,0.95747405,0.9536185,0.9526583,0.95359385,0.95367855,0.9503033,0.95157135,0.951238,0.952034,0.95107013,0.9509165,0.95424044,0.9567725,0.9547838,0.94869334,0.9556901,0.95409846,0.95397395,0.9537244,0.95124054,0.9545517,0.9537107,0.949996,0.9533328,0.95453227,0.95074594,0.95406246,0.9549208,0.95783496,0.9534267,0.9539342,0.9584531,0.99998623,0.95603687,0.9532398,0.9537112,0.9583337,0.95345974,0.95276237,0.95149446
ZNF235,0.95327586,0.95070034,0.9585297,0.9515454,0.9523431,0.94884396,0.948622,0.95173895,0.95281583,0.95444226,0.9569465,0.9516734,0.9496802,0.95691943,0.952598,0.9569522,0.95205027,0.9533949,0.95365155,0.9551132,0.94768286,0.9496387,0.9542401,0.9537975,0.95435476,0.9514659,0.94922364,0.95653754,0.9542831,0.95522267,0.95313394,0.94617,0.95035225,0.95349944,0.9505739,0.9469298,0.95523036,0.9495982,0.94898325,0.9494119,0.9508834,0.9502754,0.9524497,0.95120686,0.95460486,0.9528641,0.9535983,0.9500304,0.9451398,0.95208997,0.95356566,0.9502715,0.95528084,0.9521684,0.9515283,0.94806176,0.9530967,0.9543971,0.9524447,0.95010924,0.9558117,0.9513193,0.9549353,0.95345014,0.9499421,0.9575967,0.95091826,0.9481478,0.9556695,0.9551032,0.956237,0.9537765,0.95125973,0.95683795,0.94832265,0.95506793,0.94950765,0.9515596,0.95438874,0.9509179,0.9540834,0.94971013,0.9503405,0.95271516,0.95193917,0.95415354,0.95548034,0.95409536,0.95339197,0.95037824,0.953842,0.95288664,0.95603687,0.9999935,0.9528739,0.95453805,0.95190907,0.9565438,0.95362175,0.95075655
ZNF285,0.9520417,0.95506805,0.9503311,0.951989,0.95004576,0.95187294,0.9537789,0.95255256,0.952949,0.9565713,0.94941825,0.95592356,0.9506501,0.95091224,0.947927,0.9512155,0.9539008,0.95212424,0.952725,0.95360684,0.9529173,0.95255166,0.9544877,0.9519859,0.9535041,0.95455796,0.9532476,0.9544836,0.9540435,0.9538854,0.95477754,0.9521107,0.95239866,0.9551903,0.9505056,0.95256996,0.9486236,0.9559968,0.9556903,0.95204556,0.95014495,0.9535291,0.9528385,0.95434886,0.94969505,0.9533227,0.9507715,0.9537642,0.9533544,0.9526942,0.95461637,0.9534051,0.9497666,0.95554006,0.95319504,0.9545782,0.94958293,0.95115113,0.95376986,0.9544614,0.95574486,0.95485234,0.9530497,0.9522685,0.95386636,0.9485904,0.95531696,0.9536986,0.9519752,0.9518168,0.9497794,0.9520762,0.9550236,0.95016986,0.9548021,0.95397127,0.95452446,0.9549498,0.95520663,0.95051795,0.95410377,0.95137745,0.94915295,0.9501667,0.9515074,0.95107055,0.95470566,0.95676565,0.95447284,0.9545211,0.9568978,0.9530992,0.9532398,0.9528739,1.0000091,0.9560486,0.95164037,0.95142454,0.9499829,0.9578114
ZNF473,0.95151144,0.9539123,0.9543209,0.9554158,0.95086133,0.9507326,0.9519958,0.95071507,0.950066,0.95713687,0.9525627,0.95389134,0.95166665,0.9536198,0.95176977,0.9562165,0.9516805,0.9528587,0.9539921,0.9497396,0.94807184,0.9521301,0.9499311,0.9547483,0.95411485,0.9562704,0.951238,0.95366955,0.95410454,0.9540055,0.95271635,0.9492701,0.9514667,0.95013666,0.9464171,0.94747543,0.9492509,0.95093423,0.95273685,0.9501158,0.95098585,0.95086277,0.9510469,0.9528002,0.95227736,0.95244396,0.9533913,0.9549394,0.9475347,0.9551083,0.95437497,0.95190454,0.9522861,0.95335084,0.95346403,0.9496713,0.9501697,0.95778704,0.9539941,0.95158625,0.9553176,0.9522454,0.9540607,0.9514662,0.95120156,0.95121604,0.9563203,0.95125854,0.9541548,0.95741326,0.9524294,0.9527665,0.95219684,0.9529751,0.95443195,0.954201,0.9481955,0.9537541,0.95358896,0.9521876,0.95286,0.9507775,0.9513918,0.9508604,0.95123065,0.9572176,0.9513383,0.95657754,0.9538889,0.95143664,0.95612717,0.95019317,0.9537112,0.95453805,0.9560486,1.000002,0.9496095,0.9516362,0.9514902,0.954749
ZNF534,0.9531447,0.95505524,0.9510424,0.9481364,0.95075035,0.9565638,0.9513569,0.9542275,0.9541721,0.95230603,0.9515405,0.9514345,0.95031077,0.9514117,0.9501211,0.95239323,0.95239913,0.94715273,0.9536783,0.95298177,0.9551304,0.9495575,0.95499337,0.94832087,0.9528025,0.94854206,0.9531317,0.9575289,0.9529905,0.95036775,0.95418566,0.95251477,0.9564648,0.95601934,0.95476174,0.9548601,0.95408654,0.9521694,0.95136005,0.9541311,0.95739233,0.95266515,0.95226014,0.95087916,0.9504185,0.9537925,0.94845337,0.9490054,0.95104665,0.94987464,0.95459294,0.952577,0.95184106,0.953276,0.9544894,0.9568786,0.94937694,0.95575017,0.95288986,0.953972,0.9550982,0.95234984,0.9528471,0.95186937,0.95410657,0.9487264,0.95039374,0.9533708,0.952196,0.9485641,0.950431,0.9551276,0.95418155,0.9526334,0.9511064,0.95236015,0.9549409,0.95411557,0.95404506,0.95238274,0.95177156,0.95369667,0.95185244,0.95278513,0.9559569,0.9486934,0.95247763,0.9528867,0.95582163,0.95466757,0.9543054,0.9574518,0.9583337,0.95190907,0.95164037,0.9496095,0.999996,0.95133424,0.95304006,0.95089746
ZNF583,0.9512166,0.9520068,0.95720464,0.9516918,0.95261383,0.94991565,0.9489712,0.9464831,0.95319635,0.9503489,0.95401084,0.9537856,0.95305514,0.9561142,0.95152104,0.9568728,0.95045555,0.95576274,0.95657873,0.9562747,0.950744,0.9569661,0.95036036,0.95136756,0.95049244,0.9550003,0.9481249,0.9541605,0.95270014,0.9533702,0.9523354,0.9496815,0.9507705,0.95229125,0.9486013,0.947828,0.9578378,0.9519914,0.9489747,0.9585248,0.9524671,0.95152843,0.9503936,0.94987667,0.9508267,0.95398915,0.95455754,0.9515178,0.94972336,0.9471788,0.9520147,0.9508785,0.95490724,0.95209754,0.9504845,0.95359695,0.95135754,0.9557077,0.94974154,0.9523071,0.95656866,0.9569332,0.9569243,0.95917857,0.948213,0.95652145,0.9511847,0.94731677,0.9560056,0.955785,0.9551872,0.9551119,0.94805866,0.95898366,0.9483418,0.9551929,0.9524298,0.94813335,0.953859,0.95495903,0.951797,0.9483467,0.9505962,0.95470154,0.95435697,0.95511776,0.9555731,0.95285803,0.95266944,0.95114017,0.95190847,0.9540496,0.95345974,0.9565438,0.95142454,0.9516362,0.95133424,1.000005,0.95712036,0.9505557
ZNF687,0.9496339,0.9517766,0.95584935,0.9592774,0.95657665,0.95350295,0.95275235,0.950849,0.9535744,0.949734,0.95572543,0.95033085,0.95692384,0.95542413,0.9567623,0.9549564,0.9509126,0.95239687,0.9583434,0.9525681,0.9517343,0.9536305,0.9496659,0.9488538,0.9488303,0.9500922,0.9504481,0.9533186,0.9526145,0.94997454,0.9521372,0.9519565,0.9500079,0.9507869,0.95170534,0.951196,0.9535242,0.9540288,0.950197,0.9577413,0.952329,0.9505027,0.9516325,0.9485599,0.9516093,0.9527414,0.9556892,0.95351076,0.95352644,0.94987863,0.9508152,0.95157325,0.955073,0.95637786,0.9516478,0.95369756,0.95471287,0.9519576,0.94916177,0.9517932,0.9529675,0.9529036,0.9560649,0.9532386,0.9524852,0.9567132,0.95153797,0.94775355,0.95653576,0.9522287,0.9561448,0.9560467,0.950298,0.954941,0.94791293,0.95088196,0.95063853,0.9503753,0.95552474,0.95675117,0.95073545,0.9467895,0.9547164,0.95397335,0.9537828,0.9542715,0.9546066,0.9517172,0.9518412,0.951179,0.95061475,0.95196027,0.95276237,0.95362175,0.9499829,0.9514902,0.95304006,0.95712036,0.99999106,0.9493854
ZNF880,0.95131487,0.9544985,0.9504633,0.95077467,0.9507057,0.9513303,0.95402557,0.95359665,0.95414084,0.9574009,0.9504349,0.95661294,0.95144784,0.95140904,0.9497944,0.9518616,0.9547314,0.95275784,0.95354503,0.95519924,0.9556269,0.95338243,0.95336336,0.95469487,0.95270544,0.95585424,0.9565865,0.9531439,0.9515154,0.9535778,0.9537078,0.95337135,0.9554065,0.9544745,0.9526324,0.95354843,0.94900733,0.9558332,0.95560586,0.9498601,0.95049727,0.952052,0.95166075,0.95440716,0.95008874,0.95519704,0.9510588,0.9555048,0.95249575,0.95547813,0.9541515,0.9535039,0.9500239,0.9510459,0.9522458,0.95289665,0.9517776,0.95331174,0.9562576,0.955719,0.9542539,0.9548309,0.95259476,0.95123726,0.9545011,0.9497193,0.9555906,0.95356154,0.9509125,0.9543829,0.9493854,0.95238006,0.95508826,0.9504961,0.9561262,0.9543239,0.9568737,0.95383793,0.95416236,0.951887,0.95468163,0.95185965,0.9497682,0.95298827,0.9525868,0.9531763,0.9529245,0.9583619,0.952825,0.9524943,0.9574585,0.95376426,0.95149446,0.95075655,0.9578114,0.954749,0.95089746,0.9505557,0.9493854,0.9999932
