,ATF7IP2,ATP10D,ATP6V1E2,BACH2,BBS10,BEND3,BRD7,BTLA,C10orf105,C11orf1,CA1,CCPG1,CD8A,CDK10,CLIC5,CREBZF,CYB5R1,DMRT1,DYRK4,EFHD1,EHF,EHMT1,EML5,FAM208A,FAM229B,GALT,GLI3,HES5,HIST1H4I,HLA-DQA2,HSPA4,HSPH1,IL17F,KDELR2,KLF13,KLHL29,KLRG1,KRTCAP2,LBHD1,LCMT2,LRP6,LRRC37A3,LYST,MAP3K9,MAPK8,MEFV,METAP1,MGA,MICA,MOSMO,MT3,NDST1,NNAT,OPTN,ORM2,P3H3,PEX10,PIP,POMK,POU2F3,RAB30,RAMP1,RASD2,RBMS1,RCBTB1,RPS6KA1,S100P,SAMHD1,SFMBT2,SFN,SFXN4,SH3KBP1,SIT1,SLC25A33,SLC25A53,SLC38A7,SPATA2,SUMF1,THYN1,TMEM229B,TMEM25,TP53,TRIT1,TRMT10A,TRPM2,TRPV2,TTC39B,TWIST1,VAMP2,ZDHHC5,ZFP14,ZGLP1,ZNF10,ZNF235,ZNF285,ZNF473,ZNF534,ZNF583,ZNF687,ZNF880
ATF7IP2,1.0000014,0.95296806,0.95316845,0.94876784,0.95134664,0.951631,0.9492192,0.9534893,0.950436,0.9550117,0.9531393,0.9508571,0.9501243,0.9534225,0.94911736,0.95338094,0.9522472,0.9505082,0.9494125,0.9554397,0.9529771,0.9507085,0.95290345,0.9560613,0.95516247,0.9512323,0.9530492,0.9514519,0.95030284,0.95394874,0.95220405,0.94858783,0.9502415,0.9530964,0.95104206,0.94879967,0.95309204,0.9499586,0.95088947,0.94992656,0.95165414,0.95055175,0.9504992,0.9527861,0.95211864,0.9527667,0.9521644,0.95161057,0.9479653,0.9484391,0.95256394,0.9510194,0.95324826,0.9506249,0.95250905,0.9502597,0.9505325,0.9515414,0.954681,0.9524535,0.9525399,0.9521784,0.9516815,0.953333,0.9504534,0.9529365,0.9517504,0.9508759,0.95009464,0.95191175,0.95150983,0.9540212,0.9510904,0.9529368,0.9516779,0.9555329,0.9519606,0.9528,0.9528313,0.9491956,0.95270264,0.9514679,0.95006835,0.9541066,0.9534493,0.95039606,0.9515313,0.95163107,0.9523945,0.9501308,0.95297396,0.95154774,0.952945,0.9532761,0.9520278,0.9515046,0.9531472,0.95120394,0.94963264,0.9513092
ATP10D,0.95296806,0.9999982,0.95192856,0.9512209,0.9514517,0.954931,0.9517857,0.95292544,0.95639306,0.9561752,0.95097816,0.9537172,0.9504113,0.951642,0.9487092,0.9531054,0.95403403,0.9509355,0.9522418,0.9553883,0.95530313,0.9527823,0.9536171,0.9528285,0.95481944,0.9540495,0.9559511,0.9569435,0.95264643,0.9542897,0.95485115,0.9525573,0.95217425,0.9543484,0.95138085,0.95176643,0.95213425,0.9538197,0.9540523,0.9542459,0.9538183,0.9508201,0.9513364,0.9536416,0.9496713,0.95498776,0.9510826,0.95315135,0.9517362,0.9527391,0.9543045,0.95208585,0.9504516,0.9517625,0.9536085,0.9531296,0.9499597,0.95196056,0.9555772,0.95280814,0.95434093,0.9541482,0.95435846,0.9534332,0.9546368,0.94974893,0.9574412,0.9533577,0.9509241,0.9522306,0.9533689,0.9553369,0.9536126,0.952084,0.95247823,0.95522064,0.9540283,0.952625,0.9537922,0.9528451,0.95373285,0.9524282,0.95076466,0.9523349,0.95458364,0.95022357,0.95528376,0.9545346,0.95492935,0.95289224,0.95392525,0.9535912,0.9525995,0.9506986,0.9550532,0.95390373,0.95505667,0.95199084,0.95177394,0.9544915
ATP6V1E2,0.95316845,0.95192856,1.0000033,0.95387435,0.95737207,0.9514989,0.94782734,0.95218825,0.9524108,0.9543186,0.9597838,0.95054966,0.95220125,0.9615484,0.9534284,0.9571359,0.9516492,0.9548685,0.9568015,0.9563564,0.9515344,0.9523693,0.95166343,0.9567658,0.95468116,0.95038176,0.9499371,0.95582217,0.95288604,0.95513994,0.95210767,0.94733346,0.95093733,0.95310354,0.9511206,0.9443998,0.95913905,0.94802386,0.9471288,0.94900644,0.9547858,0.949394,0.95210505,0.9504818,0.95502794,0.95444125,0.95896125,0.95078087,0.94613224,0.95274574,0.9510391,0.9495322,0.9607117,0.9514209,0.9520172,0.94864976,0.9542795,0.95654124,0.9527691,0.9539145,0.95501196,0.95140004,0.9535892,0.95246494,0.950517,0.96115476,0.95143086,0.9476898,0.95678896,0.9583251,0.95545626,0.95516473,0.95203626,0.96139234,0.94675004,0.955734,0.9495439,0.951419,0.95264953,0.95231557,0.9530704,0.9477186,0.95165944,0.95308024,0.9563468,0.9550691,0.95342386,0.95447487,0.9531284,0.94891185,0.9540129,0.951918,0.9552492,0.9585366,0.950323,0.9543196,0.9510505,0.95719624,0.95585454,0.9504638
BACH2,0.94876784,0.9512209,0.95387435,1.0000057,0.9586681,0.9532515,0.952953,0.95049363,0.9515432,0.950548,0.9529304,0.9507653,0.9583007,0.95420825,0.95647395,0.95326525,0.95183647,0.95359737,0.95847875,0.94856906,0.9486187,0.95340765,0.94934577,0.9542065,0.9502523,0.95342624,0.9506077,0.950873,0.9514453,0.94893295,0.94896555,0.952617,0.9500577,0.9481305,0.95090646,0.94950926,0.9494211,0.95454973,0.9525773,0.95417094,0.95074165,0.9501003,0.95062745,0.9490357,0.9512773,0.94881755,0.95700234,0.9531694,0.9564452,0.9574889,0.94992673,0.9511404,0.9536428,0.95699763,0.9511349,0.95072156,0.95396924,0.9510781,0.9492943,0.95217264,0.9505231,0.95066524,0.95367897,0.94693714,0.9538222,0.9550282,0.9527154,0.94936156,0.9590206,0.954497,0.95472765,0.9502896,0.9484867,0.9517741,0.95133966,0.94902885,0.948518,0.9515949,0.9548411,0.9544837,0.95106447,0.9471978,0.9576406,0.9506179,0.94935435,0.95822006,0.9524351,0.95227045,0.95178014,0.94977605,0.9511073,0.9489066,0.949394,0.95155144,0.9519818,0.9555259,0.9480362,0.9517944,0.95917886,0.9507755
BBS10,0.95134664,0.9514517,0.95737207,0.9586681,1.0000104,0.95305115,0.95078784,0.95083517,0.9516399,0.9528866,0.9594076,0.95072675,0.9560373,0.9603228,0.95994085,0.95569944,0.9512574,0.95491976,0.9549233,0.9512829,0.9513015,0.9539094,0.9515069,0.9548634,0.95282656,0.95077544,0.9514594,0.9511349,0.94967556,0.951522,0.94938135,0.94850165,0.94921577,0.95009935,0.95228904,0.94560957,0.9592856,0.9517853,0.9481782,0.950825,0.95772827,0.94817,0.951123,0.9499669,0.95465076,0.9514293,0.9589202,0.95101386,0.9476331,0.95390964,0.950346,0.95041543,0.9622509,0.94990194,0.95059633,0.95042056,0.9554729,0.95312643,0.95040536,0.9503767,0.9508195,0.94881123,0.9522785,0.9496616,0.9504243,0.9636807,0.9508083,0.944154,0.95686615,0.95471364,0.957542,0.953623,0.95078063,0.95714414,0.9488659,0.95267755,0.95080507,0.95195603,0.9524845,0.9525016,0.9511777,0.9437036,0.95488274,0.95157814,0.95366883,0.95301646,0.94916224,0.95106226,0.9511051,0.94957376,0.950373,0.9516245,0.9503895,0.9523539,0.9500426,0.9508648,0.9507638,0.95260894,0.9565865,0.9507105
BEND3,0.951631,0.954931,0.9514989,0.9532515,0.95305115,0.9999896,0.9517743,0.95540714,0.95379937,0.95139474,0.95150506,0.94977903,0.9539319,0.95199925,0.95041656,0.95069665,0.9531905,0.9493757,0.95200884,0.9528266,0.9548812,0.9523362,0.95267886,0.95217395,0.9570462,0.9528831,0.953907,0.95330834,0.9519606,0.94890684,0.9510954,0.9544689,0.9525333,0.9536958,0.95758957,0.95524186,0.9534818,0.95546496,0.95274836,0.955204,0.9562676,0.9510183,0.9517121,0.9518319,0.95089763,0.95511955,0.95171714,0.9503498,0.9566734,0.9540243,0.9515194,0.9509954,0.9505677,0.95496327,0.9539063,0.9546082,0.9508775,0.9541124,0.95305985,0.9577406,0.9521733,0.9521357,0.95232403,0.94982976,0.9546916,0.94923395,0.9512718,0.9533913,0.9523707,0.9496831,0.9505373,0.95456886,0.955024,0.9519525,0.952056,0.95180637,0.9538315,0.954762,0.95327187,0.9538949,0.95132315,0.95170707,0.9566148,0.9517544,0.9561259,0.9497391,0.95135593,0.95275164,0.95363486,0.9512424,0.9538223,0.95242196,0.9530536,0.9488499,0.9518589,0.9506253,0.95666426,0.94980264,0.9535072,0.95132643
BRD7,0.9492192,0.9517857,0.94782734,0.952953,0.95078784,0.9517743,1.0000056,0.9514687,0.9516867,0.951539,0.95026195,0.95149606,0.9512459,0.94921446,0.9517623,0.9483247,0.9525879,0.95031965,0.9512629,0.9506123,0.95367527,0.9533603,0.95173705,0.94922316,0.94878286,0.95338285,0.9537234,0.9498601,0.95183235,0.94861746,0.9517608,0.95386857,0.95357656,0.9522163,0.9543917,0.955922,0.9485467,0.9534562,0.95449066,0.95463204,0.95287156,0.952655,0.95016,0.9513682,0.95019865,0.9504803,0.9490782,0.95277095,0.9573372,0.9523928,0.953094,0.9531804,0.949608,0.95375293,0.9514149,0.95462406,0.9514573,0.9495808,0.9507539,0.95477676,0.95020103,0.9536817,0.95099634,0.9497571,0.9525196,0.9486046,0.9513684,0.95133007,0.9507093,0.9499908,0.9506607,0.95055664,0.9510822,0.9478932,0.9538727,0.94936997,0.9533814,0.95160353,0.95166045,0.95195293,0.950785,0.9520299,0.95272267,0.9517222,0.9510821,0.94994926,0.9514092,0.95144415,0.9520674,0.95290923,0.95345265,0.9556892,0.95059323,0.948619,0.95376223,0.95198625,0.95135564,0.9489678,0.9527482,0.9540169
BTLA,0.9534893,0.95292544,0.95218825,0.95049363,0.95083517,0.95540714,0.9514687,0.9999908,0.9509975,0.95219356,0.95091105,0.95281804,0.94818336,0.95057786,0.9489515,0.9508297,0.95658493,0.9480029,0.9484845,0.95190597,0.95293844,0.9486258,0.9578739,0.9517178,0.9555485,0.9490081,0.9545871,0.9550034,0.9519762,0.95240384,0.9541544,0.95230657,0.9548173,0.9548269,0.95767796,0.953685,0.95047355,0.95376104,0.9552307,0.9484591,0.9518523,0.9517636,0.9530477,0.9543406,0.9516309,0.95536524,0.9496192,0.94892,0.95096797,0.95367444,0.9529188,0.95169526,0.94898635,0.9516183,0.954247,0.95269626,0.94923425,0.9553724,0.953987,0.95541286,0.9535836,0.9498835,0.9517876,0.9493776,0.95428705,0.94892436,0.9515915,0.9546207,0.9511999,0.94977295,0.94880134,0.95264983,0.95684934,0.95122355,0.95200014,0.95257777,0.95439374,0.9546894,0.9504777,0.95097196,0.95305365,0.95329714,0.953731,0.95083505,0.95406085,0.9490555,0.95261765,0.9547187,0.954438,0.9521624,0.95480615,0.95464796,0.9544598,0.9517393,0.9524449,0.95060515,0.95442736,0.94636804,0.95084804,0.9535916
C10orf105,0.950436,0.95639306,0.9524108,0.9515432,0.9516399,0.95379937,0.9516867,0.9509975,0.99999297,0.9520019,0.95239055,0.9507748,0.95412767,0.9522973,0.94996464,0.9531636,0.95197374,0.95223755,0.9573945,0.95562893,0.95495844,0.9516384,0.9504708,0.9512169,0.95329046,0.94979954,0.9542915,0.95411146,0.95183116,0.95175725,0.95143133,0.952658,0.95122904,0.95484084,0.95391876,0.95306814,0.95179856,0.9550215,0.95193833,0.955163,0.9530587,0.9503668,0.9506684,0.9510853,0.94987077,0.9527062,0.9512332,0.9541341,0.95113415,0.94982296,0.95034003,0.9517886,0.9514961,0.955528,0.9523966,0.9545686,0.9501806,0.95117974,0.95233977,0.95390075,0.95434666,0.9539134,0.95432043,0.9520736,0.95259446,0.9500597,0.9527698,0.95196664,0.9541409,0.9519392,0.9538958,0.9566031,0.9511457,0.952467,0.9523344,0.95419073,0.9549884,0.9509426,0.95817095,0.95447224,0.9533027,0.95158964,0.9500645,0.9525241,0.953932,0.95215404,0.9539146,0.9535154,0.9563768,0.95319426,0.95033294,0.95476854,0.95402074,0.95281774,0.95293665,0.9500608,0.9541767,0.9531874,0.9535749,0.954137
C11orf1,0.9550117,0.9561752,0.9543186,0.950548,0.9528866,0.95139474,0.951539,0.95219356,0.9520019,0.9999927,0.95288116,0.9552495,0.9500475,0.9528274,0.9496186,0.9568268,0.95320153,0.95153224,0.949789,0.95352334,0.95251954,0.9522402,0.953251,0.9579369,0.95460093,0.9549718,0.9528406,0.9554903,0.95338875,0.95616823,0.95436245,0.9500867,0.9498937,0.9558717,0.9468128,0.9489245,0.95025635,0.9512952,0.9524301,0.95045567,0.95414996,0.95223224,0.95208216,0.9555437,0.95010626,0.95357615,0.951929,0.9523854,0.9469975,0.95431393,0.95362824,0.9516105,0.9526006,0.9513437,0.9557339,0.9522244,0.9506942,0.952915,0.9561882,0.952016,0.9551314,0.9538177,0.9532727,0.95156515,0.9536081,0.95059675,0.9555771,0.95187986,0.9511212,0.9550989,0.95156074,0.9560501,0.95500016,0.9525058,0.9527856,0.9568674,0.9516761,0.95613897,0.95499724,0.9512437,0.9524573,0.9520091,0.947439,0.9526398,0.95464903,0.95068055,0.9527225,0.9551451,0.9553846,0.9522543,0.9559302,0.95175856,0.9547442,0.95444405,0.95655924,0.9571318,0.9523102,0.95033956,0.9497339,0.95730376
CA1,0.9531393,0.95097816,0.9597838,0.9529304,0.9594076,0.95150506,0.95026195,0.95091105,0.95239055,0.95288116,0.9999899,0.9501135,0.951344,0.95939076,0.96351737,0.95721906,0.95030326,0.9512034,0.95339584,0.95251215,0.950424,0.9499805,0.95153433,0.95329297,0.95217055,0.9510017,0.95033824,0.95288277,0.950701,0.95327836,0.95152944,0.9435748,0.95071834,0.9518163,0.9502059,0.9455197,0.9584119,0.9485253,0.94913095,0.9497073,0.9528413,0.94920504,0.950521,0.9505131,0.9570262,0.95245016,0.95481557,0.9489969,0.94575197,0.950983,0.9513716,0.9498882,0.96157336,0.9505727,0.95270085,0.9501579,0.95703536,0.95509934,0.95184934,0.9515014,0.953266,0.95152044,0.9526504,0.95173734,0.9496278,0.96411115,0.9501727,0.9432578,0.9555417,0.9554943,0.9596101,0.9533386,0.9514232,0.9566486,0.94925094,0.9545182,0.94967943,0.9514991,0.95168656,0.9512145,0.95106554,0.9488887,0.9513496,0.95429444,0.95327425,0.95201004,0.9501969,0.9518534,0.9530751,0.9504275,0.9521643,0.9529234,0.9530742,0.9569395,0.9493971,0.9525482,0.9515352,0.9539875,0.9557173,0.95042163
CCPG1,0.9508571,0.9537172,0.95054966,0.9507653,0.95072675,0.94977903,0.95149606,0.95281804,0.9507748,0.9552495,0.9501135,0.9999956,0.9504492,0.95083606,0.94968,0.9538685,0.952749,0.9519571,0.95219105,0.95293194,0.9528706,0.9526267,0.9542779,0.95249045,0.95257086,0.9540935,0.95519245,0.9544128,0.9541557,0.95382035,0.954883,0.951543,0.95356005,0.95402086,0.9505737,0.9508574,0.95089537,0.953111,0.9520448,0.9496416,0.9521767,0.9545582,0.95259756,0.9547768,0.9480438,0.9544483,0.9502022,0.9525475,0.9503016,0.9533682,0.9534297,0.9542246,0.94968647,0.9504979,0.9549739,0.95249265,0.94982827,0.9557841,0.95283717,0.95242304,0.9556333,0.9550288,0.9524872,0.9538977,0.95525074,0.9497957,0.95553935,0.9547215,0.95317286,0.952669,0.9506956,0.9508474,0.9559018,0.9524252,0.9518349,0.9542815,0.95482934,0.9542521,0.95384943,0.9494167,0.9549818,0.95218325,0.94926953,0.95080227,0.9524478,0.95359457,0.9520471,0.9559494,0.95507544,0.9544296,0.95579827,0.95341563,0.95376205,0.9516677,0.95590436,0.9538791,0.951431,0.95377326,0.95032394,0.95650786
CD8A,0.9501243,0.9504113,0.95220125,0.9583007,0.9560373,0.9539319,0.9512459,0.94818336,0.95412767,0.9500475,0.951344,0.9504492,1.0000098,0.95435417,0.95632565,0.9524056,0.9493542,0.95679796,0.9589713,0.9493849,0.95038885,0.9536105,0.9467793,0.95359606,0.9494971,0.9543072,0.95042235,0.94880855,0.9512009,0.9498411,0.94865686,0.9551547,0.94666946,0.94865584,0.9508189,0.94959223,0.95129395,0.9556112,0.9504405,0.95803636,0.9514668,0.9500685,0.9497029,0.9496822,0.95207024,0.9494872,0.95646596,0.95597863,0.95495164,0.95389146,0.9500046,0.95055354,0.95521015,0.95557547,0.9492165,0.9537188,0.95681006,0.94922656,0.949179,0.95048344,0.9489292,0.9521785,0.9557854,0.9509592,0.95079434,0.9553463,0.9526756,0.9461724,0.95580417,0.95490116,0.9550582,0.9547945,0.9482185,0.95369333,0.95127165,0.94984525,0.950747,0.94910324,0.9549841,0.9586495,0.9497117,0.94198143,0.95335865,0.9529738,0.9519639,0.95745206,0.95348084,0.94901854,0.9501351,0.94942594,0.9499804,0.94616824,0.9482654,0.94969106,0.950647,0.95167005,0.9503242,0.95305043,0.95693403,0.95145327
CDK10,0.9534225,0.951642,0.9615484,0.95420825,0.9603228,0.95199925,0.94921446,0.95057786,0.9522973,0.9528274,0.95939076,0.95083606,0.95435417,1.0000125,0.95818305,0.9578462,0.9513962,0.95642823,0.9570749,0.95479554,0.950969,0.9532631,0.95151466,0.9559495,0.95360154,0.95149076,0.95029,0.95393157,0.9517304,0.95605356,0.9510275,0.9477069,0.9506469,0.9532487,0.948982,0.94411945,0.9596668,0.9509465,0.9470413,0.9512443,0.95112586,0.9500957,0.95157117,0.9505225,0.9557641,0.9541637,0.95818436,0.9521002,0.9476687,0.95246494,0.9515164,0.9501592,0.9629703,0.95277846,0.9524248,0.9498776,0.95420676,0.9547043,0.9512496,0.9528285,0.95337373,0.95235,0.953626,0.95304036,0.9507516,0.96366537,0.952761,0.9457566,0.9583923,0.9583332,0.95757556,0.95525014,0.9510305,0.96094364,0.9502279,0.954782,0.95112365,0.9510202,0.9547155,0.9529452,0.95034957,0.94523066,0.9514066,0.95324284,0.9541099,0.9545664,0.9534292,0.95169497,0.952109,0.9495538,0.9532831,0.9512362,0.9536202,0.95693135,0.9509097,0.95362383,0.9514255,0.9561105,0.95543456,0.9514146
CLIC5,0.94911736,0.9487092,0.9534284,0.95647395,0.95994085,0.95041656,0.9517623,0.9489515,0.94996464,0.9496186,0.96351737,0.94968,0.95632565,0.95818305,0.99999344,0.9537958,0.9498935,0.95230466,0.9553437,0.94929963,0.9491087,0.9507831,0.94944715,0.9512852,0.94970155,0.9507951,0.9485853,0.9493549,0.94984967,0.94959354,0.94970113,0.9438646,0.94860244,0.94883156,0.9488977,0.94495213,0.95496255,0.9509204,0.9498559,0.9525031,0.9506196,0.9492373,0.95009506,0.94832647,0.9579524,0.94926596,0.95346355,0.95106304,0.9492528,0.95130897,0.9494796,0.9506565,0.9594155,0.9520178,0.949622,0.9502701,0.96099985,0.950873,0.94823515,0.9485506,0.9495887,0.94961584,0.9530556,0.94914454,0.9497893,0.9651567,0.94941086,0.94110125,0.9551614,0.9533875,0.9615383,0.951288,0.94918215,0.9545918,0.94912493,0.94926965,0.9476967,0.9498367,0.95121753,0.9499984,0.94976306,0.9435487,0.9544713,0.9544896,0.950101,0.9520384,0.9498861,0.9498745,0.9500625,0.9492685,0.94872,0.94920725,0.94952977,0.9525978,0.9479127,0.9517626,0.95023143,0.95150423,0.9567615,0.94978845
CREBZF,0.95338094,0.9531054,0.9571359,0.95326525,0.95569944,0.95069665,0.9483247,0.9508297,0.9531636,0.9568268,0.95721906,0.9538685,0.9524056,0.9578462,0.9537958,1.000009,0.9521066,0.9543594,0.95489305,0.9526185,0.95147604,0.95331115,0.95188504,0.9543201,0.9515382,0.9530151,0.9497909,0.956223,0.95331556,0.9562598,0.95128983,0.94724613,0.94983464,0.9549751,0.9488163,0.9444304,0.95860803,0.95079213,0.9471556,0.95183116,0.9550619,0.95148677,0.95289695,0.9517001,0.9535902,0.9542292,0.95560306,0.9506317,0.94396293,0.95058435,0.9533308,0.95053166,0.95831054,0.95053005,0.9530086,0.950294,0.9512821,0.9543783,0.9532866,0.95097154,0.95613563,0.95351887,0.955568,0.95302427,0.95090795,0.9590939,0.9539566,0.94809103,0.9569254,0.95664763,0.9555381,0.95526004,0.95178145,0.95988137,0.9498333,0.9576303,0.9500514,0.95346147,0.9545788,0.9528258,0.9522797,0.94959956,0.9496212,0.95344996,0.9556246,0.9536481,0.95335877,0.95359063,0.9540397,0.952219,0.95190996,0.95347065,0.9554508,0.9569578,0.9512066,0.95632553,0.9522917,0.9569741,0.9549602,0.95186114
CYB5R1,0.9522472,0.95403403,0.9516492,0.95183647,0.9512574,0.9531905,0.9525879,0.95658493,0.95197374,0.95320153,0.95030326,0.952749,0.9493542,0.9513962,0.9498935,0.9521066,0.9999949,0.95128477,0.95089906,0.9522772,0.95210624,0.9516685,0.95604056,0.9507578,0.952367,0.9514916,0.9541756,0.95497775,0.951408,0.9529084,0.954114,0.9519773,0.95417815,0.95453084,0.952765,0.9524466,0.9513716,0.9542258,0.9546308,0.95167583,0.9520987,0.95275325,0.95354784,0.952961,0.95174354,0.9554386,0.95074236,0.9516128,0.9530034,0.9537735,0.9531314,0.95221204,0.9504576,0.95171154,0.9538038,0.9537558,0.9499124,0.95332515,0.95370466,0.95709777,0.9541087,0.95405567,0.9521982,0.95156306,0.9536496,0.95032054,0.9520815,0.952369,0.9514852,0.9520473,0.95093685,0.9517027,0.9540435,0.951276,0.95125264,0.95315707,0.9530855,0.952421,0.9511938,0.95067805,0.9531585,0.95285195,0.95438945,0.9534708,0.9522481,0.9506837,0.95343417,0.9551866,0.95289326,0.952721,0.95531774,0.9528746,0.9539014,0.95204836,0.9539786,0.951784,0.9522904,0.95054966,0.9509095,0.95472354
DMRT1,0.9505082,0.9509355,0.9548685,0.95359737,0.95491976,0.9493757,0.95031965,0.9480029,0.95223755,0.95153224,0.9512034,0.9519571,0.95679796,0.95642823,0.95230466,0.9543594,0.95128477,1.0000114,0.9589692,0.95379627,0.9501538,0.95599204,0.94808775,0.95869046,0.95072126,0.9550668,0.95066756,0.94859695,0.9523618,0.95373744,0.94947755,0.95208794,0.9467133,0.95019466,0.9465797,0.94755983,0.95278025,0.95379,0.9479296,0.9538494,0.9511659,0.9512071,0.95048094,0.950358,0.9509463,0.95043766,0.9560247,0.95462084,0.9522688,0.9533377,0.95047694,0.9505415,0.95542794,0.9506652,0.9493503,0.95178616,0.9539436,0.9499379,0.9497264,0.95087063,0.95262384,0.9518888,0.9534241,0.9541955,0.94958097,0.955644,0.956216,0.949508,0.9548605,0.957591,0.9537586,0.9520208,0.94957894,0.95424306,0.95191777,0.95241344,0.95187163,0.94898105,0.9546554,0.9545505,0.95135033,0.94635326,0.9515396,0.9506099,0.95124936,0.95894223,0.9536779,0.9511818,0.94978094,0.9495965,0.95143825,0.94853413,0.9487901,0.95340633,0.952122,0.95297503,0.9470568,0.95586944,0.95240647,0.95276356
DYRK4,0.9494125,0.9522418,0.9568015,0.95847875,0.9549233,0.95200884,0.9512629,0.9484845,0.9573945,0.949789,0.95339584,0.95219105,0.9589713,0.9570749,0.9553437,0.95489305,0.95089906,0.9589692,0.99999845,0.952066,0.9509743,0.95563,0.9483954,0.95270836,0.9493048,0.9505973,0.94953716,0.9525797,0.95286536,0.9515634,0.9502183,0.954763,0.9496585,0.94966173,0.9488498,0.947176,0.9538213,0.95377207,0.94782645,0.9547536,0.9536937,0.95111656,0.95176035,0.9479934,0.9503159,0.9493613,0.9563823,0.95443034,0.9519468,0.95265216,0.9503157,0.9505638,0.9555726,0.9559457,0.9517311,0.9537524,0.95462626,0.9535473,0.9488158,0.9516149,0.95422626,0.95169234,0.95473206,0.9535433,0.9513793,0.95649314,0.9539572,0.9482652,0.960797,0.95814663,0.95847654,0.95455176,0.9509173,0.95812047,0.9502545,0.95184135,0.9510911,0.9503652,0.9581362,0.9573146,0.9517887,0.946303,0.9528254,0.9514911,0.95238715,0.96040004,0.95539206,0.95291036,0.95365846,0.95090055,0.9510104,0.9510536,0.9509766,0.95365113,0.9527105,0.95398396,0.95368016,0.9565656,0.9583419,0.9535389
EFHD1,0.9554397,0.9553883,0.9563564,0.94856906,0.9512829,0.9528266,0.9506123,0.95190597,0.95562893,0.95352334,0.95251215,0.95293194,0.9493849,0.95479554,0.94929963,0.9526185,0.9522772,0.95379627,0.952066,1.0000086,0.95710516,0.95499736,0.9559617,0.9552739,0.95745164,0.95081633,0.9533682,0.9578989,0.9530123,0.9565084,0.9530627,0.9513656,0.952613,0.95642686,0.9526026,0.9506156,0.958545,0.95312107,0.9499715,0.95105916,0.9535348,0.9511456,0.9529762,0.9545169,0.9510444,0.9570259,0.95237696,0.95374584,0.94739014,0.9489074,0.9514448,0.95159775,0.95369685,0.9501822,0.95317984,0.9521125,0.9498349,0.95278585,0.9546469,0.95561475,0.9562373,0.9562564,0.95318794,0.9585699,0.951335,0.9531111,0.9522942,0.95159614,0.95268834,0.9526539,0.95199955,0.9585763,0.95390725,0.9545381,0.9477659,0.9589389,0.9552012,0.951275,0.9540963,0.95210534,0.9553242,0.9510217,0.94866824,0.95462644,0.95568365,0.94974595,0.9580917,0.95438355,0.9552387,0.95173144,0.95152175,0.95476,0.95734197,0.95512366,0.9535978,0.94963795,0.9530872,0.9561654,0.95257735,0.95520014
EHF,0.9529771,0.95530313,0.9515344,0.9486187,0.9513015,0.9548812,0.95367527,0.95293844,0.95495844,0.95251954,0.950424,0.9528706,0.95038885,0.950969,0.9491087,0.95147604,0.95210624,0.9501538,0.9509743,0.95710516,1.0000013,0.95429856,0.9526242,0.9530917,0.9522379,0.9506989,0.9563704,0.9546783,0.9516974,0.9518091,0.9517008,0.9534242,0.9533416,0.95532763,0.9546356,0.9557084,0.95516825,0.9545881,0.95148045,0.9538552,0.95480776,0.9522283,0.95358735,0.9547817,0.9482676,0.95474344,0.9498829,0.9526061,0.9533473,0.94963,0.95214677,0.9522402,0.95205,0.9474445,0.9537998,0.9551591,0.9512943,0.95026535,0.9536259,0.95524895,0.9526224,0.9539229,0.95190364,0.95458335,0.95464295,0.95013326,0.9530685,0.95434946,0.9491038,0.9501571,0.950489,0.95444447,0.95381224,0.9505184,0.95252734,0.9543947,0.9578051,0.95255953,0.95187354,0.95293576,0.9534787,0.9519088,0.95223546,0.95321834,0.95837545,0.9465755,0.9511157,0.9529139,0.95149755,0.9528533,0.9510709,0.9537889,0.9529556,0.94768935,0.9529104,0.9480722,0.9551399,0.95084214,0.9517398,0.955722
EHMT1,0.9507085,0.9527823,0.9523693,0.95340765,0.9539094,0.9523362,0.9533603,0.9486258,0.9516384,0.9522402,0.9499805,0.9526267,0.9536105,0.9532631,0.9507831,0.95331115,0.9516685,0.95599204,0.95563,0.95499736,0.95429856,1.0000033,0.94913024,0.9537876,0.95002085,0.95471954,0.9502798,0.95093197,0.9517254,0.9506665,0.95032877,0.95401335,0.9496226,0.9506586,0.94945055,0.9497648,0.95432353,0.95348316,0.950668,0.9549793,0.9525666,0.952652,0.9512541,0.9534027,0.9502543,0.9527398,0.95460933,0.95568854,0.95467156,0.95207864,0.95134467,0.9513491,0.95450747,0.9500771,0.9506095,0.9527894,0.95090675,0.9505184,0.95087814,0.9525226,0.95126885,0.9543372,0.9507653,0.9551649,0.9521385,0.9543023,0.95446193,0.9509547,0.9538166,0.954656,0.9511744,0.9533426,0.9501367,0.954796,0.95384413,0.95216125,0.9535122,0.9509934,0.9538232,0.95357984,0.94951403,0.94721955,0.9516858,0.9530467,0.9539623,0.9543338,0.95302397,0.95268,0.95068103,0.9500923,0.9512013,0.9499015,0.9483636,0.94963795,0.95253766,0.95212257,0.9495594,0.9569526,0.953629,0.9533768
EML5,0.95290345,0.9536171,0.95166343,0.94934577,0.9515069,0.95267886,0.95173705,0.9578739,0.9504708,0.953251,0.95153433,0.9542779,0.9467793,0.95151466,0.94944715,0.95188504,0.95604056,0.94808775,0.9483954,0.9559617,0.9526242,0.94913024,1.0000038,0.9497533,0.956007,0.95093095,0.956256,0.9572342,0.9530096,0.95467985,0.95496213,0.9507142,0.95708793,0.9563364,0.9565426,0.9521379,0.9524087,0.95177716,0.9531187,0.94911194,0.95268166,0.95330286,0.95391667,0.9539569,0.9506469,0.9579943,0.94956714,0.9482792,0.94981337,0.95467716,0.95565766,0.9529114,0.94908524,0.95065665,0.9552009,0.9516598,0.9488092,0.95633996,0.95337814,0.9555013,0.9562886,0.9526126,0.9509045,0.95201653,0.95387614,0.9496855,0.95161045,0.9526191,0.9521822,0.9493746,0.94960254,0.94980776,0.9578332,0.95156395,0.9516,0.95443827,0.9549603,0.9541236,0.9522729,0.9492426,0.9560672,0.9549346,0.9527679,0.9508208,0.9540527,0.9500336,0.9534658,0.95462334,0.9544977,0.9537032,0.9551285,0.9580081,0.95622,0.954241,0.95447457,0.94992477,0.9549964,0.9503509,0.9496652,0.95335835
FAM208A,0.9560613,0.9528285,0.9567658,0.9542065,0.9548634,0.95217395,0.94922316,0.9517178,0.9512169,0.9579369,0.95329297,0.95249045,0.95359606,0.9559495,0.9512852,0.9543201,0.9507578,0.95869046,0.95270836,0.9552739,0.9530917,0.9537876,0.9497533,0.99998844,0.9549559,0.95620126,0.95287216,0.95118445,0.9504346,0.9541254,0.9496964,0.9515519,0.9480066,0.95411223,0.9476882,0.9475986,0.95346594,0.9511868,0.9497623,0.94828326,0.95134467,0.95030165,0.95091355,0.95396304,0.9517909,0.952814,0.955646,0.95404947,0.949301,0.95446855,0.9508389,0.9500642,0.95735246,0.9478002,0.9515455,0.94930065,0.9542873,0.9523474,0.9568616,0.95479107,0.95213616,0.95199203,0.95167184,0.95312613,0.9512261,0.954123,0.9556918,0.9515203,0.9517121,0.95746,0.95291245,0.95393765,0.9512606,0.9535121,0.9535798,0.95593435,0.95245594,0.9526678,0.95238376,0.9526409,0.95156944,0.94884765,0.95042783,0.95226014,0.9546478,0.95419633,0.9515578,0.9520311,0.9514984,0.949189,0.9535786,0.94778025,0.9500644,0.95379627,0.9519711,0.9548516,0.9483203,0.9513555,0.94885135,0.9546883
FAM229B,0.95516247,0.95481944,0.95468116,0.9502523,0.95282656,0.9570462,0.94878286,0.9555485,0.95329046,0.95460093,0.95217055,0.95257086,0.9494971,0.95360154,0.94970155,0.9515382,0.952367,0.95072126,0.9493048,0.95745164,0.9522379,0.95002085,0.956007,0.9549559,1.0000044,0.95093405,0.954304,0.9549958,0.9516366,0.95389557,0.95169,0.95195806,0.95234656,0.95389557,0.9572797,0.9498976,0.95316845,0.9510938,0.95119643,0.9467598,0.9543091,0.9489362,0.95139927,0.9540258,0.9516581,0.9552403,0.9521675,0.9503425,0.94927675,0.9547217,0.95186716,0.9501727,0.9508035,0.9511773,0.95285463,0.9486915,0.9498126,0.9557431,0.9557421,0.9550758,0.9524828,0.9507795,0.9516884,0.95114994,0.9523212,0.95089984,0.94974136,0.95345026,0.9510415,0.9512958,0.9496341,0.9552226,0.9549425,0.95252305,0.94873816,0.95439255,0.9521626,0.95390254,0.9527423,0.9505802,0.95335406,0.95293593,0.95375544,0.95044756,0.9542327,0.9493646,0.95238304,0.9543202,0.95348495,0.9490298,0.9538719,0.95288956,0.9529578,0.9543601,0.9534956,0.9541123,0.9528101,0.95048374,0.94883364,0.9527051
GALT,0.9512323,0.9540495,0.95038176,0.95342624,0.95077544,0.9528831,0.95338285,0.9490081,0.94979954,0.9549718,0.9510017,0.9540935,0.9543072,0.95149076,0.9507951,0.9530151,0.9514916,0.9550668,0.9505973,0.95081633,0.9506989,0.95471954,0.95093095,0.95620126,0.95093405,0.9999855,0.95105946,0.95111054,0.9520999,0.95156777,0.9505634,0.95229644,0.9517176,0.95445025,0.9503045,0.95232457,0.9502872,0.95468223,0.9536808,0.9529973,0.9512505,0.9530232,0.9497849,0.9526236,0.94915473,0.95297503,0.9506056,0.9540376,0.9539251,0.9550036,0.9534304,0.9502416,0.9498646,0.9523949,0.9506472,0.9528967,0.9518398,0.95249456,0.9546586,0.95405155,0.95334524,0.95715904,0.95290744,0.952823,0.95036453,0.949285,0.9570787,0.9512648,0.9516094,0.9528022,0.94953513,0.95095086,0.95096344,0.9505309,0.956624,0.95390105,0.95407677,0.9539684,0.9537205,0.95022607,0.9527483,0.9508196,0.94994265,0.95189106,0.9517627,0.9550383,0.9546633,0.95288014,0.95190394,0.9508403,0.95470554,0.95185626,0.9517081,0.95145833,0.9545426,0.9563663,0.9484397,0.9550966,0.95008373,0.95584536
GLI3,0.9530492,0.9559511,0.9499371,0.9506077,0.9514594,0.953907,0.9537234,0.9545871,0.9542915,0.9528406,0.95033824,0.95519245,0.95042235,0.95029,0.9485853,0.9497909,0.9541756,0.95066756,0.94953716,0.9533682,0.9563704,0.9502798,0.956256,0.95287216,0.954304,0.95105946,0.9999907,0.95296913,0.95379263,0.95200014,0.9542933,0.9551274,0.9523908,0.95522726,0.95536447,0.95504326,0.9498539,0.9539455,0.9528235,0.9520689,0.9530201,0.9552437,0.95277,0.9555204,0.9488527,0.9535241,0.9492954,0.95177025,0.95451796,0.95342594,0.9526557,0.9542902,0.94912815,0.9520228,0.9555714,0.9547526,0.95086086,0.9515553,0.9551041,0.95372856,0.952199,0.95334595,0.9522327,0.95287526,0.95582205,0.94840187,0.953379,0.9525176,0.9491637,0.9497018,0.9498826,0.95328957,0.9559349,0.94828874,0.9529408,0.953274,0.9567339,0.9528816,0.9526168,0.95258933,0.9565816,0.9524505,0.9527109,0.95140195,0.952686,0.9488179,0.9514872,0.9527875,0.95403457,0.9545688,0.95126575,0.95401436,0.95312,0.9492053,0.9532225,0.951327,0.95301616,0.9482073,0.95042944,0.9565678
HES5,0.9514519,0.9569435,0.95582217,0.950873,0.9511349,0.95330834,0.9498601,0.9550034,0.95411146,0.9554903,0.95288277,0.9544128,0.94880855,0.95393157,0.9493549,0.956223,0.95497775,0.94859695,0.9525797,0.9578989,0.9546783,0.95093197,0.9572342,0.95118445,0.9549958,0.95111054,0.95296913,0.9999963,0.9533439,0.9557277,0.9545278,0.94968724,0.954689,0.956898,0.95252275,0.9506635,0.9572723,0.95137244,0.95155424,0.951754,0.9561082,0.9515574,0.9544078,0.9528929,0.95027596,0.9585646,0.9516851,0.9502908,0.947833,0.9515747,0.95524263,0.95274127,0.95244306,0.95080805,0.95458734,0.9535958,0.94840395,0.95730937,0.95549417,0.95628893,0.9590591,0.9534371,0.95391226,0.95375526,0.955446,0.95159495,0.9515779,0.9516685,0.9545774,0.9512679,0.952043,0.956464,0.9562828,0.9542564,0.94918317,0.9578021,0.9521002,0.9522648,0.9528259,0.952987,0.95458627,0.9533923,0.95205784,0.9548458,0.9563524,0.95118034,0.9550962,0.95616907,0.95740575,0.95313305,0.9560947,0.9568967,0.96158457,0.956538,0.9544699,0.953663,0.9575318,0.95414895,0.9533177,0.95313835
HIST1H4I,0.95030284,0.95264643,0.95288604,0.9514453,0.94967556,0.9519606,0.95183235,0.9519762,0.95183116,0.95338875,0.950701,0.9541557,0.9512009,0.9517304,0.94984967,0.95331556,0.951408,0.9523618,0.95286536,0.9530123,0.9516974,0.9517254,0.9530096,0.9504346,0.9516366,0.9520999,0.95379263,0.9533439,0.9999945,0.9521431,0.95394844,0.9510458,0.95105875,0.95325947,0.9501925,0.9508822,0.9498114,0.9536209,0.9527452,0.9536641,0.9504289,0.9537245,0.95274705,0.954592,0.9499617,0.9521747,0.95021504,0.9526418,0.95161086,0.9508075,0.9519608,0.9547783,0.95088285,0.9522748,0.9552107,0.9534671,0.9507206,0.95072776,0.95271385,0.95074606,0.95509094,0.9538367,0.9540098,0.95318455,0.9537304,0.950793,0.9529987,0.9514323,0.9540208,0.9518739,0.95106393,0.953704,0.95406616,0.9518707,0.9507008,0.9529775,0.95142543,0.95175624,0.95306456,0.9533774,0.95304465,0.95129853,0.9491657,0.9527736,0.95027727,0.9533411,0.9540926,0.9550387,0.95384765,0.9552371,0.9530776,0.9509694,0.95355374,0.95428264,0.9540292,0.9542089,0.95288295,0.9527957,0.9526128,0.9516045
HLA-DQA2,0.95394874,0.9542897,0.95513994,0.94893295,0.951522,0.94890684,0.94861746,0.95240384,0.95175725,0.95616823,0.95327836,0.95382035,0.9498411,0.95605356,0.94959354,0.9562598,0.9529084,0.95373744,0.9515634,0.9565084,0.9518091,0.9506665,0.95467985,0.9541254,0.95389557,0.95156777,0.95200014,0.9557277,0.9521431,1.0000091,0.9540622,0.94804996,0.9501798,0.95400333,0.9474573,0.94728225,0.9534077,0.94937795,0.9507392,0.9501232,0.95041156,0.9522797,0.9526154,0.95366067,0.9515337,0.9544906,0.95161915,0.950906,0.94541216,0.9512179,0.95339364,0.9513157,0.9530788,0.9486822,0.95318264,0.94900733,0.9515787,0.9523715,0.9539453,0.95100087,0.95553,0.9536908,0.95328635,0.95665556,0.9514554,0.9527724,0.95324033,0.9503303,0.9524503,0.9560902,0.9524974,0.9545935,0.95384735,0.9554765,0.9511324,0.9573578,0.9514544,0.9523778,0.9526231,0.94907415,0.9539255,0.9508331,0.9476965,0.95099455,0.9530148,0.95284146,0.95327145,0.9541943,0.95396537,0.9521355,0.95187867,0.95004267,0.95450187,0.955221,0.9538702,0.95410895,0.95025903,0.95346427,0.949972,0.95357096
HSPA4,0.95220405,0.95485115,0.95210767,0.94896555,0.94938135,0.9510954,0.9517608,0.9541544,0.95143133,0.95436245,0.95152944,0.954883,0.94865686,0.9510275,0.94970113,0.95128983,0.954114,0.94947755,0.9502183,0.9530627,0.9517008,0.95032877,0.95496213,0.9496964,0.95169,0.9505634,0.9542933,0.9545278,0.95394844,0.9540622,0.99999696,0.9502078,0.9539479,0.9550954,0.951725,0.95186394,0.951223,0.9503046,0.9541802,0.95182,0.9510743,0.9537306,0.9518436,0.9542084,0.95020306,0.95523745,0.949631,0.9513664,0.9504355,0.9511581,0.95405453,0.95311874,0.9505469,0.9527936,0.95532864,0.95466965,0.9489664,0.95370364,0.95329785,0.952363,0.9563105,0.9531439,0.9532024,0.95337546,0.9552854,0.94949526,0.953017,0.95172846,0.95137596,0.95064664,0.9508636,0.9527674,0.9551852,0.9525105,0.9516997,0.95487356,0.95300204,0.95451516,0.95191467,0.9500226,0.95511204,0.9534184,0.95008415,0.9533008,0.95329386,0.95084894,0.95248103,0.95454824,0.9565561,0.955336,0.9538149,0.9534786,0.95533293,0.95314294,0.95476735,0.9526138,0.95428824,0.9522233,0.9520403,0.9537071
HSPH1,0.94858783,0.9525573,0.94733346,0.952617,0.94850165,0.9544689,0.95386857,0.95230657,0.952658,0.9500867,0.9435748,0.951543,0.9551547,0.9477069,0.9438646,0.94724613,0.9519773,0.95208794,0.954763,0.9513656,0.9534242,0.95401335,0.9507142,0.9515519,0.95195806,0.95229644,0.9551274,0.94968724,0.9510458,0.94804996,0.9502078,0.9999993,0.9515398,0.9496059,0.9560584,0.9581212,0.9472283,0.95572096,0.9519128,0.95438546,0.9513539,0.951265,0.9498662,0.94982636,0.94641113,0.95015776,0.95019674,0.9541849,0.9616765,0.9566672,0.9514305,0.95105153,0.94513196,0.9577637,0.95060337,0.9544487,0.94895065,0.9508495,0.9498057,0.95468366,0.94850385,0.95092547,0.95071185,0.9511325,0.9538921,0.942249,0.9525454,0.958547,0.9510108,0.9488792,0.9475886,0.95134825,0.95132476,0.9472133,0.9514956,0.947405,0.95423555,0.94983894,0.9565867,0.9640629,0.95126045,0.952235,0.9545553,0.9482953,0.9499538,0.9548675,0.9536922,0.95073456,0.950416,0.951165,0.95173144,0.9530813,0.9486892,0.9461648,0.9520922,0.9492587,0.9525129,0.949673,0.9519504,0.95336103
IL17F,0.9502415,0.95217425,0.95093733,0.9500577,0.94921577,0.9525333,0.95357656,0.9548173,0.95122904,0.9498937,0.95071834,0.95356005,0.94666946,0.9506469,0.94860244,0.94983464,0.95417815,0.9467133,0.9496585,0.952613,0.9533416,0.9496226,0.95708793,0.9480066,0.95234656,0.9517176,0.9523908,0.954689,0.95105875,0.9501798,0.9539479,0.9515398,1.0000044,0.95456845,0.9587947,0.95601887,0.9510855,0.9509214,0.955261,0.9480825,0.95091796,0.95204103,0.9525612,0.95114434,0.95030415,0.9577026,0.9471286,0.9510159,0.9538462,0.95388234,0.9553439,0.9531997,0.9485586,0.9535196,0.95273453,0.9515772,0.9467116,0.9605091,0.9525984,0.9586792,0.95380193,0.953457,0.9513086,0.95187485,0.9533532,0.94611853,0.9518983,0.95565,0.95051384,0.9483947,0.9473211,0.94864476,0.95521414,0.9496092,0.9546459,0.9511476,0.9547719,0.95487064,0.95131224,0.94999367,0.9540957,0.9564452,0.9543454,0.95151305,0.9538607,0.9503697,0.95200753,0.95591116,0.9531599,0.95265627,0.9559996,0.95864207,0.9559697,0.95036143,0.95239395,0.95146906,0.9564766,0.9507772,0.9500158,0.95541036
KDELR2,0.9530964,0.9543484,0.95310354,0.9481305,0.95009935,0.9536958,0.9522163,0.9548269,0.95484084,0.9558717,0.9518163,0.95402086,0.94865584,0.9532487,0.94883156,0.9549751,0.95453084,0.95019466,0.94966173,0.95642686,0.95532763,0.9506586,0.9563364,0.95411223,0.95389557,0.95445025,0.95522726,0.956898,0.95325947,0.95400333,0.9550954,0.9496059,0.95456845,0.9999955,0.95304537,0.95339227,0.95433825,0.95230937,0.95337176,0.95172215,0.9535738,0.9543749,0.95310503,0.95502687,0.95007783,0.9581665,0.9492194,0.95111006,0.95116216,0.95066553,0.955191,0.9525284,0.951548,0.9509455,0.9553522,0.956182,0.94947445,0.9523624,0.9559943,0.9569035,0.9571818,0.9556985,0.95205754,0.9542752,0.9550567,0.9489317,0.9533351,0.9519516,0.9505604,0.9501042,0.9492973,0.95421046,0.95609355,0.9520768,0.95302373,0.9556622,0.95759964,0.95453936,0.9539511,0.94964015,0.9535511,0.95312893,0.94906986,0.95380676,0.9544604,0.95015204,0.9562944,0.95331585,0.9568003,0.9540907,0.9553549,0.95465004,0.9556305,0.95349276,0.95516956,0.950123,0.95601463,0.9522738,0.95077837,0.95446205
KLF13,0.95104206,0.95138085,0.9511206,0.95090646,0.95228904,0.95758957,0.9543917,0.95767796,0.95391876,0.9468128,0.9502059,0.9505737,0.9508189,0.948982,0.9488977,0.9488163,0.952765,0.9465797,0.9488498,0.9526026,0.9546356,0.94945055,0.9565426,0.9476882,0.9572797,0.9503045,0.95536447,0.95252275,0.9501925,0.9474573,0.951725,0.9560584,0.9587947,0.95304537,0.9999928,0.9574292,0.9523061,0.95620203,0.95309216,0.9506853,0.9554552,0.9504396,0.95023113,0.9514141,0.9504203,0.9529159,0.948576,0.9485402,0.95745677,0.95294577,0.9517225,0.950163,0.9474999,0.95352817,0.950444,0.9531497,0.94991916,0.9561638,0.9518297,0.9572748,0.9493161,0.95144784,0.95234567,0.9496578,0.953123,0.9475566,0.9471563,0.95282036,0.9518541,0.94621086,0.94796395,0.9518434,0.9532187,0.949619,0.9505782,0.94933957,0.9557962,0.9522749,0.95131236,0.9537387,0.9545521,0.95471275,0.95877093,0.95155126,0.9535768,0.94687164,0.95221704,0.95324016,0.95216167,0.9509389,0.9530674,0.9570977,0.9527182,0.95057404,0.9504921,0.94630516,0.9548669,0.9485872,0.95170397,0.9526268
KLHL29,0.94879967,0.95176643,0.9443998,0.94950926,0.94560957,0.95524186,0.955922,0.953685,0.95306814,0.9489245,0.9455197,0.9508574,0.94959223,0.94411945,0.94495213,0.9444304,0.9524466,0.94755983,0.947176,0.9506156,0.9557084,0.9497648,0.9521379,0.9475986,0.9498976,0.95232457,0.95504326,0.9506635,0.9508822,0.94728225,0.95186394,0.9581212,0.95601887,0.95339227,0.9574292,0.9999941,0.94477034,0.95538074,0.95607895,0.95420796,0.95095503,0.9523196,0.9503804,0.95125157,0.9465094,0.95197725,0.9442926,0.9524007,0.9616797,0.95154643,0.9526273,0.95184064,0.9415399,0.95235974,0.95118433,0.95595944,0.94702315,0.9507958,0.9521787,0.95561016,0.9494921,0.95256066,0.94996315,0.9500094,0.9536246,0.9378731,0.95221096,0.95919585,0.9445658,0.9443496,0.94479847,0.9486042,0.95328176,0.940773,0.9548535,0.9486575,0.9569606,0.95265424,0.95205355,0.9531835,0.9513215,0.96165276,0.95342654,0.95057565,0.94983774,0.9480565,0.9518526,0.95173347,0.9507602,0.9522829,0.95320654,0.95605516,0.9505177,0.9469275,0.95255315,0.94735587,0.95496756,0.9477178,0.9511924,0.9535398
KLRG1,0.95309204,0.95213425,0.95913905,0.9494211,0.9592856,0.9534818,0.9485467,0.95047355,0.95179856,0.95025635,0.9584119,0.95089537,0.95129395,0.9596668,0.95496255,0.95860803,0.9513716,0.95278025,0.9538213,0.958545,0.95516825,0.95432353,0.9524087,0.95346594,0.95316845,0.9502872,0.9498539,0.9572723,0.9498114,0.9534077,0.951223,0.9472283,0.9510855,0.95433825,0.9523061,0.94477034,0.99999005,0.9503265,0.9455333,0.95071596,0.95883924,0.94943494,0.95209706,0.9526444,0.95456547,0.9555617,0.95629156,0.9490357,0.94453543,0.947562,0.95081526,0.95034003,0.9627793,0.947007,0.9523692,0.9514629,0.9519648,0.95549273,0.9523563,0.9541024,0.95395917,0.95112354,0.95202845,0.95495576,0.9496931,0.962279,0.9495445,0.9460878,0.95533365,0.9550699,0.9566773,0.95807844,0.9517357,0.9615967,0.94614345,0.9564438,0.95198536,0.9508139,0.9509291,0.9531523,0.95140404,0.9477426,0.95166975,0.95581734,0.96094847,0.9489635,0.951756,0.9519417,0.9544501,0.9501863,0.95102304,0.95386463,0.95481944,0.9552227,0.9486009,0.94923544,0.95408076,0.9578165,0.9535148,0.94899297
KRTCAP2,0.9499586,0.9538197,0.94802386,0.95454973,0.9517853,0.95546496,0.9534562,0.95376104,0.9550215,0.9512952,0.9485253,0.953111,0.9556112,0.9509465,0.9509204,0.95079213,0.9542258,0.95379,0.95377207,0.95312107,0.9545881,0.95348316,0.95177716,0.9511868,0.9510938,0.95468223,0.9539455,0.95137244,0.9536209,0.94937795,0.9503046,0.95572096,0.9509214,0.95230937,0.95620203,0.95538074,0.9503265,0.99999845,0.95432436,0.9576793,0.95309913,0.9515992,0.9517482,0.952507,0.94930834,0.95434463,0.95020896,0.9552548,0.9584813,0.9517949,0.9516993,0.9529231,0.9494757,0.9569177,0.95013595,0.9571845,0.9513898,0.94867957,0.9528323,0.9537021,0.95157677,0.95403916,0.95409167,0.95167077,0.95428735,0.94900155,0.9521551,0.9517671,0.9523933,0.9498873,0.95151764,0.9534228,0.9493009,0.9493444,0.95217884,0.95022696,0.95516187,0.9518894,0.9542146,0.9560372,0.9519342,0.95000255,0.9542554,0.9529602,0.95155525,0.94980145,0.95781296,0.9531876,0.9525883,0.9529573,0.9518095,0.9507676,0.95012164,0.9495973,0.9559822,0.95092654,0.9521712,0.95197785,0.9540265,0.955921
LBHD1,0.95088947,0.9540523,0.9471288,0.9525773,0.9481782,0.95274836,0.95449066,0.9552307,0.95193833,0.9524301,0.94913095,0.9520448,0.9504405,0.9470413,0.9498559,0.9471556,0.9546308,0.9479296,0.94782645,0.9499715,0.95148045,0.950668,0.9531187,0.9497623,0.95119643,0.9536808,0.9528235,0.95155424,0.9527452,0.9507392,0.9541802,0.9519128,0.955261,0.95337176,0.95309216,0.95607895,0.9455333,0.95432436,0.9999881,0.9530868,0.94864535,0.9527062,0.95266056,0.9528626,0.95001614,0.9540413,0.9468535,0.9530704,0.95692396,0.9531933,0.95252573,0.95380205,0.9457329,0.9539614,0.9510089,0.95386606,0.9506459,0.9503976,0.95560336,0.9553038,0.953463,0.9537328,0.951585,0.94917166,0.9551259,0.94526356,0.95309234,0.95495933,0.94929874,0.94863176,0.9471569,0.9498557,0.9530659,0.9466181,0.9571717,0.9493934,0.95344245,0.95486087,0.9507966,0.9513982,0.9516884,0.95410955,0.9516438,0.95147866,0.9486802,0.950008,0.95310265,0.95682514,0.9525839,0.95386106,0.95560265,0.9525579,0.9518604,0.94897825,0.9556721,0.9527254,0.95135725,0.9489642,0.9501904,0.955502
LCMT2,0.94992656,0.9542459,0.94900644,0.95417094,0.950825,0.955204,0.95463204,0.9484591,0.955163,0.95045567,0.9497073,0.9496416,0.95803636,0.9512443,0.9525031,0.95183116,0.95167583,0.9538494,0.9547536,0.95105916,0.9538552,0.9549793,0.94911194,0.94828326,0.9467598,0.9529973,0.9520689,0.951754,0.9536641,0.9501232,0.95182,0.95438546,0.9480825,0.95172215,0.9506853,0.95420796,0.95071596,0.9576793,0.9530868,0.99999315,0.9531155,0.9524977,0.95110655,0.95030284,0.94954807,0.9495406,0.9507196,0.95432085,0.95892483,0.94908506,0.9519391,0.95252293,0.95067316,0.95895976,0.94996333,0.9584715,0.95205194,0.9454838,0.94814634,0.9489986,0.9510443,0.9544592,0.9557627,0.95347387,0.9513701,0.95055646,0.9520371,0.94786656,0.9524901,0.95100164,0.95363545,0.9563159,0.94652647,0.95186317,0.9535252,0.9488624,0.9529377,0.948449,0.9563112,0.9576148,0.9495803,0.9480667,0.95303196,0.952643,0.9522556,0.95413244,0.9549754,0.9497349,0.95107067,0.95287937,0.95091194,0.9506328,0.94918424,0.9493995,0.95202494,0.9502076,0.95402354,0.9585215,0.95772785,0.94984573
LRP6,0.95165414,0.9538183,0.9547858,0.95074165,0.95772827,0.9562676,0.95287156,0.9518523,0.9530587,0.95414996,0.9528413,0.9521767,0.9514668,0.95112586,0.9506196,0.9550619,0.9520987,0.9511659,0.9536937,0.9535348,0.95480776,0.9525666,0.95268166,0.95134467,0.9543091,0.9512505,0.9530201,0.9561082,0.9504289,0.95041156,0.9510743,0.9513539,0.95091796,0.9535738,0.9554552,0.95095503,0.95883924,0.95309913,0.94864535,0.9531155,0.99999404,0.9493796,0.9531994,0.95162237,0.9505703,0.95498675,0.95140064,0.94848764,0.9482893,0.95006883,0.950157,0.9510286,0.9529817,0.9465236,0.95443135,0.9524031,0.9498569,0.95693195,0.95285904,0.95044696,0.9519767,0.9506849,0.9517951,0.95165664,0.95218617,0.95100695,0.94959426,0.9514952,0.9522159,0.95070016,0.95288396,0.9547331,0.95377773,0.9537984,0.94544387,0.9545209,0.9530963,0.9556517,0.95372266,0.9517593,0.95211166,0.95120513,0.9542068,0.953174,0.956783,0.94687885,0.9491553,0.9513803,0.9553946,0.95230824,0.95071876,0.95840675,0.9551163,0.95088446,0.9501321,0.9509804,0.95739585,0.9524634,0.95232916,0.95049244
LRRC37A3,0.95055175,0.9508201,0.949394,0.9501003,0.94817,0.9510183,0.952655,0.9517636,0.9503668,0.95223224,0.94920504,0.9545582,0.9500685,0.9500957,0.9492373,0.95148677,0.95275325,0.9512071,0.95111656,0.9511456,0.9522283,0.952652,0.95330286,0.95030165,0.9489362,0.9530232,0.9552437,0.9515574,0.9537245,0.9522797,0.9537306,0.951265,0.95204103,0.9543749,0.9504396,0.9523196,0.94943494,0.9515992,0.9527062,0.9524977,0.9493796,0.999997,0.9521522,0.95476687,0.9488904,0.9521342,0.94848263,0.9513924,0.95271635,0.95024693,0.95226365,0.95505357,0.9489245,0.95144284,0.9555001,0.95536184,0.94918555,0.95110327,0.9515427,0.95190495,0.9530481,0.95373297,0.9508519,0.9524018,0.9526149,0.94837207,0.95216626,0.9525339,0.94952387,0.9500893,0.9489847,0.949593,0.95365024,0.9495292,0.9536775,0.95058465,0.9549942,0.9516681,0.95140445,0.95015115,0.9521235,0.9523905,0.9498092,0.9524408,0.94983894,0.9506441,0.9507489,0.9521831,0.953666,0.9570432,0.95216703,0.9521431,0.9521487,0.9502737,0.9535138,0.95085406,0.952666,0.9515115,0.9504993,0.9520443
LYST,0.9504992,0.9513364,0.95210505,0.95062745,0.951123,0.9517121,0.95016,0.9530477,0.9506684,0.95208216,0.950521,0.95259756,0.9497029,0.95157117,0.95009506,0.95289695,0.95354784,0.95048094,0.95176035,0.9529762,0.95358735,0.9512541,0.95391667,0.95091355,0.95139927,0.9497849,0.95277,0.9544078,0.95274705,0.9526154,0.9518436,0.9498662,0.9525612,0.95310503,0.95023113,0.9503804,0.95209706,0.9517482,0.95266056,0.95110655,0.9531994,0.9521522,0.99999434,0.9539026,0.95076853,0.9532816,0.9519116,0.95096,0.95011806,0.9505147,0.95248574,0.9514741,0.95228004,0.9497998,0.95250636,0.95202994,0.9506786,0.95083535,0.9528553,0.9512798,0.95340234,0.95153296,0.95149165,0.9522749,0.9537791,0.95177734,0.9530338,0.9524622,0.9506928,0.95131695,0.95138043,0.9513935,0.95284474,0.9518757,0.9499405,0.95355266,0.95320725,0.95083535,0.95152104,0.95104665,0.9518151,0.9512244,0.95174277,0.95135045,0.95230925,0.9503235,0.95162463,0.95257276,0.95273423,0.95210534,0.9512279,0.95193183,0.9528157,0.952442,0.9528176,0.9510319,0.9522553,0.9503694,0.9516237,0.95174176
MAP3K9,0.9527861,0.9536416,0.9504818,0.9490357,0.9499669,0.9518319,0.9513682,0.9543406,0.9510853,0.9555437,0.9505131,0.9547768,0.9496822,0.9505225,0.94832647,0.9517001,0.952961,0.950358,0.9479934,0.9545169,0.9547817,0.9534027,0.9539569,0.95396304,0.9540258,0.9526236,0.9555204,0.9528929,0.954592,0.95366067,0.9542084,0.94982636,0.95114434,0.95502687,0.9514141,0.95125157,0.9526444,0.952507,0.9528626,0.95030284,0.95162237,0.95476687,0.9539026,1.0000092,0.94979846,0.95477545,0.95042527,0.9513986,0.9504051,0.9510819,0.95420384,0.95378834,0.9497945,0.9494162,0.9548371,0.95285606,0.94956553,0.9500488,0.95532435,0.95310366,0.9528268,0.95406824,0.9517857,0.95374024,0.9540436,0.94842637,0.95371205,0.9533957,0.9493451,0.95167106,0.9499487,0.9539038,0.95533025,0.95105624,0.9541893,0.95499504,0.95376384,0.95335877,0.9497685,0.95010287,0.95319545,0.95235795,0.9492541,0.9521134,0.9536458,0.94868153,0.95191365,0.95347315,0.95468825,0.95529747,0.95275474,0.9515588,0.95163983,0.9512177,0.9543461,0.95280355,0.95089215,0.9498715,0.94856894,0.9545075
MAPK8,0.95211864,0.9496713,0.95502794,0.9512773,0.95465076,0.95089763,0.95019865,0.9516309,0.94987077,0.95010626,0.9570262,0.9480438,0.95207024,0.9557641,0.9579524,0.9535902,0.95174354,0.9509463,0.9503159,0.9510444,0.9482676,0.9502543,0.9506469,0.9517909,0.9516581,0.94915473,0.9488527,0.95027596,0.9499617,0.9515337,0.95020306,0.94641113,0.95030415,0.95007783,0.9504203,0.9465094,0.95456547,0.94930834,0.95001614,0.94954807,0.9505703,0.9488904,0.95076853,0.94979846,0.99999803,0.95057124,0.955216,0.95045537,0.9467154,0.9501836,0.95019007,0.9503632,0.95736665,0.9506285,0.95032966,0.95022374,0.95462495,0.95186716,0.950577,0.9498123,0.9501741,0.95030314,0.9503328,0.95040786,0.9493291,0.9592187,0.94892746,0.9448956,0.9531096,0.9540808,0.954569,0.95098484,0.9502897,0.95541805,0.9498625,0.95086807,0.9489677,0.9506045,0.9500528,0.9493119,0.95000356,0.948732,0.95152235,0.9515223,0.9524735,0.9513561,0.9497477,0.95155925,0.9513843,0.94920224,0.9511185,0.9492169,0.9517572,0.95460325,0.9496788,0.952268,0.95041907,0.9508074,0.9516059,0.9500809
MEFV,0.9527667,0.95498776,0.95444125,0.94881755,0.9514293,0.95511955,0.9504803,0.95536524,0.9527062,0.95357615,0.95245016,0.9544483,0.9494872,0.9541637,0.94926596,0.9542292,0.9554386,0.95043766,0.9493613,0.9570259,0.95474344,0.9527398,0.9579943,0.952814,0.9552403,0.95297503,0.9535241,0.9585646,0.9521747,0.9544906,0.95523745,0.95015776,0.9577026,0.9581665,0.9529159,0.95197725,0.9555617,0.95434463,0.9540413,0.9495406,0.95498675,0.9521342,0.9532816,0.95477545,0.95057124,1.0000075,0.951466,0.9528908,0.9496355,0.9517849,0.95519865,0.9523895,0.95081186,0.9497144,0.9560368,0.9530356,0.9496957,0.9586983,0.95641726,0.95842326,0.9561981,0.95524216,0.95177376,0.9558697,0.95393604,0.9492895,0.95406324,0.9534024,0.95139587,0.95077854,0.9499065,0.95311725,0.9577536,0.95207846,0.9518695,0.9564979,0.95540905,0.9552184,0.95273054,0.9523695,0.95551723,0.95332795,0.951085,0.95373917,0.9544146,0.9510019,0.95500726,0.9570915,0.9572284,0.9528722,0.95585835,0.9551525,0.9583262,0.95287186,0.9533166,0.9524445,0.9538028,0.95398635,0.9527481,0.9552932
METAP1,0.9521644,0.9510826,0.95896125,0.95700234,0.9589202,0.95171714,0.9490782,0.9496192,0.9512332,0.951929,0.95481557,0.9502022,0.95646596,0.95818436,0.95346355,0.95560306,0.95074236,0.9560247,0.9563823,0.95237696,0.9498829,0.95460933,0.94956714,0.955646,0.9521675,0.9506056,0.9492954,0.9516851,0.95021504,0.95161915,0.949631,0.95019674,0.9471286,0.9492194,0.948576,0.9442926,0.95629156,0.95020896,0.9468535,0.9507196,0.95140064,0.94848263,0.9519116,0.95042527,0.955216,0.951466,1.0000025,0.95204043,0.94825095,0.9514133,0.9503082,0.9491223,0.9602324,0.9511419,0.9501727,0.9500531,0.95517313,0.9521494,0.949986,0.95082366,0.9513749,0.95074993,0.95227873,0.95092386,0.9496398,0.9605194,0.95115364,0.94784373,0.95678794,0.95759916,0.95522916,0.9534248,0.950036,0.9591265,0.9484951,0.9533586,0.95046717,0.95031554,0.95263267,0.9541805,0.9506254,0.9441669,0.95350754,0.9509111,0.9546803,0.95465034,0.949957,0.95082027,0.95048964,0.94931936,0.95123404,0.94813573,0.9506765,0.953598,0.9507573,0.9533836,0.94845563,0.9545404,0.9556882,0.9510528
MGA,0.95161057,0.95315135,0.95078087,0.9531694,0.95101386,0.9503498,0.95277095,0.94892,0.9541341,0.9523854,0.9489969,0.9525475,0.95597863,0.9521002,0.95106304,0.9506317,0.9516128,0.95462084,0.95443034,0.95374584,0.9526061,0.95568854,0.9482792,0.95404947,0.9503425,0.9540376,0.95177025,0.9502908,0.9526418,0.950906,0.9513664,0.9541849,0.9510159,0.95111006,0.9485402,0.9524007,0.9490357,0.9552548,0.9530704,0.95432085,0.94848764,0.9513924,0.95096,0.9513986,0.95045537,0.9528908,0.95204043,0.99999326,0.95451796,0.95262635,0.95045376,0.95283914,0.95151716,0.9533467,0.9491964,0.95343953,0.95049167,0.94885343,0.9519474,0.9530962,0.9530179,0.9557659,0.95381457,0.95196563,0.9517719,0.95172715,0.9549151,0.951909,0.95149076,0.95349187,0.9519376,0.95118743,0.9502107,0.9518735,0.95386535,0.9501399,0.9523319,0.9512188,0.9553057,0.95455337,0.95239705,0.948218,0.95011103,0.9504121,0.950454,0.95609343,0.9544373,0.95337754,0.95211357,0.95025444,0.9544863,0.9488055,0.9485505,0.95002276,0.9539313,0.95492536,0.94900054,0.9514985,0.95350254,0.9554923
MICA,0.9479653,0.9517362,0.94613224,0.9564452,0.9476331,0.9566734,0.9573372,0.95096797,0.95113415,0.9469975,0.94575197,0.9503016,0.95495164,0.9476687,0.9492528,0.94396293,0.9530034,0.9522688,0.9519468,0.94739014,0.9533473,0.95467156,0.94981337,0.949301,0.94927675,0.9539251,0.95451796,0.947833,0.95161086,0.94541216,0.9504355,0.9616765,0.9538462,0.95116216,0.95745677,0.9616797,0.94453543,0.9584813,0.95692396,0.95892483,0.9482893,0.95271635,0.95011806,0.9504051,0.9467154,0.9496355,0.94825095,0.95451796,0.9999937,0.95453465,0.94974536,0.9514942,0.94562155,0.9593421,0.9490613,0.9560452,0.9501623,0.9484526,0.9508316,0.9549906,0.9478338,0.95560306,0.95073295,0.9496706,0.9545732,0.9433725,0.9519969,0.9565605,0.94917005,0.946947,0.9469243,0.94930375,0.94984144,0.9439818,0.9587134,0.945626,0.95492315,0.95269054,0.9546123,0.9575131,0.950006,0.9527984,0.9567957,0.9491887,0.9484273,0.95378894,0.955492,0.95097554,0.94900835,0.9508717,0.9546698,0.9505862,0.946142,0.9451341,0.9533355,0.9475224,0.9509407,0.9497128,0.95351994,0.9524852
MOSMO,0.9484391,0.9527391,0.95274574,0.9574889,0.95390964,0.9540243,0.9523928,0.95367444,0.94982296,0.95431393,0.950983,0.9533682,0.95389146,0.95246494,0.95130897,0.95058435,0.9537735,0.9533377,0.95265216,0.9489074,0.94963,0.95207864,0.95467716,0.95446855,0.9547217,0.9550036,0.95342594,0.9515747,0.9508075,0.9512179,0.9511581,0.9566672,0.95388234,0.95066553,0.95294577,0.95154643,0.947562,0.9517949,0.9531933,0.94908506,0.95006883,0.95024693,0.9505147,0.9510819,0.9501836,0.9517849,0.9514133,0.95262635,0.95453465,1.0000113,0.95421994,0.95076996,0.9500211,0.9563868,0.9532474,0.95033437,0.9517719,0.9565743,0.9517442,0.9555865,0.9515696,0.94939286,0.95128393,0.9484192,0.9550793,0.949389,0.9548977,0.95374924,0.95422786,0.95259905,0.9498558,0.9499926,0.9542141,0.951385,0.9552641,0.95020014,0.9522919,0.953966,0.9540547,0.95228565,0.9533556,0.95066255,0.95743805,0.9486927,0.95042884,0.9563868,0.95093226,0.95491666,0.9514383,0.94946444,0.9550613,0.9502775,0.95323193,0.95210254,0.9526926,0.95511323,0.9498887,0.9471781,0.94988954,0.95548517
MT3,0.95256394,0.9543045,0.9510391,0.94992673,0.950346,0.9515194,0.953094,0.9529188,0.95034003,0.95362824,0.9513716,0.9534297,0.9500046,0.9515164,0.9494796,0.9533308,0.9531314,0.95047694,0.9503157,0.9514448,0.95214677,0.95134467,0.95565766,0.9508389,0.95186716,0.9534304,0.9526557,0.95524263,0.9519608,0.95339364,0.95405453,0.9514305,0.9553439,0.955191,0.9517225,0.9526273,0.95081526,0.9516993,0.95252573,0.9519391,0.950157,0.95226365,0.95248574,0.95420384,0.95019007,0.95519865,0.9503082,0.95045376,0.94974536,0.95421994,0.9999912,0.95172536,0.95135224,0.9550253,0.9527353,0.95204633,0.9500572,0.9547982,0.95410514,0.95275366,0.9552753,0.95249283,0.953337,0.95305467,0.9528616,0.94894725,0.9547829,0.95233,0.952774,0.9521185,0.9499475,0.9510715,0.9542092,0.9517188,0.95337313,0.9527723,0.9530921,0.95450926,0.95284414,0.9516433,0.95096815,0.9517308,0.95014995,0.9516876,0.95139104,0.95287913,0.9542943,0.9540727,0.9550957,0.95333964,0.9554474,0.9538751,0.9544225,0.9535657,0.95459676,0.954262,0.9545851,0.951895,0.95070857,0.9543379
NDST1,0.9510194,0.95208585,0.9495322,0.9511404,0.95041543,0.9509954,0.9531804,0.95169526,0.9517886,0.9516105,0.9498882,0.9542246,0.95055354,0.9501592,0.9506565,0.95053166,0.95221204,0.9505415,0.9505638,0.95159775,0.9522402,0.9513491,0.9529114,0.9500642,0.9501727,0.9502416,0.9542902,0.95274127,0.9547783,0.9513157,0.95311874,0.95105153,0.9531997,0.9525284,0.950163,0.95184064,0.95034003,0.9529231,0.95380205,0.95252293,0.9510286,0.95505357,0.9514741,0.95378834,0.9503632,0.9523895,0.9491223,0.95283914,0.9514942,0.95076996,0.95172536,1.0000093,0.9498656,0.9515029,0.956336,0.9549316,0.94933915,0.9504319,0.9525124,0.9522515,0.95288736,0.9525025,0.9510182,0.95295024,0.9550911,0.9492643,0.95187247,0.952266,0.95033795,0.950962,0.9502305,0.95118016,0.95329225,0.95042086,0.95208466,0.95207745,0.9524103,0.9520076,0.9511789,0.95152944,0.9533132,0.9519475,0.9510561,0.95115644,0.95181805,0.94961274,0.9504569,0.95294917,0.9530554,0.9555904,0.9523284,0.952096,0.9513664,0.95028234,0.9534022,0.9519085,0.95259047,0.95087314,0.9515827,0.9535092
NNAT,0.95324826,0.9504516,0.9607117,0.9536428,0.9622509,0.9505677,0.949608,0.94898635,0.9514961,0.9526006,0.96157336,0.94968647,0.95521015,0.9629703,0.9594155,0.95831054,0.9504576,0.95542794,0.9555726,0.95369685,0.95205,0.95450747,0.94908524,0.95735246,0.9508035,0.9498646,0.94912815,0.95244306,0.95088285,0.9530788,0.9505469,0.94513196,0.9485586,0.951548,0.9474999,0.9415399,0.9627793,0.9494757,0.9457329,0.95067316,0.9529817,0.9489245,0.95228004,0.9497945,0.95736665,0.95081186,0.9602324,0.95151716,0.94562155,0.9500211,0.95135224,0.9498656,0.9999889,0.9496488,0.95087314,0.9513051,0.9561486,0.9511651,0.9521709,0.9508995,0.95260525,0.9518581,0.95340794,0.95407414,0.94887173,0.9699754,0.95107204,0.94159865,0.956166,0.9595647,0.9604171,0.9559361,0.9501101,0.9616995,0.9483718,0.95534676,0.94950986,0.9501449,0.9515581,0.95144016,0.9494916,0.9429467,0.94953394,0.9557482,0.9576801,0.95226717,0.9512055,0.95076364,0.95103806,0.94943714,0.9504525,0.95010555,0.95116806,0.9552725,0.9497439,0.9523827,0.9517241,0.95499307,0.9550629,0.9500093
OPTN,0.9506249,0.9517625,0.9514209,0.95699763,0.94990194,0.95496327,0.95375293,0.9516183,0.955528,0.9513437,0.9505727,0.9504979,0.95557547,0.95277846,0.9520178,0.95053005,0.95171154,0.9506652,0.9559457,0.9501822,0.9474445,0.9500771,0.95065665,0.9478002,0.9511773,0.9523949,0.9520228,0.95080805,0.9522748,0.9486822,0.9527936,0.9577637,0.9535196,0.9509455,0.95352817,0.95235974,0.947007,0.9569177,0.9539614,0.95895976,0.9465236,0.95144284,0.9497998,0.9494162,0.9506285,0.9497144,0.9511419,0.9533467,0.9593421,0.9563868,0.9550253,0.9515029,0.9496488,1.000013,0.9504736,0.95326364,0.951913,0.94985694,0.9518927,0.9518728,0.95297205,0.95250285,0.9548365,0.9497837,0.9528412,0.94954556,0.9531885,0.9506743,0.9551266,0.9518745,0.95252347,0.9528914,0.94887704,0.95141625,0.95382583,0.9486087,0.95068645,0.95182717,0.95752996,0.95595956,0.9502628,0.9505777,0.9525068,0.9500063,0.9474347,0.9573927,0.95625204,0.9541186,0.9533538,0.9516393,0.9551783,0.95149875,0.9506818,0.9521694,0.95552725,0.95334464,0.9532792,0.95208865,0.9563777,0.95104086
ORM2,0.95250905,0.9536085,0.9520172,0.9511349,0.95059633,0.9539063,0.9514149,0.954247,0.9523966,0.9557339,0.95270085,0.9549739,0.9492165,0.9524248,0.949622,0.9530086,0.9538038,0.9493503,0.9517311,0.95317984,0.9537998,0.9506095,0.9552009,0.9515455,0.95285463,0.9506472,0.9555714,0.95458734,0.9552107,0.95318264,0.95532864,0.95060337,0.95273453,0.9553522,0.950444,0.95118433,0.9523692,0.95013595,0.9510089,0.94996333,0.95443135,0.9555001,0.95250636,0.9548371,0.95032966,0.9560368,0.9501727,0.9491964,0.9490613,0.9532474,0.9527353,0.956336,0.95087314,0.9504736,1.0000128,0.9538233,0.95002824,0.9546276,0.95321804,0.9538669,0.9550972,0.9533185,0.95168334,0.95357734,0.9550881,0.9497746,0.95286924,0.9528092,0.95073605,0.9517692,0.94989645,0.95280373,0.95632434,0.9521678,0.95171374,0.9550852,0.9528926,0.9544145,0.9519285,0.9495085,0.9554227,0.9530983,0.9507574,0.95256877,0.9534833,0.9505315,0.951768,0.9541922,0.9562857,0.9562236,0.9524157,0.9534493,0.9562964,0.9515406,0.95319366,0.9534696,0.9545046,0.9504847,0.951659,0.95234776
P3H3,0.9502597,0.9531296,0.94864976,0.95072156,0.95042056,0.9546082,0.95462406,0.95269626,0.9545686,0.9522244,0.9501579,0.95249265,0.9537188,0.9498776,0.9502701,0.950294,0.9537558,0.95178616,0.9537524,0.9521125,0.9551591,0.9527894,0.9516598,0.94930065,0.9486915,0.9528967,0.9547526,0.9535958,0.9534671,0.94900733,0.95466965,0.9544487,0.9515772,0.956182,0.9531497,0.95595944,0.9514629,0.9571845,0.95386606,0.9584715,0.9524031,0.95536184,0.95202994,0.95285606,0.95022374,0.9530356,0.9500531,0.95343953,0.9560452,0.95033437,0.95204633,0.9549316,0.9513051,0.95326364,0.9538233,0.9999982,0.95061016,0.94862974,0.9531652,0.9536297,0.95325136,0.9552474,0.954302,0.95384276,0.9556925,0.9487487,0.95345193,0.95131516,0.95140547,0.9502411,0.9506364,0.9542148,0.9528676,0.95154124,0.9539087,0.9505219,0.957192,0.9525003,0.95467573,0.95518017,0.9506583,0.9512464,0.9517571,0.95509434,0.9536178,0.9496668,0.95497346,0.95275605,0.95431674,0.9556507,0.95244575,0.9533142,0.9536889,0.9480548,0.95455813,0.94965786,0.95687497,0.95358104,0.95369023,0.9528847
PEX10,0.9505325,0.9499597,0.9542795,0.95396924,0.9554729,0.9508775,0.9514573,0.94923425,0.9501806,0.9506942,0.95703536,0.94982827,0.95681006,0.95420676,0.96099985,0.9512821,0.9499124,0.9539436,0.95462626,0.9498349,0.9512943,0.95090675,0.9488092,0.9542873,0.9498126,0.9518398,0.95086086,0.94840395,0.9507206,0.9515787,0.9489664,0.94895065,0.9467116,0.94947445,0.94991916,0.94702315,0.9519648,0.9513898,0.9506459,0.95205194,0.9498569,0.94918555,0.9506786,0.94956553,0.95462495,0.9496957,0.95517313,0.95049167,0.9501623,0.9517719,0.9500572,0.94933915,0.9561486,0.951913,0.95002824,0.95061016,1.00001,0.94848704,0.95050377,0.94905293,0.9503772,0.95084655,0.95406985,0.9501166,0.949561,0.95723784,0.95144063,0.94560593,0.95349157,0.9546285,0.95649207,0.9534175,0.9486579,0.952293,0.95008534,0.9503519,0.94947386,0.9485545,0.95021737,0.95288587,0.9494308,0.94585973,0.9522008,0.9521852,0.9502833,0.9531072,0.950112,0.9506159,0.94941294,0.9493039,0.95053065,0.9479354,0.9484258,0.953107,0.9495799,0.9502859,0.9492792,0.9514626,0.9547219,0.95178264
PIP,0.9515414,0.95196056,0.95654124,0.9510781,0.95312643,0.9541124,0.9495808,0.9553724,0.95117974,0.952915,0.95509934,0.9557841,0.94922656,0.9547043,0.950873,0.9543783,0.95332515,0.9499379,0.9535473,0.95278585,0.95026535,0.9505184,0.95633996,0.9523474,0.9557431,0.95249456,0.9515553,0.95730937,0.95072776,0.9523715,0.95370364,0.9508495,0.9605091,0.9523624,0.9561638,0.9507958,0.95549273,0.94867957,0.9503976,0.9454838,0.95693195,0.95110327,0.95083535,0.9500488,0.95186716,0.9586983,0.9521494,0.94885343,0.9484526,0.9565743,0.9547982,0.9504319,0.9511651,0.94985694,0.9546276,0.94862974,0.94848704,0.9999941,0.95493853,0.9581761,0.9550126,0.95160383,0.95199054,0.9523439,0.95327103,0.950937,0.9542339,0.9519204,0.95500875,0.9529016,0.94963425,0.95109284,0.9567194,0.955202,0.95048296,0.9537977,0.9531588,0.95663,0.9535119,0.9518102,0.954814,0.95311034,0.9555273,0.95172936,0.95546806,0.9548272,0.95044863,0.9587086,0.9555854,0.9510498,0.9567317,0.95838785,0.9576151,0.9543917,0.95113146,0.9577741,0.955747,0.9556947,0.95195085,0.9533003
POMK,0.954681,0.9555772,0.9527691,0.9492943,0.95040536,0.95305985,0.9507539,0.953987,0.95233977,0.9561882,0.95184934,0.95283717,0.949179,0.9512496,0.94823515,0.9532866,0.95370466,0.9497264,0.9488158,0.9546469,0.9536259,0.95087814,0.95337814,0.9568616,0.9557421,0.9546586,0.9551041,0.95549417,0.95271385,0.9539453,0.95329785,0.9498057,0.9525984,0.9559943,0.9518297,0.9521787,0.9523563,0.9528323,0.95560336,0.94814634,0.95285904,0.9515427,0.9528553,0.95532435,0.950577,0.95641726,0.949986,0.9519474,0.9508316,0.9517442,0.95410514,0.9525124,0.9521709,0.9518927,0.95321804,0.9531652,0.95050377,0.95493853,1.0000074,0.9562152,0.9552465,0.9534514,0.9515442,0.95472205,0.9547024,0.94886994,0.9550667,0.9530417,0.94913876,0.95158875,0.9498466,0.953061,0.95434135,0.951404,0.95299053,0.9556465,0.9548554,0.95633405,0.9513298,0.95234823,0.9536621,0.954236,0.9497806,0.95579916,0.9531324,0.9501413,0.954791,0.95394194,0.9546037,0.95286256,0.9565463,0.9548571,0.95542157,0.9524524,0.9537637,0.9539946,0.95289975,0.94973814,0.9491676,0.95626
POU2F3,0.9524535,0.95280814,0.9539145,0.95217264,0.9503767,0.9577406,0.95477676,0.95541286,0.95390075,0.952016,0.9515014,0.95242304,0.95048344,0.9528285,0.9485506,0.95097154,0.95709777,0.95087063,0.9516149,0.95561475,0.95524895,0.9525226,0.9555013,0.95479107,0.9550758,0.95405155,0.95372856,0.95628893,0.95074606,0.95100087,0.952363,0.95468366,0.9586792,0.9569035,0.9572748,0.95561016,0.9541024,0.9537021,0.9553038,0.9489986,0.95044696,0.95190495,0.9512798,0.95310366,0.9498123,0.95842326,0.95082366,0.9530962,0.9549906,0.9555865,0.95275366,0.9522515,0.9508995,0.9518728,0.9538669,0.9536297,0.94905293,0.9581761,0.9562152,0.99999934,0.95376116,0.95431125,0.95026505,0.95298076,0.9544089,0.94831574,0.9528657,0.9547438,0.95163,0.9510912,0.9482623,0.95172423,0.95649844,0.95170647,0.9549328,0.95280737,0.9564749,0.9532678,0.952996,0.9532253,0.9532117,0.9536514,0.95366615,0.95343393,0.9572186,0.95222807,0.9542391,0.9554188,0.9541467,0.9521218,0.95651317,0.9565807,0.95494246,0.9501087,0.9544473,0.951579,0.9539743,0.95229524,0.9517919,0.9556199
RAB30,0.9525399,0.95434093,0.95501196,0.9505231,0.9508195,0.9521733,0.95020103,0.9535836,0.95434666,0.9551314,0.953266,0.9556333,0.9489292,0.95337373,0.9495887,0.95613563,0.9541087,0.95262384,0.95422626,0.9562373,0.9526224,0.95126885,0.9562886,0.95213616,0.9524828,0.95334524,0.952199,0.9590591,0.95509094,0.95553,0.9563105,0.94850385,0.95380193,0.9571818,0.9493161,0.9494921,0.95395917,0.95157677,0.953463,0.9510443,0.9519767,0.9530481,0.95340234,0.9528268,0.9501741,0.9561981,0.9513749,0.9530179,0.9478338,0.9515696,0.9552753,0.95288736,0.95260525,0.95297205,0.9550972,0.95325136,0.9503772,0.9550126,0.9552465,0.95376116,0.99999696,0.9556593,0.9558809,0.95402163,0.9538672,0.95124257,0.9558218,0.95259106,0.9544259,0.95411026,0.9515728,0.9553589,0.95559895,0.9556194,0.95214,0.9574822,0.953048,0.95401126,0.9560369,0.9511234,0.9549374,0.95276666,0.94829744,0.95417184,0.9538034,0.9533636,0.95440227,0.95657843,0.95743895,0.95304924,0.95571595,0.9544311,0.95748955,0.9558245,0.9557369,0.95521575,0.9552056,0.9564614,0.95297813,0.9542557
RAMP1,0.9521784,0.9541482,0.95140004,0.95066524,0.94881123,0.9521357,0.9536817,0.9498835,0.9539134,0.9538177,0.95152044,0.9550288,0.9521785,0.95235,0.94961584,0.95351887,0.95405567,0.9518888,0.95169234,0.9562564,0.9539229,0.9543372,0.9526126,0.95199203,0.9507795,0.95715904,0.95334595,0.9534371,0.9538367,0.9536908,0.9531439,0.95092547,0.953457,0.9556985,0.95144784,0.95256066,0.95112354,0.95403916,0.9537328,0.9544592,0.9506849,0.95373297,0.95153296,0.95406824,0.95030314,0.95524216,0.95074993,0.9557659,0.95560306,0.94939286,0.95249283,0.9525025,0.9518581,0.95250285,0.9533185,0.9552474,0.95084655,0.95160383,0.9534514,0.95431125,0.9556593,1.0000081,0.9551283,0.9568544,0.95159745,0.95037717,0.95428824,0.9515411,0.950688,0.95142114,0.9494962,0.95419353,0.95173764,0.9516216,0.95457673,0.954599,0.9554421,0.9518177,0.9547828,0.95103115,0.9540284,0.9509817,0.9489612,0.95413566,0.9522692,0.9522988,0.9556364,0.95330787,0.9540391,0.95208704,0.95427763,0.9529678,0.9535405,0.95132697,0.9549393,0.9523538,0.9522546,0.9570407,0.9529103,0.95492625
RASD2,0.9516815,0.95435846,0.9535892,0.95367897,0.9522785,0.95232403,0.95099634,0.9517876,0.95432043,0.9532727,0.9526504,0.9524872,0.9557854,0.953626,0.9530556,0.955568,0.9521982,0.9534241,0.95473206,0.95318794,0.95190364,0.9507653,0.9509045,0.95167184,0.9516884,0.95290744,0.9522327,0.95391226,0.9540098,0.95328635,0.9532024,0.95071185,0.9513086,0.95205754,0.95234567,0.94996315,0.95202845,0.95409167,0.951585,0.9557627,0.9517951,0.9508519,0.95149165,0.9517857,0.9503328,0.95177376,0.95227873,0.95381457,0.95073295,0.95128393,0.953337,0.9510182,0.95340794,0.9548365,0.95168334,0.954302,0.95406985,0.95199054,0.9515442,0.95026505,0.9558809,0.9551283,1.0000113,0.9535135,0.9518194,0.9532749,0.9532537,0.94898003,0.95498335,0.9545462,0.95431197,0.95506954,0.9506341,0.9534485,0.9513628,0.9532447,0.951635,0.9520856,0.9540956,0.9537887,0.952851,0.9495681,0.95123667,0.95381486,0.95258296,0.95482403,0.9541881,0.953015,0.9520681,0.95102906,0.9524076,0.9512849,0.9526772,0.95494723,0.9530474,0.9540644,0.9528611,0.9569208,0.95607543,0.9526004
RBMS1,0.953333,0.9534332,0.95246494,0.94693714,0.9496616,0.94982976,0.9497571,0.9493776,0.9520736,0.95156515,0.95173734,0.9538977,0.9509592,0.95304036,0.94914454,0.95302427,0.95156306,0.9541955,0.9535433,0.9585699,0.95458335,0.9551649,0.95201653,0.95312613,0.95114994,0.952823,0.95287526,0.95375526,0.95318455,0.95665556,0.95337546,0.9511325,0.95187485,0.9542752,0.9496578,0.9500094,0.95495576,0.95167077,0.94917166,0.95347387,0.95165664,0.9524018,0.9522749,0.95374024,0.95040786,0.9558697,0.95092386,0.95196563,0.9496706,0.9484192,0.95305467,0.95295024,0.95407414,0.9497837,0.95357734,0.95384276,0.9501166,0.9523439,0.95472205,0.95298076,0.95402163,0.9568544,0.9535135,1.00001,0.95175266,0.95195633,0.9547465,0.9505498,0.9510805,0.9532505,0.9519901,0.95643336,0.95084447,0.95396584,0.95269835,0.9566437,0.9535777,0.95127034,0.9535194,0.9525988,0.9523604,0.9519009,0.9495481,0.953595,0.9554083,0.9519106,0.9549621,0.9522598,0.95184666,0.9529741,0.95197636,0.95278996,0.9536947,0.9534501,0.9522543,0.9514586,0.9518714,0.9591658,0.9532373,0.9513249
RCBTB1,0.9504534,0.9546368,0.950517,0.9538222,0.9504243,0.9546916,0.9525196,0.95428705,0.95259446,0.9536081,0.9496278,0.95525074,0.95079434,0.9507516,0.9497893,0.95090795,0.9536496,0.94958097,0.9513793,0.951335,0.95464295,0.9521385,0.95387614,0.9512261,0.9523212,0.95036453,0.95582205,0.955446,0.9537304,0.9514554,0.9552854,0.9538921,0.9533532,0.9550567,0.953123,0.9536246,0.9496931,0.95428735,0.9551259,0.9513701,0.95218617,0.9526149,0.9537791,0.9540436,0.9493291,0.95393604,0.9496398,0.9517719,0.9545732,0.9550793,0.9528616,0.9550911,0.94887173,0.9528412,0.9550881,0.9556925,0.949561,0.95327103,0.9547024,0.9544089,0.9538672,0.95159745,0.9518194,0.95175266,1.0000099,0.9486574,0.9550157,0.9538836,0.95262676,0.9507735,0.94932795,0.9519341,0.9560406,0.949663,0.95186925,0.95249486,0.9543644,0.95342654,0.95200133,0.95194083,0.9545864,0.95268106,0.95306563,0.9509956,0.9529924,0.9517315,0.9529583,0.9559424,0.95530146,0.9560474,0.9533583,0.9539245,0.9536978,0.9499532,0.9538642,0.9512062,0.9541208,0.9482103,0.9524956,0.95450723
RPS6KA1,0.9529365,0.94974893,0.96115476,0.9550282,0.9636807,0.94923395,0.9486046,0.94892436,0.9500597,0.95059675,0.96411115,0.9497957,0.9553463,0.96366537,0.9651567,0.9590939,0.95032054,0.955644,0.95649314,0.9531111,0.95013326,0.9543023,0.9496855,0.954123,0.95089984,0.949285,0.94840187,0.95159495,0.950793,0.9527724,0.94949526,0.942249,0.94611853,0.9489317,0.9475566,0.9378731,0.962279,0.94900155,0.94526356,0.95055646,0.95100695,0.94837207,0.95177734,0.94842637,0.9592187,0.9492895,0.9605194,0.95172715,0.9433725,0.949389,0.94894725,0.9492643,0.9699754,0.94954556,0.9497746,0.9487487,0.95723784,0.950937,0.94886994,0.94831574,0.95124257,0.95037717,0.9532749,0.95195633,0.9486574,0.9999972,0.9497487,0.9372438,0.9590844,0.95920986,0.96330124,0.954108,0.9483916,0.9640821,0.94493186,0.95380354,0.9472844,0.9483416,0.95175576,0.95122963,0.95003545,0.9393092,0.9504533,0.95449626,0.9549477,0.9531275,0.95056367,0.95092136,0.9497726,0.9487357,0.9490488,0.9477734,0.950308,0.957593,0.9485744,0.9513189,0.94861585,0.95661247,0.9567081,0.9497111
S100P,0.9517504,0.9574412,0.95143086,0.9527154,0.9508083,0.9512718,0.9513684,0.9515915,0.9527698,0.9555771,0.9501727,0.95553935,0.9526756,0.952761,0.94941086,0.9539566,0.9520815,0.956216,0.9539572,0.9522942,0.9530685,0.95446193,0.95161045,0.9556918,0.94974136,0.9570787,0.953379,0.9515779,0.9529987,0.95324033,0.953017,0.9525454,0.9518983,0.9533351,0.9471563,0.95221096,0.9495445,0.9521551,0.95309234,0.9520371,0.94959426,0.95216626,0.9530338,0.95371205,0.94892746,0.95406324,0.95115364,0.9549151,0.9519969,0.9548977,0.9547829,0.95187247,0.95107204,0.9531885,0.95286924,0.95345193,0.95144063,0.9542339,0.9550667,0.9528657,0.9558218,0.95428824,0.9532537,0.9547465,0.9550157,0.9497487,0.9999961,0.952892,0.95371515,0.95484024,0.9506047,0.9524069,0.9551301,0.95156056,0.95625263,0.95407414,0.95269716,0.9543372,0.9551491,0.9525802,0.95447934,0.95199955,0.94891167,0.9513642,0.9508844,0.9569521,0.95312107,0.9533368,0.9529782,0.95311284,0.9540373,0.95051867,0.95129585,0.9509169,0.95520717,0.9564227,0.9502856,0.95127934,0.95153475,0.9554893
SAMHD1,0.9508759,0.9533577,0.9476898,0.94936156,0.944154,0.9533913,0.95133007,0.9546207,0.95196664,0.95187986,0.9432578,0.9547215,0.9461724,0.9457566,0.94110125,0.94809103,0.952369,0.949508,0.9482652,0.95159614,0.95434946,0.9509547,0.9526191,0.9515203,0.95345026,0.9512648,0.9525176,0.9516685,0.9514323,0.9503303,0.95172846,0.958547,0.95565,0.9519516,0.95282036,0.95919585,0.9460878,0.9517671,0.95495933,0.94786656,0.9514952,0.9525339,0.9524622,0.9533957,0.9448956,0.9534024,0.94784373,0.951909,0.9565605,0.95374924,0.95233,0.952266,0.94159865,0.9506743,0.9528092,0.95131516,0.94560593,0.9519204,0.9530417,0.9547438,0.95259106,0.9515411,0.94898003,0.9505498,0.9538836,0.9372438,0.952892,0.9999886,0.9477003,0.94752455,0.94334656,0.9499366,0.954981,0.94507146,0.9548524,0.95184016,0.9557104,0.9543628,0.95153636,0.9499309,0.95253485,0.9603518,0.95245486,0.9488135,0.95092183,0.9496515,0.95170665,0.9538331,0.9521531,0.9522397,0.95367575,0.9534325,0.9512436,0.94814646,0.95368266,0.9511386,0.95348,0.9472079,0.9477508,0.95355344
SFMBT2,0.95009464,0.9509241,0.95678896,0.9590206,0.95686615,0.9523707,0.9507093,0.9511999,0.9541409,0.9511212,0.9555417,0.95317286,0.95580417,0.9583923,0.9551614,0.9569254,0.9514852,0.9548605,0.960797,0.95268834,0.9491038,0.9538166,0.9521822,0.9517121,0.9510415,0.9516094,0.9491637,0.9545774,0.9540208,0.9524503,0.95137596,0.9510108,0.95051384,0.9505604,0.9518541,0.9445658,0.95533365,0.9523933,0.94929874,0.9524901,0.9522159,0.94952387,0.9506928,0.9493451,0.9531096,0.95139587,0.95678794,0.95149076,0.94917005,0.95422786,0.952774,0.95033795,0.956166,0.9551266,0.95073605,0.95140547,0.95349157,0.95500875,0.94913876,0.95163,0.9544259,0.950688,0.95498335,0.9510805,0.95262676,0.9590844,0.95371515,0.9477003,1.0000043,0.95816493,0.95622027,0.95449847,0.94980043,0.9587745,0.95009136,0.9506348,0.94889116,0.9516467,0.9564748,0.9555914,0.9512958,0.94659686,0.9529511,0.9519455,0.95184976,0.95778173,0.9539112,0.95268285,0.95449793,0.9512276,0.95247877,0.9524367,0.95204675,0.95567465,0.95196664,0.9541525,0.9522036,0.95599645,0.9565398,0.950912
SFN,0.95191175,0.9522306,0.9583251,0.954497,0.95471364,0.9496831,0.9499908,0.94977295,0.9519392,0.9550989,0.9554943,0.952669,0.95490116,0.9583332,0.9533875,0.95664763,0.9520473,0.957591,0.95814663,0.9526539,0.9501571,0.954656,0.9493746,0.95746,0.9512958,0.9528022,0.9497018,0.9512679,0.9518739,0.9560902,0.95064664,0.9488792,0.9483947,0.9501042,0.94621086,0.9443496,0.9550699,0.9498873,0.94863176,0.95100164,0.95070016,0.9500893,0.95131695,0.95167106,0.9540808,0.95077854,0.95759916,0.95349187,0.946947,0.95259905,0.9521185,0.950962,0.9595647,0.9518745,0.9517692,0.9502411,0.9546285,0.9529016,0.95158875,0.9510912,0.95411026,0.95142114,0.9545462,0.9532505,0.9507735,0.95920986,0.95484024,0.94752455,0.95816493,1.0000067,0.9557512,0.9529352,0.95098627,0.95918417,0.95188224,0.9544321,0.94882923,0.951899,0.95346224,0.9531338,0.9515008,0.94665504,0.9491971,0.95116425,0.95273817,0.9572181,0.9506872,0.95391726,0.95122254,0.94924164,0.9536891,0.94816005,0.9510758,0.9551009,0.9518013,0.95751625,0.9484549,0.9558787,0.9522253,0.95437545
SFXN4,0.95150983,0.9533689,0.95545626,0.95472765,0.957542,0.9505373,0.9506607,0.94880134,0.9538958,0.95156074,0.9596101,0.9506956,0.9550582,0.95757556,0.9615383,0.9555381,0.95093685,0.9537586,0.95847654,0.95199955,0.950489,0.9511744,0.94960254,0.95291245,0.9496341,0.94953513,0.9498826,0.952043,0.95106393,0.9524974,0.9508636,0.9475886,0.9473211,0.9492973,0.94796395,0.94479847,0.9566773,0.95151764,0.9471569,0.95363545,0.95288396,0.9489847,0.95138043,0.9499487,0.954569,0.9499065,0.95522916,0.9519376,0.9469243,0.9498558,0.9499475,0.9502305,0.9604171,0.95252347,0.94989645,0.9506364,0.95649207,0.94963425,0.9498466,0.9482623,0.9515728,0.9494962,0.95431197,0.9519901,0.94932795,0.96330124,0.9506047,0.94334656,0.95622027,0.9557512,0.9999914,0.9539666,0.94818825,0.95667505,0.94731057,0.9529878,0.94838715,0.9489151,0.9536812,0.95388764,0.9508617,0.944948,0.951724,0.9536336,0.9536704,0.95326066,0.9514953,0.9497932,0.9505513,0.9505421,0.94975424,0.9506096,0.9509163,0.95622975,0.9497578,0.9524143,0.95042545,0.95516336,0.95613617,0.94937176
SH3KBP1,0.9540212,0.9553369,0.95516473,0.9502896,0.953623,0.95456886,0.95055664,0.95264983,0.9566031,0.9560501,0.9533386,0.9508474,0.9547945,0.95525014,0.951288,0.95526004,0.9517027,0.9520208,0.95455176,0.9585763,0.95444447,0.9533426,0.94980776,0.95393765,0.9552226,0.95095086,0.95328957,0.956464,0.953704,0.9545935,0.9527674,0.95134825,0.94864476,0.95421046,0.9518434,0.9486042,0.95807844,0.9534228,0.9498557,0.9563159,0.9547331,0.949593,0.9513935,0.9539038,0.95098484,0.95311725,0.9534248,0.95118743,0.94930375,0.9499926,0.9510715,0.95118016,0.9559361,0.9528914,0.95280373,0.9542148,0.9534175,0.95109284,0.953061,0.95172423,0.9553589,0.95419353,0.95506954,0.95643336,0.9519341,0.954108,0.9524069,0.9499366,0.95449847,0.9529352,0.9539666,0.9999939,0.95128584,0.9557631,0.94901574,0.95619375,0.95234066,0.95162237,0.9568827,0.9553718,0.95139074,0.9500852,0.9496534,0.95487934,0.9566574,0.9500884,0.95674545,0.95230705,0.95542854,0.952032,0.95161957,0.9518612,0.9542489,0.95377743,0.95206356,0.9527602,0.95513135,0.95509976,0.95604676,0.95237553
SIT1,0.9510904,0.9536126,0.95203626,0.9484867,0.95078063,0.955024,0.9510822,0.95684934,0.9511457,0.95500016,0.9514232,0.9559018,0.9482185,0.9510305,0.94918215,0.95178145,0.9540435,0.94957894,0.9509173,0.95390725,0.95381224,0.9501367,0.9578332,0.9512606,0.9549425,0.95096344,0.9559349,0.9562828,0.95406616,0.95384735,0.9551852,0.95132476,0.95521414,0.95609355,0.9532187,0.95328176,0.9517357,0.9493009,0.9530659,0.94652647,0.95377773,0.95365024,0.95284474,0.95533025,0.9502897,0.9577536,0.950036,0.9502107,0.94984144,0.9542141,0.9542092,0.95329225,0.9501101,0.94887704,0.95632434,0.9528676,0.9486579,0.9567194,0.95434135,0.95649844,0.95559895,0.95173764,0.9506341,0.95084447,0.9560406,0.9483916,0.9551301,0.954981,0.94980043,0.95098627,0.94818825,0.95128584,0.9999982,0.95126164,0.95381546,0.9554356,0.95559275,0.95648897,0.95089686,0.9483565,0.9563915,0.9540062,0.95046794,0.9504541,0.9537095,0.9503856,0.9520453,0.9570764,0.9554166,0.9549136,0.95521694,0.9564688,0.9567804,0.95125926,0.9550101,0.95218974,0.9541835,0.9480474,0.95029646,0.955083
SLC25A33,0.9529368,0.952084,0.96139234,0.9517741,0.95714414,0.9519525,0.9478932,0.95122355,0.952467,0.9525058,0.9566486,0.9524252,0.95369333,0.96094364,0.9545918,0.95988137,0.951276,0.95424306,0.95812047,0.9545381,0.9505184,0.954796,0.95156395,0.9535121,0.95252305,0.9505309,0.94828874,0.9542564,0.9518707,0.9554765,0.9525105,0.9472133,0.9496092,0.9520768,0.949619,0.940773,0.9615967,0.9493444,0.9466181,0.95186317,0.9537984,0.9495292,0.9518757,0.95105624,0.95541805,0.95207846,0.9591265,0.9518735,0.9439818,0.951385,0.9517188,0.95042086,0.9616995,0.95141625,0.9521678,0.95154124,0.952293,0.955202,0.951404,0.95170647,0.9556194,0.9516216,0.9534485,0.95396584,0.949663,0.9640821,0.95156056,0.94507146,0.9587745,0.95918417,0.95667505,0.9557631,0.95126164,0.999988,0.9487977,0.956665,0.9501567,0.9515782,0.9531269,0.95183694,0.9506122,0.94477063,0.94952136,0.9535954,0.9567164,0.95352674,0.9531186,0.9531727,0.9536483,0.95042855,0.9515728,0.9532811,0.9547825,0.9568295,0.95014685,0.9529585,0.95262665,0.9589597,0.95493066,0.9504812
SLC25A53,0.9516779,0.95247823,0.94675004,0.95133966,0.9488659,0.952056,0.9538727,0.95200014,0.9523344,0.9527856,0.94925094,0.9518349,0.95127165,0.9502279,0.94912493,0.9498333,0.95125264,0.95191777,0.9502545,0.9477659,0.95252734,0.95384413,0.9516,0.9535798,0.94873816,0.956624,0.9529408,0.94918317,0.9507008,0.9511324,0.9516997,0.9514956,0.9546459,0.95302373,0.9505782,0.9548535,0.94614345,0.95217884,0.9571717,0.9535252,0.94544387,0.9536775,0.9499405,0.9541893,0.9498625,0.9518695,0.9484951,0.95386535,0.9587134,0.9552641,0.95337313,0.95208466,0.9483718,0.95382583,0.95171374,0.9539087,0.95008534,0.95048296,0.95299053,0.9549328,0.95214,0.95457673,0.9513628,0.95269835,0.95186925,0.94493186,0.95625263,0.9548524,0.95009136,0.95188224,0.94731057,0.94901574,0.95381546,0.9487977,0.9999858,0.9516432,0.95357025,0.95707655,0.9526206,0.95111394,0.95020974,0.95298445,0.95050836,0.9511332,0.95022494,0.95289516,0.9511113,0.95282537,0.9502305,0.9513395,0.9571922,0.9503114,0.9486946,0.948316,0.9547823,0.9544195,0.951103,0.9483272,0.9479053,0.9561149
SLC38A7,0.9555329,0.95522064,0.955734,0.94902885,0.95267755,0.95180637,0.94936997,0.95257777,0.95419073,0.9568674,0.9545182,0.9542815,0.94984525,0.954782,0.94926965,0.9576303,0.95315707,0.95241344,0.95184135,0.9589389,0.9543947,0.95216125,0.95443827,0.95593435,0.95439255,0.95390105,0.953274,0.9578021,0.9529775,0.9573578,0.95487356,0.947405,0.9511476,0.9556622,0.94933957,0.9486575,0.9564438,0.95022696,0.9493934,0.9488624,0.9545209,0.95058465,0.95355266,0.95499504,0.95086807,0.9564979,0.9533586,0.9501399,0.945626,0.95020014,0.9527723,0.95207745,0.95534676,0.9486087,0.9550852,0.9505219,0.9503519,0.9537977,0.9556465,0.95280737,0.9574822,0.954599,0.9532447,0.9566437,0.95249486,0.95380354,0.95407414,0.95184016,0.9506348,0.9544321,0.9529878,0.95619375,0.9554356,0.956665,0.9516432,1.0000083,0.9549303,0.95420504,0.95172524,0.9497291,0.9546753,0.9520091,0.9473293,0.9542427,0.95872676,0.94963264,0.953804,0.9554064,0.9533375,0.95221406,0.9526671,0.9535949,0.955704,0.9550746,0.9539635,0.9542,0.952369,0.9551844,0.95088667,0.9543244
SPATA2,0.9519606,0.9540283,0.9495439,0.948518,0.95080507,0.9538315,0.9533814,0.95439374,0.9549884,0.9516761,0.94967943,0.95482934,0.950747,0.95112365,0.9476967,0.9500514,0.9530855,0.95187163,0.9510911,0.9552012,0.9578051,0.9535122,0.9549603,0.95245594,0.9521626,0.95407677,0.9567339,0.9521002,0.95142543,0.9514544,0.95300204,0.95423555,0.9547719,0.95759964,0.9557962,0.9569606,0.95198536,0.95516187,0.95344245,0.9529377,0.9530963,0.9549942,0.95320725,0.95376384,0.9489677,0.95540905,0.95046717,0.9523319,0.95492315,0.9522919,0.9530921,0.9524103,0.94950986,0.95068645,0.9528926,0.957192,0.94947386,0.9531588,0.9548554,0.9564749,0.953048,0.9554421,0.951635,0.9535777,0.9543644,0.9472844,0.95269716,0.9557104,0.94889116,0.94882923,0.94838715,0.95234066,0.95559275,0.9501567,0.95357025,0.9549303,0.9999994,0.9534782,0.95451826,0.95192677,0.95430547,0.95394886,0.95012766,0.9526088,0.9523674,0.94918895,0.9548855,0.9534359,0.95327395,0.9537121,0.9531047,0.95675313,0.9541129,0.9495145,0.9545171,0.9480893,0.9550537,0.95232415,0.950644,0.9568751
SUMF1,0.9528,0.952625,0.951419,0.9515949,0.95195603,0.954762,0.95160353,0.9546894,0.9509426,0.95613897,0.9514991,0.9542521,0.94910324,0.9510202,0.9498367,0.95346147,0.952421,0.94898105,0.9503652,0.951275,0.95255953,0.9509934,0.9541236,0.9526678,0.95390254,0.9539684,0.9528816,0.9522648,0.95175624,0.9523778,0.95451516,0.94983894,0.95487064,0.95453936,0.9522749,0.95265424,0.9508139,0.9518894,0.95486087,0.948449,0.9556517,0.9516681,0.95083535,0.95335877,0.9506045,0.9552184,0.95031554,0.9512188,0.95269054,0.953966,0.95450926,0.9520076,0.9501449,0.95182717,0.9544145,0.9525003,0.9485545,0.95663,0.95633405,0.9532678,0.95401126,0.9518177,0.9520856,0.95127034,0.95342654,0.9483416,0.9543372,0.9543628,0.9516467,0.951899,0.9489151,0.95162237,0.95648897,0.9515782,0.95707655,0.95420504,0.9534782,1.0000122,0.9533456,0.9482793,0.95095646,0.95502627,0.951309,0.9519117,0.9537921,0.95026124,0.9513449,0.9560489,0.9552686,0.9527244,0.9547552,0.9541391,0.9539898,0.95156837,0.95494455,0.95364726,0.954128,0.94803107,0.9503828,0.9538404
THYN1,0.9528313,0.9537922,0.95264953,0.9548411,0.9524845,0.95327187,0.95166045,0.9504777,0.95817095,0.95499724,0.95168656,0.95384943,0.9549841,0.9547155,0.95121753,0.9545788,0.9511938,0.9546554,0.9581362,0.9540963,0.95187354,0.9538232,0.9522729,0.95238376,0.9527423,0.9537205,0.9526168,0.9528259,0.95306456,0.9526231,0.95191467,0.9565867,0.95131224,0.9539511,0.95131236,0.95205355,0.9509291,0.9542146,0.9507966,0.9563112,0.95372266,0.95140445,0.95152104,0.9497685,0.9500528,0.95273054,0.95263267,0.9553057,0.9546123,0.9540547,0.95284414,0.9511789,0.9515581,0.95752996,0.9519285,0.95467573,0.95021737,0.9535119,0.9513298,0.952996,0.9560369,0.9547828,0.9540956,0.9535194,0.95200133,0.95175576,0.9551491,0.95153636,0.9564748,0.95346224,0.9536812,0.9568827,0.95089686,0.9531269,0.9526206,0.95172524,0.95451826,0.9533456,0.9999871,0.95777154,0.95389485,0.94960564,0.9508707,0.9516313,0.952154,0.95595586,0.956515,0.9527911,0.9545937,0.9514177,0.95581067,0.95379734,0.9537322,0.95428276,0.9551933,0.9536919,0.9539406,0.9538531,0.9555236,0.9541573
TMEM229B,0.9491956,0.9528451,0.95231557,0.9544837,0.9525016,0.9538949,0.95195293,0.95097196,0.95447224,0.9512437,0.9512145,0.9494167,0.9586495,0.9529452,0.9499984,0.9528258,0.95067805,0.9545505,0.9573146,0.95210534,0.95293576,0.95357984,0.9492426,0.9526409,0.9505802,0.95022607,0.95258933,0.952987,0.9533774,0.94907415,0.9500226,0.9640629,0.94999367,0.94964015,0.9537387,0.9531835,0.9531523,0.9560372,0.9513982,0.9576148,0.9517593,0.95015115,0.95104665,0.95010287,0.9493119,0.9523695,0.9541805,0.95455337,0.9575131,0.95228565,0.9516433,0.95152944,0.95144016,0.95595956,0.9495085,0.95518017,0.95288587,0.9518102,0.95234823,0.9532253,0.9511234,0.95103115,0.9537887,0.9525988,0.95194083,0.95122963,0.9525802,0.9499309,0.9555914,0.9531338,0.95388764,0.9553718,0.9483565,0.95183694,0.95111394,0.9497291,0.95192677,0.9482793,0.95777154,1.0000032,0.9496182,0.9486252,0.95304364,0.9523283,0.95198804,0.9551682,0.9564829,0.9512402,0.95157975,0.9509231,0.9531349,0.9501488,0.9512485,0.9509184,0.95050436,0.952181,0.95238566,0.9549486,0.95675117,0.95188177
TMEM25,0.95270264,0.95373285,0.9530704,0.95106447,0.9511777,0.95132315,0.950785,0.95305365,0.9533027,0.9524573,0.95106554,0.9549818,0.9497117,0.95034957,0.94976306,0.9522797,0.9531585,0.95135033,0.9517887,0.9553242,0.9534787,0.94951403,0.9560672,0.95156944,0.95335406,0.9527483,0.9565816,0.95458627,0.95304465,0.9539255,0.95511204,0.95126045,0.9540957,0.9535511,0.9545521,0.9513215,0.95140404,0.9519342,0.9516884,0.9495803,0.95211166,0.9521235,0.9518151,0.95319545,0.95000356,0.95551723,0.9506254,0.95239705,0.950006,0.9533556,0.95096815,0.9533132,0.9494916,0.9502628,0.9554227,0.9506583,0.9494308,0.954814,0.9536621,0.9532117,0.9549374,0.9540284,0.952851,0.9523604,0.9545864,0.95003545,0.95447934,0.95253485,0.9512958,0.9515008,0.9508617,0.95139074,0.9563915,0.9506122,0.95020974,0.9546753,0.95430547,0.95095646,0.95389485,0.9496182,1.0000091,0.9530417,0.95261145,0.9519149,0.95242137,0.95148337,0.9515767,0.9558296,0.95501864,0.9535122,0.95325756,0.9543721,0.9545697,0.954094,0.95410085,0.9529755,0.95167536,0.95190334,0.9507446,0.9546862
TP53,0.9514679,0.9524282,0.9477186,0.9471978,0.9437036,0.95170707,0.9520299,0.95329714,0.95158964,0.9520091,0.9488887,0.95218325,0.94198143,0.94523066,0.9435487,0.94959956,0.95285195,0.94635326,0.946303,0.9510217,0.9519088,0.94721955,0.9549346,0.94884765,0.95293593,0.9508196,0.9524505,0.9533923,0.95129853,0.9508331,0.9534184,0.952235,0.9564452,0.95312893,0.95471275,0.96165276,0.9477426,0.95000255,0.95410955,0.9480667,0.95120513,0.9523905,0.9512244,0.95235795,0.948732,0.95332795,0.9441669,0.948218,0.9527984,0.95066255,0.9517308,0.9519475,0.9429467,0.9505777,0.9530983,0.9512464,0.94585973,0.95311034,0.954236,0.9536514,0.95276666,0.9509817,0.9495681,0.9519009,0.95268106,0.9393092,0.95199955,0.9603518,0.94659686,0.94665504,0.944948,0.9500852,0.9540062,0.94477063,0.95298445,0.9520091,0.95394886,0.95502627,0.94960564,0.9486252,0.9530417,0.99999744,0.9505186,0.95095944,0.95110214,0.94870853,0.9509555,0.9518916,0.95169187,0.9530691,0.9530344,0.95836866,0.9537225,0.94971406,0.9513677,0.95077527,0.9537028,0.94835436,0.946792,0.95185804
TRIT1,0.95006835,0.95076466,0.95165944,0.9576406,0.95488274,0.9566148,0.95272267,0.953731,0.9500645,0.947439,0.9513496,0.94926953,0.95335865,0.9514066,0.9544713,0.9496212,0.95438945,0.9515396,0.9528254,0.94866824,0.95223546,0.9516858,0.9527679,0.95042783,0.95375544,0.94994265,0.9527109,0.95205784,0.9491657,0.9476965,0.95008415,0.9545553,0.9543454,0.94906986,0.95877093,0.95342654,0.95166975,0.9542554,0.9516438,0.95303196,0.9542068,0.9498092,0.95174277,0.9492541,0.95152235,0.951085,0.95350754,0.95011103,0.9567957,0.95743805,0.95014995,0.9510561,0.94953394,0.9525068,0.9507574,0.9517571,0.9522008,0.9555273,0.9497806,0.95366615,0.94829744,0.9489612,0.95123667,0.9495481,0.95306563,0.9504533,0.94891167,0.95245486,0.9529511,0.9491971,0.951724,0.9496534,0.95046794,0.94952136,0.95050836,0.9473293,0.95012766,0.951309,0.9508707,0.95304364,0.95261145,0.9505186,1.0000058,0.95055145,0.9527656,0.95243347,0.9503281,0.9517248,0.9499996,0.95033026,0.9503807,0.9518752,0.9500033,0.95034045,0.94913936,0.95138466,0.95185494,0.95058227,0.9547156,0.9497623
TRMT10A,0.9541066,0.9523349,0.95308024,0.9506179,0.95157814,0.9517544,0.9517222,0.95083505,0.9525241,0.9526398,0.95429444,0.95080227,0.9529738,0.95324284,0.9544896,0.95344996,0.9534708,0.9506099,0.9514911,0.95462644,0.95321834,0.9530467,0.9508208,0.95226014,0.95044756,0.95189106,0.95140195,0.9548458,0.9527736,0.95099455,0.9533008,0.9482953,0.95151305,0.95380676,0.95155126,0.95057565,0.95581734,0.9529602,0.95147866,0.952643,0.953174,0.9524408,0.95135045,0.9521134,0.9515223,0.95373917,0.9509111,0.9504121,0.9491887,0.9486927,0.9516876,0.95115644,0.9557482,0.9500063,0.95256877,0.95509434,0.9521852,0.95172936,0.95579916,0.95343393,0.95417184,0.95413566,0.95381486,0.953595,0.9509956,0.95449626,0.9513642,0.9488135,0.9519455,0.95116425,0.9536336,0.95487934,0.9504541,0.9535954,0.9511332,0.9542427,0.9526088,0.9519117,0.9516313,0.9523283,0.9519149,0.95095944,0.95055145,1.0000131,0.9552018,0.94947183,0.9545493,0.95230544,0.9527474,0.95193475,0.9511371,0.954314,0.9531646,0.9527277,0.950071,0.9508656,0.9527997,0.9547002,0.953984,0.95299476
TRPM2,0.9534493,0.95458364,0.9563468,0.94935435,0.95366883,0.9561259,0.9510821,0.95406085,0.953932,0.95464903,0.95327425,0.9524478,0.9519639,0.9541099,0.950101,0.9556246,0.9522481,0.95124936,0.95238715,0.95568365,0.95837545,0.9539623,0.9540527,0.9546478,0.9542327,0.9517627,0.952686,0.9563524,0.95027727,0.9530148,0.95329386,0.9499538,0.9538607,0.9544604,0.9535768,0.94983774,0.96094847,0.95155525,0.9486802,0.9522556,0.956783,0.94983894,0.95230925,0.9536458,0.9524735,0.9544146,0.9546803,0.950454,0.9484273,0.95042884,0.95139104,0.95181805,0.9576801,0.9474347,0.9534833,0.9536178,0.9502833,0.95546806,0.9531324,0.9572186,0.9538034,0.9522692,0.95258296,0.9554083,0.9529924,0.9549477,0.9508844,0.95092183,0.95184976,0.95273817,0.9536704,0.9566574,0.9537095,0.9567164,0.95022494,0.95872676,0.9523674,0.9537921,0.952154,0.95198804,0.95242137,0.95110214,0.9527656,0.9552018,1.0000085,0.9479445,0.9516797,0.95309734,0.95318246,0.9508738,0.9523963,0.95425284,0.95454603,0.95194554,0.95149934,0.9512295,0.9559662,0.9543487,0.9537879,0.9525877
TRPV2,0.95039606,0.95022357,0.9550691,0.95822006,0.95301646,0.9497391,0.94994926,0.9490555,0.95215404,0.95068055,0.95201004,0.95359457,0.95745206,0.9545664,0.9520384,0.9536481,0.9506837,0.95894223,0.96040004,0.94974595,0.9465755,0.9543338,0.9500336,0.95419633,0.9493646,0.9550383,0.9488179,0.95118034,0.9533411,0.95284146,0.95084894,0.9548675,0.9503697,0.95015204,0.94687164,0.9480565,0.9489635,0.94980145,0.950008,0.95413244,0.94687885,0.9506441,0.9503235,0.94868153,0.9513561,0.9510019,0.95465034,0.95609343,0.95378894,0.9563868,0.95287913,0.94961274,0.95226717,0.9573927,0.9505315,0.9496668,0.9531072,0.9548272,0.9501413,0.95222807,0.9533636,0.9522988,0.95482403,0.9519106,0.9517315,0.9531275,0.9569521,0.9496515,0.95778173,0.9572181,0.95326066,0.9500884,0.9503856,0.95352674,0.95289516,0.94963264,0.94918895,0.95026124,0.95595586,0.9551682,0.95148337,0.94870853,0.95243347,0.94947183,0.9479445,1.00001,0.9545813,0.9527736,0.9515209,0.94946814,0.9547313,0.9476398,0.9507532,0.95415264,0.951056,0.95732015,0.9485864,0.9552132,0.9542694,0.9531699
TTC39B,0.9515313,0.95528376,0.95342386,0.9524351,0.94916224,0.95135593,0.9514092,0.95261765,0.9539146,0.9527225,0.9501969,0.9520471,0.95348084,0.9534292,0.9498861,0.95335877,0.95343417,0.9536779,0.95539206,0.9580917,0.9511157,0.95302397,0.9534658,0.9515578,0.95238304,0.9546633,0.9514872,0.9550962,0.9540926,0.95327145,0.95248103,0.9536922,0.95200753,0.9562944,0.95221704,0.9518526,0.951756,0.95781296,0.95310265,0.9549754,0.9491553,0.9507489,0.95162463,0.95191365,0.9497477,0.95500726,0.949957,0.9544373,0.955492,0.95093226,0.9542943,0.9504569,0.9512055,0.95625204,0.951768,0.95497346,0.950112,0.95044863,0.954791,0.9542391,0.95440227,0.9556364,0.9541881,0.9549621,0.9529583,0.95056367,0.95312107,0.95170665,0.9539112,0.9506872,0.9514953,0.95674545,0.9520453,0.9531186,0.9511113,0.953804,0.9548855,0.9513449,0.956515,0.9564829,0.9515767,0.9509555,0.9503281,0.9545493,0.9516797,0.9545813,1.0,0.9545741,0.9538129,0.9525101,0.95468265,0.9533196,0.95406985,0.9554797,0.9546918,0.9514413,0.95237136,0.9556693,0.9546043,0.95291835
TWIST1,0.95163107,0.9545346,0.95447487,0.95227045,0.95106226,0.95275164,0.95144415,0.9547187,0.9535154,0.9551451,0.9518534,0.9559494,0.94901854,0.95169497,0.9498745,0.95359063,0.9551866,0.9511818,0.95291036,0.95438355,0.9529139,0.95268,0.95462334,0.9520311,0.9543202,0.95288014,0.9527875,0.95616907,0.9550387,0.9541943,0.95454824,0.95073456,0.95591116,0.95331585,0.95324016,0.95173347,0.9519417,0.9531876,0.95682514,0.9497349,0.9513803,0.9521831,0.95257276,0.95347315,0.95155925,0.9570915,0.95082027,0.95337754,0.95097554,0.95491666,0.9540727,0.95294917,0.95076364,0.9541186,0.9541922,0.95275605,0.9506159,0.9587086,0.95394194,0.9554188,0.95657843,0.95330787,0.953015,0.9522598,0.9559424,0.95092136,0.9533368,0.9538331,0.95268285,0.95391726,0.9497932,0.95230705,0.9570764,0.9531727,0.95282537,0.9554064,0.9534359,0.9560489,0.9527911,0.9512402,0.9558296,0.9518916,0.9517248,0.95230544,0.95309734,0.9527736,0.9545741,1.0000119,0.9553211,0.95201373,0.9577907,0.9532646,0.9549263,0.9540888,0.95675176,0.9566756,0.9526886,0.95295453,0.95170987,0.9584477
VAMP2,0.9523945,0.95492935,0.9531284,0.95178014,0.9511051,0.95363486,0.9520674,0.954438,0.9563768,0.9553846,0.9530751,0.95507544,0.9501351,0.952109,0.9500625,0.9540397,0.95289326,0.94978094,0.95365846,0.9552387,0.95149755,0.95068103,0.9544977,0.9514984,0.95348495,0.95190394,0.95403457,0.95740575,0.95384765,0.95396537,0.9565561,0.950416,0.9531599,0.9568003,0.95216167,0.9507602,0.9544501,0.9525883,0.9525839,0.95107067,0.9553946,0.953666,0.95273423,0.95468825,0.9513843,0.9572284,0.95048964,0.95211357,0.94900835,0.9514383,0.9550957,0.9530554,0.95103806,0.9533538,0.9562857,0.95431674,0.94941294,0.9555854,0.9546037,0.9541467,0.95743895,0.9540391,0.9520681,0.95184666,0.95530146,0.9497726,0.9529782,0.9521531,0.95449793,0.95122254,0.9505513,0.95542854,0.9554166,0.9536483,0.9502305,0.9533375,0.95327395,0.9552686,0.9545937,0.95157975,0.95501864,0.95169187,0.9499996,0.9527474,0.95318246,0.9515209,0.9538129,0.9553211,0.9999948,0.9554484,0.95380324,0.95576334,0.95773774,0.9533848,0.9544524,0.95377034,0.9559196,0.9525483,0.951833,0.952809
ZDHHC5,0.9501308,0.95289224,0.94891185,0.94977605,0.94957376,0.9512424,0.95290923,0.9521624,0.95319426,0.9522543,0.9504275,0.9544296,0.94942594,0.9495538,0.9492685,0.952219,0.952721,0.9495965,0.95090055,0.95173144,0.9528533,0.9500923,0.9537032,0.949189,0.9490298,0.9508403,0.9545688,0.95313305,0.9552371,0.9521355,0.955336,0.951165,0.95265627,0.9540907,0.9509389,0.9522829,0.9501863,0.9529573,0.95386106,0.95287937,0.95230824,0.9570432,0.95210534,0.95529747,0.94920224,0.9528722,0.94931936,0.95025444,0.9508717,0.94946444,0.95333964,0.9555904,0.94943714,0.9516393,0.9562236,0.9556507,0.9493039,0.9510498,0.95286256,0.9521218,0.95304924,0.95208704,0.95102906,0.9529741,0.9560474,0.9487357,0.95311284,0.9522397,0.9512276,0.94924164,0.9505421,0.952032,0.9549136,0.95042855,0.9513395,0.95221406,0.9537121,0.9527244,0.9514177,0.9509231,0.9535122,0.9530691,0.95033026,0.95193475,0.9508738,0.94946814,0.9525101,0.95201373,0.9554484,0.9999985,0.9514984,0.95363355,0.9534333,0.9503775,0.9545068,0.951429,0.9546693,0.95112646,0.9511767,0.952488
ZFP14,0.95297396,0.95392525,0.9540129,0.9511073,0.950373,0.9538223,0.95345265,0.95480615,0.95033294,0.9559302,0.9521643,0.95579827,0.9499804,0.9532831,0.94872,0.95190996,0.95531774,0.95143825,0.9510104,0.95152175,0.9510709,0.9512013,0.9551285,0.9535786,0.9538719,0.95470554,0.95126575,0.9560947,0.9530776,0.95187867,0.9538149,0.95173144,0.9559996,0.9553549,0.9530674,0.95320654,0.95102304,0.9518095,0.95560265,0.95091194,0.95071876,0.95216703,0.9512279,0.95275474,0.9511185,0.95585835,0.95123404,0.9544863,0.9546698,0.9550613,0.9554474,0.9523284,0.9504525,0.9551783,0.9524157,0.95244575,0.95053065,0.9567317,0.9565463,0.95651317,0.95571595,0.95427763,0.9524076,0.95197636,0.9533583,0.9490488,0.9540373,0.95367575,0.95247877,0.9536891,0.94975424,0.95161957,0.95521694,0.9515728,0.9571922,0.9526671,0.9531047,0.9547552,0.95581067,0.9531349,0.95325756,0.9530344,0.9503807,0.9511371,0.9523963,0.9547313,0.95468265,0.9577907,0.95380324,0.9514984,0.9999905,0.9544821,0.95394325,0.95384353,0.95688593,0.95612156,0.9543091,0.9519026,0.9506149,0.9574547
ZGLP1,0.95154774,0.9535912,0.951918,0.9489066,0.9516245,0.95242196,0.9556892,0.95464796,0.95476854,0.95175856,0.9529234,0.95341563,0.94616824,0.9512362,0.94920725,0.95347065,0.9528746,0.94853413,0.9510536,0.95476,0.9537889,0.9499015,0.9580081,0.94778025,0.95288956,0.95185626,0.95401436,0.9568967,0.9509694,0.95004267,0.9534786,0.9530813,0.95864207,0.95465004,0.9570977,0.95605516,0.95386463,0.9507676,0.9525579,0.9506328,0.95840675,0.9521431,0.95193183,0.9515588,0.9492169,0.9551525,0.94813573,0.9488055,0.9505862,0.9502775,0.9538751,0.952096,0.95010555,0.95149875,0.9534493,0.9533142,0.9479354,0.95838785,0.9548571,0.9565807,0.9544311,0.9529678,0.9512849,0.95278996,0.9539245,0.9477734,0.95051867,0.9534325,0.9524367,0.94816005,0.9506096,0.9518612,0.9564688,0.9532811,0.9503114,0.9535949,0.95675313,0.9541391,0.95379734,0.9501488,0.9543721,0.95836866,0.9518752,0.954314,0.95425284,0.9476398,0.9533196,0.9532646,0.95576334,0.95363355,0.9544821,1.0000075,0.9584688,0.95289546,0.9530938,0.95008594,0.9575695,0.9539486,0.95196754,0.95376706
ZNF10,0.952945,0.9525995,0.9552492,0.949394,0.9503895,0.9530536,0.95059323,0.9544598,0.95402074,0.9547442,0.9530742,0.95376205,0.9482654,0.9536202,0.94952977,0.9554508,0.9539014,0.9487901,0.9509766,0.95734197,0.9529556,0.9483636,0.95622,0.9500644,0.9529578,0.9517081,0.95312,0.96158457,0.95355374,0.95450187,0.95533293,0.9486892,0.9559697,0.9556305,0.9527182,0.9505177,0.95481944,0.95012164,0.9518604,0.94918424,0.9551163,0.9521487,0.9528157,0.95163983,0.9517572,0.9583262,0.9506765,0.9485505,0.946142,0.95323193,0.9544225,0.9513664,0.95116806,0.9506818,0.9562964,0.9536889,0.9484258,0.9576151,0.95542157,0.95494246,0.95748955,0.9535405,0.9526772,0.9536947,0.9536978,0.950308,0.95129585,0.9512436,0.95204675,0.9510758,0.9509163,0.9542489,0.9567804,0.9547825,0.9486946,0.955704,0.9541129,0.9539898,0.9537322,0.9512485,0.9545697,0.9537225,0.9500033,0.9531646,0.95454603,0.9507532,0.95406985,0.9549263,0.95773774,0.9534333,0.95394325,0.9584688,1.0000136,0.9560511,0.95323974,0.9537183,0.9583504,0.95346475,0.952775,0.9515028
ZNF235,0.9532761,0.9506986,0.9585366,0.95155144,0.9523539,0.9488499,0.948619,0.9517393,0.95281774,0.95444405,0.9569395,0.9516677,0.94969106,0.95693135,0.9525978,0.9569578,0.95204836,0.95340633,0.95365113,0.95512366,0.94768935,0.94963795,0.954241,0.95379627,0.9543601,0.95145833,0.9492053,0.956538,0.95428264,0.955221,0.95314294,0.9461648,0.95036143,0.95349276,0.95057404,0.9469275,0.9552227,0.9495973,0.94897825,0.9493995,0.95088446,0.9502737,0.952442,0.9512177,0.95460325,0.95287186,0.953598,0.95002276,0.9451341,0.95210254,0.9535657,0.95028234,0.9552725,0.9521694,0.9515406,0.9480548,0.953107,0.9543917,0.9524524,0.9501087,0.9558245,0.95132697,0.95494723,0.9534501,0.9499532,0.957593,0.9509169,0.94814646,0.95567465,0.9551009,0.95622975,0.95377743,0.95125926,0.9568295,0.948316,0.9550746,0.9495145,0.95156837,0.95428276,0.9509184,0.954094,0.94971406,0.95034045,0.9527277,0.95194554,0.95415264,0.9554797,0.9540888,0.9533848,0.9503775,0.95384353,0.95289546,0.9560511,1.0000055,0.95286673,0.9545371,0.9519176,0.95653635,0.9536269,0.9507574
ZNF285,0.9520278,0.9550532,0.950323,0.9519818,0.9500426,0.9518589,0.95376223,0.9524449,0.95293665,0.95655924,0.9493971,0.95590436,0.950647,0.9509097,0.9479127,0.9512066,0.9539786,0.952122,0.9527105,0.9535978,0.9529104,0.95253766,0.95447457,0.9519711,0.9534956,0.9545426,0.9532225,0.9544699,0.9540292,0.9538702,0.95476735,0.9520922,0.95239395,0.95516956,0.9504921,0.95255315,0.9486009,0.9559822,0.9556721,0.95202494,0.9501321,0.9535138,0.9528176,0.9543461,0.9496788,0.9533166,0.9507573,0.9539313,0.9533355,0.9526926,0.95459676,0.9534022,0.9497439,0.95552725,0.95319366,0.95455813,0.9495799,0.95113146,0.9537637,0.9544473,0.9557369,0.9549393,0.9530474,0.9522543,0.9538642,0.9485744,0.95520717,0.95368266,0.95196664,0.9518013,0.9497578,0.95206356,0.9550101,0.95014685,0.9547823,0.9539635,0.9545171,0.95494455,0.9551933,0.95050436,0.95410085,0.9513677,0.94913936,0.950071,0.95149934,0.951056,0.9546918,0.95675176,0.9544524,0.9545068,0.95688593,0.9530938,0.95323974,0.95286673,0.9999915,0.9560344,0.95163524,0.95140946,0.94997394,0.95789254
ZNF473,0.9515046,0.95390373,0.9543196,0.9555259,0.9508648,0.9506253,0.95198625,0.95060515,0.9500608,0.9571318,0.9525482,0.9538791,0.95167005,0.95362383,0.9517626,0.95632553,0.951784,0.95297503,0.95398396,0.94963795,0.9480722,0.95212257,0.94992477,0.9548516,0.9541123,0.9563663,0.951327,0.953663,0.9542089,0.95410895,0.9526138,0.9492587,0.95146906,0.950123,0.94630516,0.94735587,0.94923544,0.95092654,0.9527254,0.9502076,0.9509804,0.95085406,0.9510319,0.95280355,0.952268,0.9524445,0.9533836,0.95492536,0.9475224,0.95511323,0.954262,0.9519085,0.9523827,0.95334464,0.9534696,0.94965786,0.9502859,0.9577741,0.9539946,0.951579,0.95521575,0.9523538,0.9540644,0.9514586,0.9512062,0.9513189,0.9564227,0.9511386,0.9541525,0.95751625,0.9524143,0.9527602,0.95218974,0.9529585,0.9544195,0.9542,0.9480893,0.95364726,0.9536919,0.952181,0.9529755,0.95077527,0.95138466,0.9508656,0.9512295,0.95732015,0.9514413,0.9566756,0.95377034,0.951429,0.95612156,0.95008594,0.9537183,0.9545371,0.9560344,0.99999934,0.94950294,0.95173246,0.95148844,0.9547427
ZNF534,0.9531472,0.95505667,0.9510505,0.9480362,0.9507638,0.95666426,0.95135564,0.95442736,0.9541767,0.9523102,0.9515352,0.951431,0.9503242,0.9514255,0.95023143,0.9522917,0.9522904,0.9470568,0.95368016,0.9530872,0.9551399,0.9495594,0.9549964,0.9483203,0.9528101,0.9484397,0.95301616,0.9575318,0.95288295,0.95025903,0.95428824,0.9525129,0.9564766,0.95601463,0.9548669,0.95496756,0.95408076,0.9521712,0.95135725,0.95402354,0.95739585,0.952666,0.9522553,0.95089215,0.95041907,0.9538028,0.94845563,0.94900054,0.9509407,0.9498887,0.9545851,0.95259047,0.9517241,0.9532792,0.9545046,0.95687497,0.9492792,0.955747,0.95289975,0.9539743,0.9552056,0.9522546,0.9528611,0.9518714,0.9541208,0.94861585,0.9502856,0.95348,0.9522036,0.9484549,0.95042545,0.95513135,0.9541835,0.95262665,0.951103,0.952369,0.9550537,0.954128,0.9539406,0.95238566,0.95167536,0.9537028,0.95185494,0.9527997,0.9559662,0.9485864,0.95237136,0.9526886,0.9559196,0.9546693,0.9543091,0.9575695,0.9583504,0.9519176,0.95163524,0.94950294,1.0000125,0.9512321,0.95304775,0.9509004
ZNF583,0.95120394,0.95199084,0.95719624,0.9517944,0.95260894,0.94980264,0.9489678,0.94636804,0.9531874,0.95033956,0.9539875,0.95377326,0.95305043,0.9561105,0.95150423,0.9569741,0.95054966,0.95586944,0.9565656,0.9561654,0.95084214,0.9569526,0.9503509,0.9513555,0.95048374,0.9550966,0.9482073,0.95414895,0.9527957,0.95346427,0.9522233,0.949673,0.9507772,0.9522738,0.9485872,0.9477178,0.9578165,0.95197785,0.9489642,0.9585215,0.9524634,0.9515115,0.9503694,0.9498715,0.9508074,0.95398635,0.9545404,0.9514985,0.9497128,0.9471781,0.951895,0.95087314,0.95499307,0.95208865,0.9504847,0.95358104,0.9514626,0.9556947,0.94973814,0.95229524,0.9564614,0.9570407,0.9569208,0.9591658,0.9482103,0.95661247,0.95127934,0.9472079,0.95599645,0.9558787,0.95516336,0.95509976,0.9480474,0.9589597,0.9483272,0.9551844,0.95232415,0.94803107,0.9538531,0.9549486,0.95190334,0.94835436,0.95058227,0.9547002,0.9543487,0.9552132,0.9556693,0.95295453,0.9525483,0.95112646,0.9519026,0.9539486,0.95346475,0.95653635,0.95140946,0.95173246,0.9512321,1.0000048,0.9571123,0.9505471
ZNF687,0.94963264,0.95177394,0.95585454,0.95917886,0.9565865,0.9535072,0.9527482,0.95084804,0.9535749,0.9497339,0.9557173,0.95032394,0.95693403,0.95543456,0.9567615,0.9549602,0.9509095,0.95240647,0.9583419,0.95257735,0.9517398,0.953629,0.9496652,0.94885135,0.94883364,0.95008373,0.95042944,0.9533177,0.9526128,0.949972,0.9520403,0.9519504,0.9500158,0.95077837,0.95170397,0.9511924,0.9535148,0.9540265,0.9501904,0.95772785,0.95232916,0.9504993,0.9516237,0.94856894,0.9516059,0.9527481,0.9556882,0.95350254,0.95351994,0.94988954,0.95070857,0.9515827,0.9550629,0.9563777,0.951659,0.95369023,0.9547219,0.95195085,0.9491676,0.9517919,0.95297813,0.9529103,0.95607543,0.9532373,0.9524956,0.9567081,0.95153475,0.9477508,0.9565398,0.9522253,0.95613617,0.95604676,0.95029646,0.95493066,0.9479053,0.95088667,0.950644,0.9503828,0.9555236,0.95675117,0.9507446,0.946792,0.9547156,0.953984,0.9537879,0.9542694,0.9546043,0.95170987,0.951833,0.9511767,0.9506149,0.95196754,0.952775,0.9536269,0.94997394,0.95148844,0.95304775,0.9571123,1.0,0.94938457
ZNF880,0.9513092,0.9544915,0.9504638,0.9507755,0.9507105,0.95132643,0.9540169,0.9535916,0.954137,0.95730376,0.95042163,0.95650786,0.95145327,0.9514146,0.94978845,0.95186114,0.95472354,0.95276356,0.9535389,0.95520014,0.955722,0.9533768,0.95335835,0.9546883,0.9527051,0.95584536,0.9565678,0.95313835,0.9516045,0.95357096,0.9537071,0.95336103,0.95541036,0.95446205,0.9526268,0.9535398,0.94899297,0.955921,0.955502,0.94984573,0.95049244,0.9520443,0.95174176,0.9545075,0.9500809,0.9552932,0.9510528,0.9554923,0.9524852,0.95548517,0.9543379,0.9535092,0.9500093,0.95104086,0.95234776,0.9528847,0.95178264,0.9533003,0.95626,0.9556199,0.9542557,0.95492625,0.9526004,0.9513249,0.95450723,0.9497111,0.9554893,0.95355344,0.950912,0.95437545,0.94937176,0.95237553,0.955083,0.9504812,0.9561149,0.9543244,0.9568751,0.9538404,0.9541573,0.95188177,0.9546862,0.95185804,0.9497623,0.95299476,0.9525877,0.9531699,0.95291835,0.9584477,0.952809,0.952488,0.9574547,0.95376706,0.9515028,0.9507574,0.95789254,0.9547427,0.9509004,0.9505471,0.94938457,0.9999927
