,AK3,ATF7IP2,ATP10D,ATP6V1E2,ATXN7L3,BACH2,BBS10,BEND3,BHLHE40,BTLA,CA1,CCNB1,CCPG1,CD8A,CDHR5,CDK10,CLIC5,CYB5R1,CYP20A1,DMRT1,DPF3,DST,EHF,EHMT1,ELOF1,FAM208A,FAM229B,HDHD3,HES5,HIST1H4I,HOXA1,HSPH1,IL17F,KCNIP2,KDELR2,KDM6A,KLF13,KLRG1,KRTCAP2,LCMT2,LRP6,LRRC37A3,LRTOMT,LY96,LYST,MAP7D1,MAPK8,MBOAT2,MCTS1,MED19,MGA,MICA,MOSMO,MT3,NDST1,NNAT,ORM2,P3H3,PEX10,PIP,POU2F3,RAB30,RAMP1,RASD2,RCBTB1,RFX5,RPL26L1,RPS6KA1,S100P,SAMHD1,SENP5,SFXN4,SH2D2A,SH3KBP1,SIKE1,SIT1,SLC25A33,SPATA2,SYNE1,TESPA1,THYN1,TMEM229B,TMEM25,TP53,TRIT1,TRMT10A,TRPM2,TRPV2,YWHAG,ZDHHC5,ZFHX4,ZFP14,ZNF10,ZNF138,ZNF235,ZNF473,ZNF483,ZNF534,ZNF687,ZNF880
AK3,1.0000029,0.9490126,0.9505122,0.95385134,0.9558533,0.9572891,0.95265543,0.9516688,0.9488699,0.94936657,0.9469011,0.95485353,0.9511971,0.9531493,0.9511508,0.9508851,0.95819896,0.94729745,0.9485006,0.952742,0.9541395,0.9538067,0.9477208,0.95152515,0.9531098,0.9593821,0.9491564,0.95229053,0.9520628,0.9476119,0.95490724,0.9564499,0.9504875,0.95102507,0.94650376,0.94743896,0.94619924,0.94663656,0.9491073,0.9430893,0.9494063,0.94872606,0.94895566,0.9505889,0.94980943,0.95275563,0.9482374,0.9459785,0.95292354,0.9575258,0.95050603,0.9508171,0.9557039,0.94973373,0.94915235,0.94947433,0.9508692,0.9440166,0.9538329,0.95625746,0.9509987,0.94754696,0.94744146,0.94759125,0.952287,0.9513776,0.94991845,0.95104635,0.9526339,0.9523927,0.95451754,0.95101637,0.9590396,0.9452012,0.9497347,0.9538771,0.9521894,0.94898903,0.95486,0.9531616,0.9487672,0.95222235,0.951177,0.949207,0.9566905,0.9469641,0.94790655,0.95874727,0.9507941,0.94877017,0.94948125,0.9480832,0.9505752,0.9513608,0.94815254,0.9546228,0.9503608,0.9477829,0.951177,0.9517804
ATF7IP2,0.9490126,0.99999756,0.9504431,0.9518175,0.94777995,0.9462338,0.94921684,0.95144594,0.9483897,0.9537085,0.952717,0.95055926,0.94807315,0.94730663,0.9493669,0.9533621,0.94834167,0.94999295,0.9494933,0.9486472,0.95229626,0.95001125,0.95048374,0.94512165,0.9503183,0.9529309,0.9506654,0.9511021,0.94997597,0.95037276,0.94973814,0.9494349,0.95148724,0.95206606,0.95353615,0.9526145,0.9499811,0.9502762,0.9487425,0.9492884,0.94750655,0.9491206,0.94997394,0.9502222,0.9498339,0.95042413,0.94928694,0.94969356,0.9524697,0.9510565,0.94811666,0.9484722,0.9483373,0.9528543,0.9496464,0.95250636,0.95022905,0.9499607,0.94878906,0.9507272,0.95200723,0.9508296,0.94862807,0.9524195,0.94967026,0.94844395,0.95007336,0.9520815,0.9507215,0.9481531,0.9474953,0.9490057,0.95199984,0.9480554,0.95175976,0.9505472,0.9506525,0.95115185,0.9508922,0.95010275,0.95018387,0.94953126,0.9517298,0.9501944,0.9479044,0.95154655,0.9497132,0.9498318,0.95300984,0.9497864,0.9498509,0.95221806,0.9490752,0.95160735,0.95124686,0.94757897,0.9498307,0.95136297,0.95067644,0.9503785
ATP10D,0.9505122,0.9504431,1.0000069,0.95351285,0.94947493,0.95385236,0.953514,0.95316035,0.9475428,0.9519142,0.952985,0.95021576,0.9526378,0.95211875,0.94738173,0.95329213,0.95052916,0.949985,0.94999766,0.94729203,0.95221996,0.95034516,0.95304835,0.94981915,0.9514249,0.95191675,0.9535923,0.94996214,0.95630354,0.948911,0.9526539,0.9499446,0.9510886,0.9519379,0.9521095,0.9528853,0.9506094,0.9507769,0.9517574,0.9494909,0.95183647,0.9476428,0.9523146,0.95069385,0.94981134,0.9533743,0.9495006,0.95053506,0.9495912,0.95321345,0.9502638,0.9466082,0.9531355,0.9501157,0.95096695,0.952872,0.9517733,0.95033145,0.9512565,0.9521282,0.9503661,0.9539437,0.9482415,0.95182836,0.9539453,0.9497201,0.9533843,0.9516024,0.95487773,0.9519013,0.9495277,0.9558998,0.95372665,0.9515511,0.9512403,0.95213485,0.9547159,0.95045185,0.95110875,0.9537331,0.9497683,0.9517097,0.9502796,0.9510633,0.95154405,0.94752973,0.9545881,0.9514139,0.9510819,0.9505918,0.95065075,0.95180565,0.9527549,0.9495837,0.9487034,0.95221865,0.95385164,0.95475864,0.9510449,0.95159274
ATP6V1E2,0.95385134,0.9518175,0.95351285,1.0000029,0.9491747,0.9521754,0.9509802,0.95409936,0.94717973,0.95377666,0.9541677,0.9502024,0.94788736,0.9544386,0.94947207,0.95517504,0.95262575,0.9499409,0.94838184,0.9476917,0.9545366,0.9518803,0.95267296,0.94595546,0.950951,0.95288664,0.95144796,0.9538559,0.9567294,0.94973075,0.952528,0.95388806,0.9547729,0.9567755,0.95177907,0.954069,0.95062387,0.9518388,0.9490453,0.9459159,0.94831645,0.94772476,0.9517864,0.95184654,0.950095,0.9552295,0.94914645,0.95067126,0.9563619,0.9534643,0.9488606,0.9487188,0.951212,0.9531204,0.94966555,0.9526428,0.95258486,0.9474531,0.95094293,0.95912087,0.95667195,0.9515948,0.94811594,0.9519624,0.95522195,0.9516382,0.954969,0.9569546,0.95226634,0.94953746,0.94926524,0.9523485,0.9576353,0.94868314,0.9548053,0.9548085,0.95508873,0.9520886,0.9512005,0.9509312,0.9518339,0.95628697,0.95240337,0.94908714,0.9536651,0.94899243,0.9502157,0.9550875,0.9530305,0.949006,0.95187587,0.95186996,0.9535081,0.9503593,0.950776,0.950614,0.9501784,0.95352334,0.9573917,0.94957215
ATXN7L3,0.9558533,0.94777995,0.94947493,0.9491747,1.0000055,0.95890474,0.9491192,0.9494845,0.9507202,0.95009094,0.9464815,0.9519558,0.949227,0.95579046,0.9511337,0.951983,0.96258634,0.9479734,0.9476493,0.94942874,0.9499263,0.9498983,0.9492369,0.9532664,0.95775306,0.9572434,0.9456067,0.9518688,0.9505938,0.9497347,0.9567563,0.9557253,0.9475908,0.9497273,0.94754475,0.9480734,0.9464302,0.94742095,0.94932353,0.9522936,0.94621015,0.94816077,0.9505275,0.9557005,0.9473579,0.9505479,0.94834006,0.9496784,0.9501979,0.95725596,0.9502095,0.9565755,0.9520953,0.9480151,0.9475063,0.9506807,0.9470549,0.9483161,0.95296943,0.94868016,0.9477329,0.9477779,0.9469286,0.94928414,0.9492071,0.9485876,0.9519838,0.9524377,0.9513688,0.9480956,0.9516679,0.95339507,0.95293283,0.9501334,0.9502869,0.94836867,0.9516345,0.94650143,0.9559582,0.9549958,0.95037663,0.9558322,0.94651175,0.9434258,0.9529013,0.94948584,0.9495986,0.95631635,0.95060104,0.94724166,0.94867563,0.9455172,0.9474191,0.95447284,0.9477346,0.9514456,0.95220554,0.94843686,0.9497123,0.95093566
BACH2,0.9572891,0.9462338,0.95385236,0.9521754,0.95890474,1.0000117,0.95657253,0.9493043,0.9569072,0.9500605,0.94406164,0.95292187,0.95285964,0.9593764,0.9538057,0.9518995,0.96290785,0.9539112,0.9475827,0.9515507,0.9488565,0.9531622,0.94832695,0.95748496,0.95263666,0.9517514,0.9521551,0.9472309,0.9494423,0.9490271,0.96020275,0.9583406,0.9483716,0.9534719,0.9445294,0.95316887,0.94934756,0.9442024,0.9536941,0.95635545,0.94918513,0.9490975,0.9499639,0.9528625,0.94798535,0.9569253,0.9483639,0.95353305,0.95060635,0.9570479,0.95329094,0.96360433,0.961935,0.94924235,0.94957215,0.94498086,0.9466013,0.94774383,0.9560214,0.94882053,0.9469656,0.9485879,0.9494219,0.948641,0.95314926,0.95171124,0.952914,0.95233333,0.95091647,0.9528093,0.9535729,0.9524033,0.9537439,0.9528416,0.9532714,0.9499015,0.95083225,0.9467654,0.9566876,0.9527611,0.9552273,0.95617026,0.9451247,0.9482033,0.9644561,0.9475071,0.9466127,0.95791054,0.9518076,0.94767857,0.9535712,0.94612145,0.9488442,0.9502765,0.94688195,0.95666534,0.9521565,0.9488525,0.94932,0.9526194
BBS10,0.95265543,0.94921684,0.953514,0.9509802,0.9491192,0.95657253,0.99999785,0.9506156,0.9496069,0.95021665,0.95503706,0.9527159,0.95682853,0.95680165,0.95067906,0.9520556,0.95198846,0.9528419,0.94949675,0.9529674,0.95416206,0.9482801,0.9512177,0.95276093,0.9499462,0.95277166,0.9560382,0.95085204,0.95372444,0.94763166,0.9536844,0.95163655,0.9501252,0.9523725,0.9528043,0.9510815,0.9520864,0.955127,0.9527586,0.9455477,0.95942086,0.9484257,0.9489084,0.9510417,0.9505378,0.9530371,0.9497102,0.9491025,0.9517566,0.9552611,0.95305884,0.94594675,0.96015114,0.9530418,0.9501745,0.95039535,0.9531824,0.94952637,0.9518248,0.9572275,0.95207983,0.9542421,0.9491492,0.9517059,0.9523606,0.95205736,0.9518788,0.948444,0.95311844,0.9534647,0.95484614,0.94920534,0.9547079,0.95607364,0.9483414,0.9517098,0.95005435,0.9516588,0.9512315,0.95478415,0.95800334,0.9515293,0.95259225,0.9502571,0.9551712,0.94738173,0.9554356,0.9549291,0.9508862,0.9498403,0.95032305,0.95363003,0.9544027,0.9507452,0.9522062,0.9553308,0.95073724,0.9550549,0.9488626,0.9539805
BEND3,0.9516688,0.95144594,0.95316035,0.95409936,0.9494845,0.9493043,0.9506156,0.9999906,0.9535451,0.9644237,0.94717026,0.94885045,0.94697225,0.95074546,0.94642663,0.9507685,0.9494189,0.95004296,0.9478437,0.9399827,0.95446676,0.95531005,0.95315504,0.94052404,0.95010406,0.94890976,0.9487174,0.9497983,0.9581639,0.94937724,0.95094347,0.95484173,0.9614828,0.96811795,0.9456029,0.9603518,0.95544285,0.9470692,0.95375973,0.94450396,0.94569343,0.9473903,0.94974256,0.9495008,0.95117486,0.95750487,0.9494606,0.95458597,0.96590436,0.9484749,0.9483656,0.95101786,0.9515117,0.9543909,0.9484588,0.9510131,0.952989,0.94935554,0.939691,0.9604316,0.96206975,0.94796896,0.94405955,0.94783914,0.957606,0.9488322,0.9517161,0.9500499,0.94654095,0.9499786,0.9375118,0.9484902,0.952147,0.94161224,0.962624,0.95833826,0.9520281,0.9492747,0.9483737,0.9477002,0.9443587,0.9536773,0.948894,0.9471224,0.95869094,0.9457906,0.9485384,0.9465925,0.95167017,0.94901884,0.9526449,0.9519454,0.95135903,0.9500616,0.9458196,0.948937,0.9512079,0.9557386,0.9618077,0.9485549
BHLHE40,0.9488699,0.9483897,0.9475428,0.94717973,0.9507202,0.9569072,0.9496069,0.9535451,1.0000057,0.9548973,0.9424204,0.9508396,0.94911975,0.95303655,0.95754004,0.94605577,0.95063174,0.95288014,0.9495709,0.9474307,0.94878787,0.9520877,0.94907016,0.95228666,0.9442844,0.94411945,0.9509463,0.94192046,0.94668067,0.9502724,0.95101106,0.95684755,0.95447695,0.9556819,0.94405997,0.9556535,0.95933187,0.9413594,0.95494884,0.95441633,0.9467096,0.9519444,0.9471735,0.94906634,0.9491174,0.95191514,0.94929624,0.9620046,0.95440626,0.94338894,0.9539697,0.964784,0.95582926,0.95545805,0.9499529,0.9427158,0.94692534,0.95356965,0.9478278,0.95086956,0.9553341,0.945446,0.95380443,0.9493902,0.9519321,0.9461819,0.9451933,0.94414663,0.94659525,0.95088834,0.9452752,0.94256276,0.94396675,0.9469842,0.9602286,0.9517978,0.94284487,0.9497825,0.94617957,0.9431728,0.9528745,0.9516685,0.9482313,0.94990075,0.961518,0.9489662,0.94508016,0.9473051,0.94980115,0.94858074,0.9549328,0.95355195,0.94624776,0.94923836,0.94560885,0.9515635,0.94771355,0.9526201,0.95217174,0.9523577
BTLA,0.94936657,0.9537085,0.9519142,0.95377666,0.95009094,0.9500605,0.95021665,0.9644237,0.9548973,1.0000094,0.9481193,0.949449,0.9480119,0.9508241,0.94798195,0.9518372,0.9497605,0.949533,0.94926167,0.94238484,0.95223856,0.9552086,0.95068467,0.9425314,0.94909704,0.9493468,0.9495453,0.94863766,0.9534525,0.94951385,0.9493558,0.95462036,0.96044254,0.9641025,0.94736874,0.95788103,0.95526,0.94456553,0.9530247,0.9475872,0.94394356,0.9493981,0.94885874,0.9500129,0.9512937,0.95703727,0.94952774,0.9571372,0.9623616,0.94815415,0.94932306,0.95069075,0.9538572,0.95556176,0.9475842,0.94919926,0.9515659,0.9493306,0.9446138,0.95822096,0.9568049,0.94805896,0.9461886,0.9501109,0.95406425,0.9475872,0.94951063,0.9505886,0.9486961,0.9499886,0.938073,0.94788444,0.95339215,0.943872,0.9623904,0.95530474,0.95157886,0.9497337,0.9489285,0.9470461,0.94704175,0.95339274,0.9508257,0.9465082,0.95870024,0.947099,0.9479138,0.94869155,0.95298856,0.9481683,0.95197874,0.9534619,0.948628,0.95029235,0.9486238,0.9503611,0.9498488,0.9538475,0.95822066,0.9492285
CA1,0.9469011,0.952717,0.952985,0.9541677,0.9464815,0.94406164,0.95503706,0.94717026,0.9424204,0.9481193,1.0000066,0.95125616,0.95416284,0.9508294,0.9488748,0.9540209,0.9443332,0.9533537,0.95202714,0.95234716,0.9534698,0.9477751,0.95355403,0.9487298,0.9506875,0.95212436,0.95716643,0.95266354,0.95341957,0.9522764,0.9486018,0.944654,0.9501335,0.94809675,0.9621452,0.94715863,0.9482784,0.9599793,0.9488806,0.94792193,0.95421976,0.95128554,0.9535609,0.9478175,0.9523451,0.9481222,0.95272636,0.94636476,0.94698817,0.95092654,0.9516791,0.938222,0.9510641,0.9526799,0.9525007,0.95526767,0.95440245,0.95391816,0.9527092,0.9564413,0.9502938,0.960484,0.9502773,0.9581417,0.950687,0.95155686,0.95246404,0.9512973,0.9567694,0.95226634,0.95355314,0.95283026,0.9541403,0.9582434,0.94314355,0.9510703,0.9538777,0.954711,0.94837236,0.9499556,0.95640385,0.9499972,0.95681566,0.9524412,0.9425932,0.9553793,0.95860356,0.95481527,0.9503377,0.95295286,0.9505007,0.9564295,0.9570626,0.9509896,0.95862234,0.9516406,0.95048076,0.95567006,0.9493078,0.95354354
CCNB1,0.95485353,0.95055926,0.95021576,0.9502024,0.9519558,0.95292187,0.9527159,0.94885045,0.9508396,0.949449,0.95125616,0.9999977,0.95485604,0.9539131,0.95354295,0.95000273,0.95245993,0.95127296,0.95084864,0.95289475,0.9539134,0.9511212,0.9501794,0.95182425,0.9498595,0.95522,0.95244956,0.9503198,0.94820946,0.9517611,0.94988143,0.9526165,0.9483375,0.94848084,0.9497351,0.95032233,0.94807386,0.9461608,0.9520771,0.9474843,0.9511763,0.9517879,0.9486797,0.948733,0.95006835,0.94965553,0.9514205,0.9494087,0.9497284,0.9514811,0.9536558,0.95127773,0.95566154,0.9518188,0.95091283,0.9491574,0.95196474,0.94984984,0.95631635,0.95173335,0.9503032,0.950547,0.95210326,0.95294106,0.9534274,0.9505286,0.9480953,0.9474259,0.95292854,0.9535399,0.95241004,0.9495643,0.95432705,0.94951475,0.94975674,0.9522864,0.9490304,0.9538142,0.95147246,0.949883,0.95196545,0.949584,0.95347357,0.95093894,0.9502905,0.95063233,0.94959444,0.9543945,0.95115006,0.95103353,0.95167536,0.9493219,0.94964236,0.9497874,0.9514791,0.9549371,0.9510515,0.94684464,0.94888526,0.9545385
CCPG1,0.9511971,0.94807315,0.9526378,0.94788736,0.949227,0.95285964,0.95682853,0.94697225,0.94911975,0.9480119,0.95416284,0.95485604,0.99999464,0.954472,0.9517159,0.95160866,0.9502434,0.9543047,0.9522734,0.95368266,0.95090276,0.94916606,0.9514556,0.9555424,0.9496899,0.9522781,0.95778275,0.9500911,0.9503532,0.95112205,0.950438,0.94854516,0.9484055,0.9483321,0.95476675,0.94766057,0.9495613,0.9549811,0.9526805,0.9499349,0.95772225,0.9521297,0.95095897,0.9484707,0.95144403,0.9511126,0.951119,0.949251,0.9473974,0.95073086,0.9536675,0.9475764,0.9539476,0.95222163,0.9534183,0.9500549,0.9517066,0.95294285,0.9554795,0.9531186,0.9488399,0.95606375,0.9522262,0.95394105,0.95212686,0.9511347,0.9498687,0.94934267,0.9544224,0.95573175,0.9527836,0.9525423,0.95194393,0.95702744,0.94560033,0.95026356,0.9514728,0.95270014,0.9503486,0.9503112,0.9579548,0.94745785,0.9543067,0.95421433,0.9509612,0.95199203,0.9551889,0.9535044,0.9514244,0.95167154,0.95170045,0.9539654,0.9537326,0.9500095,0.95441526,0.9556686,0.9516438,0.9518577,0.9473596,0.95538044
CD8A,0.9531493,0.94730663,0.95211875,0.9544386,0.95579046,0.9593764,0.95680165,0.95074546,0.95303655,0.9508241,0.9508294,0.9539131,0.954472,1.0000076,0.95849615,0.9516758,0.95707333,0.9503261,0.94904596,0.9495554,0.9560777,0.9487163,0.9502548,0.95807505,0.9497876,0.95258224,0.9537172,0.95128345,0.95034295,0.95016587,0.9548949,0.9565895,0.95050937,0.94940585,0.9515002,0.94869006,0.95096225,0.953222,0.9505381,0.9540143,0.9541818,0.9495576,0.9497208,0.9502197,0.9516342,0.9528787,0.9491181,0.95373565,0.9485607,0.9524207,0.9563892,0.9563374,0.9573965,0.9517325,0.94903326,0.950874,0.95111436,0.9521976,0.957778,0.9565801,0.95420253,0.9521438,0.95303744,0.9562839,0.9533543,0.95128405,0.9527848,0.95199233,0.9543129,0.9521682,0.95307016,0.9515947,0.95506185,0.9584633,0.94905376,0.95180047,0.95392567,0.95292014,0.9520387,0.9507577,0.9577578,0.95603716,0.95098424,0.9499674,0.956554,0.9520143,0.9559328,0.9599887,0.95067996,0.9486746,0.9511891,0.9513788,0.9529108,0.9500631,0.95043325,0.9564527,0.94993514,0.9556774,0.9542218,0.95588565
CDHR5,0.9511508,0.9493669,0.94738173,0.94947207,0.9511337,0.9538057,0.95067906,0.94642663,0.95754004,0.94798195,0.9488748,0.95354295,0.9517159,0.95849615,0.9999937,0.9495825,0.95210993,0.95319927,0.95198876,0.9560765,0.9523673,0.94815725,0.9482838,0.95884,0.9460815,0.9498132,0.95274043,0.949218,0.944646,0.9512392,0.9509522,0.95173,0.950509,0.94638956,0.9506247,0.9459393,0.9551508,0.9504948,0.94987446,0.9539394,0.95083344,0.95355874,0.9480145,0.9478993,0.9482054,0.9486664,0.94949216,0.95345324,0.9473379,0.946519,0.95581675,0.95801353,0.9522329,0.9541208,0.9505682,0.9478659,0.94949573,0.9551584,0.9556916,0.95205903,0.9541117,0.95289004,0.9602509,0.95378655,0.94998074,0.94934386,0.9464301,0.94749576,0.9507234,0.9528628,0.9521295,0.9468271,0.94892347,0.9537131,0.9474294,0.9501418,0.94865286,0.9551663,0.94951963,0.94800913,0.9571173,0.9483436,0.9511,0.9533031,0.95459163,0.9543845,0.9516863,0.95655036,0.9479364,0.94984424,0.95294285,0.95301735,0.9501473,0.94976807,0.94997364,0.9523021,0.94645983,0.9511186,0.9485822,0.95477986
CDK10,0.9508851,0.9533621,0.95329213,0.95517504,0.951983,0.9518995,0.9520556,0.9507685,0.94605577,0.9518372,0.9540209,0.95000273,0.95160866,0.9516758,0.9495825,1.0000055,0.95427877,0.95193404,0.9485506,0.951904,0.95305336,0.94983464,0.94910157,0.94963,0.95471364,0.9560746,0.9528133,0.952788,0.95445466,0.95016694,0.9561193,0.95045793,0.95096755,0.95140296,0.953763,0.9506835,0.9477776,0.95372474,0.94887805,0.94992024,0.94893277,0.948424,0.9519942,0.9557537,0.94944036,0.9534932,0.94795126,0.94745576,0.95181406,0.95575297,0.9489924,0.94821256,0.95261186,0.9518638,0.94980717,0.9559137,0.9508528,0.95014226,0.95222217,0.9519258,0.9515793,0.95388246,0.94794536,0.9529241,0.9509232,0.94940436,0.95389605,0.95666224,0.95499283,0.94943285,0.94990194,0.9550155,0.95723647,0.95373523,0.9493725,0.95047456,0.9546563,0.95132643,0.95407134,0.9555773,0.95433444,0.95510805,0.9511719,0.94878656,0.94976723,0.9505644,0.95136124,0.9551928,0.9520417,0.9490432,0.94988954,0.95375556,0.9496884,0.9530155,0.95339245,0.94966334,0.95139873,0.9521143,0.9509201,0.95110947
CLIC5,0.95819896,0.94834167,0.95052916,0.95262575,0.96258634,0.96290785,0.95198846,0.9494189,0.95063174,0.9497605,0.9443332,0.95245993,0.9502434,0.95707333,0.95210993,0.95427877,1.0000069,0.94752526,0.9464918,0.9502563,0.95112854,0.950185,0.9474801,0.952837,0.9550685,0.95745814,0.94989485,0.953999,0.9491577,0.94852716,0.9619972,0.95727175,0.947561,0.9498188,0.94516635,0.9491595,0.94599295,0.94484246,0.94902223,0.95250356,0.9472804,0.9471681,0.94991493,0.9578454,0.947358,0.95367086,0.9475045,0.9487121,0.9520997,0.960666,0.95002973,0.9564565,0.9554098,0.9499772,0.9471586,0.95037466,0.9481632,0.94613135,0.9562494,0.948213,0.9471946,0.94627875,0.9442614,0.94862366,0.95082676,0.9521537,0.954131,0.95712614,0.9515054,0.94922644,0.95275146,0.95260644,0.9584806,0.94989717,0.9519842,0.950035,0.9515908,0.9458447,0.96159863,0.9602135,0.951191,0.96029365,0.9465399,0.94097674,0.9568381,0.9485959,0.9462066,0.9591047,0.94948065,0.9477297,0.95004904,0.9426744,0.947848,0.95280415,0.9473654,0.9530804,0.9527935,0.9470865,0.9504473,0.9492146
CYB5R1,0.94729745,0.94999295,0.949985,0.9499409,0.9479734,0.9539112,0.9528419,0.95004296,0.95288014,0.949533,0.9533537,0.95127296,0.9543047,0.9503261,0.95319927,0.95193404,0.94752526,1.0000048,0.9542756,0.9548063,0.9504801,0.95105344,0.9539755,0.9538993,0.9469279,0.9479265,0.95518714,0.94781536,0.9511672,0.95298254,0.95058167,0.9484962,0.95341265,0.95224893,0.9533872,0.95077884,0.9536396,0.9542025,0.95519084,0.95238745,0.9511277,0.954092,0.95292735,0.9499058,0.9521079,0.95154816,0.95201933,0.9527987,0.9496396,0.94830275,0.95354164,0.9542366,0.9541157,0.9529959,0.95318675,0.94886297,0.95107245,0.9559907,0.9509302,0.9517144,0.9526135,0.95634305,0.95308834,0.95327604,0.9514797,0.9503486,0.9484272,0.94922775,0.9517855,0.95526844,0.9500432,0.9511886,0.9487317,0.955356,0.9501553,0.94922024,0.9490106,0.9550529,0.94803405,0.94890726,0.95619893,0.9492812,0.95344347,0.9523376,0.9527485,0.9536965,0.9524534,0.95068717,0.9507097,0.951787,0.95478,0.9566793,0.9529938,0.9492005,0.95431983,0.95441836,0.948188,0.9514737,0.9500915,0.9554672
CYP20A1,0.9485006,0.9494933,0.94999766,0.94838184,0.9476493,0.9475827,0.94949675,0.9478437,0.9495709,0.94926167,0.95202714,0.95084864,0.9522734,0.94904596,0.95198876,0.9485506,0.9464918,0.9542756,1.0000051,0.9518477,0.95007044,0.95010865,0.9529041,0.9508916,0.94819874,0.94811666,0.9495893,0.9484291,0.94958395,0.95542014,0.9480344,0.9479031,0.9495845,0.9492159,0.95099854,0.9493003,0.9512041,0.9503379,0.9511262,0.9507505,0.9503604,0.9559197,0.9528501,0.9478488,0.9528813,0.948564,0.9544488,0.9506062,0.94797707,0.94814426,0.95131004,0.9493165,0.9490924,0.95014,0.95410395,0.9493595,0.9521481,0.95256823,0.94984496,0.94857883,0.949878,0.9520986,0.9518147,0.9523763,0.94965255,0.9524723,0.94737864,0.94787395,0.9510647,0.9523245,0.9500421,0.9483104,0.94739336,0.95033383,0.94870967,0.95000434,0.9497426,0.95298356,0.94837135,0.94753706,0.94934565,0.9470802,0.9541004,0.952639,0.9480332,0.951923,0.95219356,0.94869316,0.94946635,0.95429194,0.95369804,0.9518616,0.95257026,0.9494855,0.951586,0.95138115,0.950079,0.9501491,0.948362,0.95107543
DMRT1,0.952742,0.9486472,0.94729203,0.9476917,0.94942874,0.9515507,0.9529674,0.9399827,0.9474307,0.94238484,0.95234716,0.95289475,0.95368266,0.9495554,0.9560765,0.951904,0.9502563,0.9548063,0.9518477,1.000012,0.9494176,0.9482654,0.9470906,0.955809,0.9496266,0.9527119,0.95218635,0.9489073,0.94754946,0.95186937,0.95160896,0.9471415,0.9459774,0.9424922,0.95518214,0.9428091,0.9465377,0.95405114,0.9497621,0.95195746,0.95311403,0.95322996,0.95078695,0.948804,0.9485183,0.94691426,0.9482242,0.946975,0.9448054,0.95160466,0.9526842,0.9519998,0.9506801,0.94893503,0.9511608,0.9490071,0.9483929,0.95279264,0.9587325,0.9450603,0.94660044,0.95441604,0.9563697,0.95288616,0.9465739,0.9508176,0.9473145,0.9489467,0.9534554,0.9524773,0.95684993,0.9512241,0.9492613,0.95506704,0.9421123,0.945122,0.94776607,0.95356774,0.952333,0.95156336,0.95662653,0.94637054,0.95161134,0.95197034,0.9467604,0.95398176,0.9500909,0.95351183,0.95003647,0.9502715,0.9490913,0.9520139,0.9499242,0.9506351,0.954859,0.9513877,0.94826066,0.94622505,0.94396967,0.9543258
DPF3,0.9541395,0.95229626,0.95221996,0.9545366,0.9499263,0.9488565,0.95416206,0.95446676,0.94878787,0.95223856,0.9534698,0.9539134,0.95090276,0.9560777,0.9523673,0.95305336,0.95112854,0.9504801,0.95007044,0.9494176,1.0000112,0.9503262,0.95434093,0.9481801,0.9498188,0.9549346,0.9520783,0.95438087,0.9558618,0.9509378,0.9504118,0.9524473,0.9528102,0.95283747,0.95317566,0.95097756,0.9508697,0.9515971,0.9523412,0.9478918,0.9501461,0.94877213,0.94962806,0.9507488,0.9511053,0.9528441,0.95102483,0.95056266,0.95244443,0.9519542,0.9495486,0.9470352,0.9529619,0.9540074,0.94927347,0.955023,0.95429397,0.95143414,0.9506954,0.95765615,0.9568571,0.9524064,0.95007277,0.95339334,0.95574313,0.9504227,0.952064,0.9519534,0.95276815,0.9517791,0.948403,0.94979584,0.9548357,0.9517315,0.9517555,0.9544653,0.9551861,0.95322883,0.95031583,0.95027196,0.95173186,0.95240885,0.95426846,0.9504405,0.9523401,0.9516194,0.95482516,0.95327014,0.9527514,0.95055205,0.95053595,0.9527167,0.9530833,0.95140356,0.9514515,0.95335966,0.9496564,0.9543966,0.9544884,0.9544019
DST,0.9538067,0.95001125,0.95034516,0.9518803,0.9498983,0.9531622,0.9482801,0.95531005,0.9520877,0.9552086,0.9477751,0.9511212,0.94916606,0.9487163,0.94815725,0.94983464,0.950185,0.95105344,0.95010865,0.9482654,0.9503262,1.0000095,0.95094955,0.9469689,0.9488349,0.94988537,0.9483442,0.94869584,0.9519992,0.9489541,0.95055974,0.9522239,0.95297366,0.9567121,0.94771343,0.95311147,0.9511092,0.94737035,0.9517011,0.94979584,0.94684285,0.9514783,0.94979984,0.94922996,0.9513358,0.9539231,0.95081955,0.95104635,0.9561791,0.9488952,0.9514652,0.95181286,0.95132124,0.951113,0.95146286,0.9495905,0.9501561,0.94994414,0.9489864,0.9529959,0.95237213,0.94870514,0.94834673,0.9493472,0.9546671,0.95131916,0.9515407,0.9500236,0.95008796,0.95090073,0.94379807,0.9495272,0.9516407,0.9461548,0.95598453,0.95309573,0.95121086,0.94826436,0.9502175,0.9481459,0.94638956,0.9510573,0.950321,0.94948554,0.9558817,0.9466892,0.94900066,0.95004255,0.9538015,0.94893324,0.9509351,0.95077366,0.9494318,0.9495895,0.9489765,0.951475,0.95079637,0.95140105,0.95433617,0.9502523
EHF,0.9477208,0.95048374,0.95304835,0.95267296,0.9492369,0.94832695,0.9512177,0.95315504,0.94907016,0.95068467,0.95355403,0.9501794,0.9514556,0.9502548,0.9482838,0.94910157,0.9474801,0.9539755,0.9529041,0.9470906,0.95434093,0.95094955,1.0000013,0.94876623,0.9479938,0.9487218,0.9494909,0.9504875,0.9542917,0.9534358,0.9482006,0.94851094,0.9524643,0.95205915,0.95157933,0.9513981,0.95333284,0.95196664,0.953665,0.94995457,0.9504308,0.9527937,0.9521001,0.9498569,0.9518841,0.9503046,0.95302147,0.9524387,0.9508514,0.9490847,0.95031035,0.9481377,0.94939715,0.9514233,0.9517852,0.9511986,0.9551028,0.9539021,0.9487017,0.95267606,0.95334935,0.9534565,0.95025295,0.95275146,0.95365,0.9524032,0.95246273,0.95057935,0.95069885,0.9527474,0.950107,0.95212984,0.94831747,0.95122087,0.9517437,0.95251954,0.9526192,0.95400554,0.94764876,0.9480653,0.94946593,0.95022947,0.9526631,0.95094025,0.9505414,0.95139,0.95500785,0.9477346,0.95149803,0.9525751,0.9535733,0.95047903,0.9552149,0.94927233,0.9514103,0.95152074,0.9521041,0.9549056,0.9531907,0.9510885
EHMT1,0.95152515,0.94512165,0.94981915,0.94595546,0.9532664,0.95748496,0.95276093,0.94052404,0.95228666,0.9425314,0.9487298,0.95182425,0.9555424,0.95807505,0.95884,0.94963,0.952837,0.9538993,0.9508916,0.955809,0.9481801,0.9469689,0.94876623,0.99999964,0.9478322,0.9504838,0.95329034,0.9495155,0.9457847,0.94999003,0.9522178,0.9506749,0.9443085,0.9415204,0.9516956,0.94225293,0.9489009,0.95344347,0.9505247,0.9581056,0.9546352,0.9532635,0.95059276,0.9507263,0.9482263,0.9481521,0.94952023,0.9481101,0.9418582,0.95004946,0.954055,0.95681095,0.95301104,0.9488543,0.951501,0.9483688,0.9469222,0.9554984,0.95827615,0.94723004,0.9468094,0.95166916,0.95801026,0.95114255,0.9465043,0.94983137,0.94804645,0.9484137,0.95261174,0.9538628,0.9588303,0.9520992,0.9465614,0.96048117,0.9409599,0.94505745,0.9483624,0.95142174,0.94973683,0.94949186,0.95634884,0.94799066,0.94868904,0.95158577,0.9520924,0.95364714,0.95432967,0.9546282,0.9479618,0.9494849,0.95028275,0.9491608,0.95057863,0.949545,0.94941473,0.95196944,0.94933057,0.94692725,0.9453077,0.9557447
ELOF1,0.9531098,0.9503183,0.9514249,0.950951,0.95775306,0.95263666,0.9499462,0.95010406,0.9442844,0.94909704,0.9506875,0.9498595,0.9496899,0.9497876,0.9460815,0.95471364,0.9550685,0.9469279,0.94819874,0.9496266,0.9498188,0.9488349,0.9479938,0.9478322,1.000008,0.9581736,0.94916457,0.9545184,0.95360523,0.94780827,0.9560318,0.94793975,0.94906247,0.94949543,0.9506776,0.9499837,0.9440586,0.95086914,0.94723797,0.9480685,0.94892853,0.9451994,0.9501732,0.95379114,0.94814825,0.95187044,0.94763666,0.9444621,0.9498112,0.95760244,0.94874746,0.9458276,0.9510004,0.9485389,0.947493,0.95513374,0.95023125,0.94660264,0.95000476,0.9507654,0.94704473,0.9503605,0.94393265,0.9490093,0.9488675,0.9489216,0.95437616,0.95290494,0.95480853,0.94657505,0.95089155,0.9553751,0.95582396,0.9508837,0.947284,0.9497177,0.95458114,0.9467074,0.9552482,0.95938456,0.94896036,0.95267016,0.9480542,0.94631076,0.94775283,0.9485982,0.9509281,0.95418483,0.95087653,0.9481549,0.94757134,0.9481026,0.94869184,0.9561647,0.94886607,0.9482298,0.9520818,0.94909143,0.94926715,0.9478058
FAM208A,0.9593821,0.9529309,0.95191675,0.95288664,0.9572434,0.9517514,0.95277166,0.94890976,0.94411945,0.9493468,0.95212436,0.95522,0.9522781,0.95258224,0.9498132,0.9560746,0.95745814,0.9479265,0.94811666,0.9527119,0.9549346,0.94988537,0.9487218,0.9504838,0.9581736,0.999998,0.9509618,0.9614391,0.9518151,0.94916934,0.9572686,0.9498547,0.9482318,0.94781804,0.9532715,0.94664377,0.9418033,0.95049673,0.94763756,0.94494134,0.9492782,0.94805276,0.9513111,0.95565724,0.9493844,0.9513034,0.94811153,0.94336444,0.9512859,0.9621512,0.95053065,0.94675654,0.9539578,0.9489802,0.9490236,0.9584237,0.9516198,0.94710946,0.9546974,0.9541902,0.9498204,0.9523005,0.94630885,0.9507445,0.94942594,0.9485686,0.9525056,0.9539909,0.9571039,0.9487682,0.953792,0.95329493,0.9637959,0.9507751,0.9467049,0.9505697,0.9561402,0.94970953,0.9594178,0.96364033,0.9508016,0.95220923,0.9514165,0.9453999,0.94758224,0.94973254,0.9535959,0.9591495,0.95327985,0.9487159,0.94760746,0.9509752,0.9500288,0.9575938,0.9504,0.951707,0.950554,0.9477304,0.94907683,0.95249045
FAM229B,0.9491564,0.9506654,0.9535923,0.95144796,0.9456067,0.9521551,0.9560382,0.9487174,0.9509463,0.9495453,0.95716643,0.95244956,0.95778275,0.9537172,0.95274043,0.9528133,0.94989485,0.95518714,0.9495893,0.95218635,0.9520783,0.9483442,0.9494909,0.95329034,0.94916457,0.9509618,1.0000113,0.9489012,0.9515416,0.94946957,0.95178276,0.94790834,0.9505339,0.9503381,0.9549135,0.9487816,0.95437515,0.954482,0.9507579,0.9498907,0.9596399,0.9491776,0.9485235,0.94776696,0.9504383,0.9518605,0.9511584,0.95219946,0.9489051,0.95031047,0.95115566,0.9478056,0.9560408,0.9547399,0.95191664,0.94917595,0.95198375,0.9507632,0.9540489,0.9551919,0.9499244,0.9547365,0.95061725,0.95413935,0.9501786,0.9503531,0.9500931,0.95112526,0.95279926,0.9549517,0.9520378,0.9511341,0.9551622,0.95874125,0.9468077,0.9504162,0.9528304,0.952361,0.950225,0.9497563,0.9592528,0.9493247,0.95316,0.95840865,0.9536797,0.9496141,0.9526927,0.95289177,0.94951886,0.95090795,0.95191807,0.9543066,0.95399463,0.94899124,0.9545908,0.9545338,0.95026976,0.95525044,0.94837934,0.9527314
HDHD3,0.95229053,0.9511021,0.94996214,0.9538559,0.9518688,0.9472309,0.95085204,0.9497983,0.94192046,0.94863766,0.95266354,0.9503198,0.9500911,0.95128345,0.949218,0.952788,0.953999,0.94781536,0.9484291,0.9489073,0.95438087,0.94869584,0.9504875,0.9495155,0.9545184,0.9614391,0.9489012,1.0000055,0.952891,0.9482369,0.9537432,0.9496566,0.94956434,0.9481374,0.95189744,0.9481046,0.94425315,0.9538573,0.94702387,0.9463603,0.94851226,0.9460565,0.9517665,0.95675695,0.9510526,0.94933194,0.9482312,0.94194543,0.95013183,0.96159124,0.9501601,0.94484514,0.9473833,0.9480939,0.94866663,0.9606717,0.95238227,0.94997823,0.94944185,0.95308447,0.95136607,0.9526099,0.9467094,0.95110047,0.9499782,0.9510283,0.95514256,0.9552274,0.95351505,0.94847345,0.95215786,0.9526569,0.95751494,0.95077544,0.94727725,0.9504406,0.95508754,0.9511325,0.9553048,0.963153,0.9505101,0.95260286,0.9503246,0.9453084,0.94644713,0.95019436,0.9542244,0.9535961,0.95146894,0.949228,0.9475657,0.9492927,0.9528415,0.9559403,0.9504149,0.9482354,0.94990057,0.9509942,0.95071334,0.9503095
HES5,0.9520628,0.94997597,0.95630354,0.9567294,0.9505938,0.9494423,0.95372444,0.9581639,0.94668067,0.9534525,0.95341957,0.94820946,0.9503532,0.95034295,0.944646,0.95445466,0.9491577,0.9511672,0.94958395,0.94754946,0.9558618,0.9519992,0.9542917,0.9457847,0.95360523,0.9518151,0.9515416,0.952891,1.0,0.9497685,0.9518548,0.9518105,0.95475984,0.9578385,0.95314765,0.95383596,0.9507431,0.9549172,0.9514189,0.94548744,0.9495188,0.9464037,0.95333064,0.9500899,0.951814,0.95579445,0.9501236,0.9492249,0.95435643,0.9537956,0.9489051,0.9428112,0.9516789,0.9520398,0.950558,0.95641387,0.952349,0.9495406,0.94793814,0.9568583,0.9579303,0.9547982,0.9460347,0.9512949,0.9552784,0.95201313,0.9551995,0.95542,0.95366144,0.9503339,0.94745994,0.9539989,0.95418847,0.95106596,0.95407844,0.9538809,0.95730805,0.9495971,0.9501466,0.951608,0.95135593,0.95500803,0.95142245,0.9495114,0.95146966,0.9483844,0.9535798,0.95010716,0.9526174,0.95034844,0.94977856,0.95469,0.95557225,0.951828,0.952881,0.95066833,0.95328254,0.9562211,0.95690197,0.95144093
HIST1H4I,0.9476119,0.95037276,0.948911,0.94973075,0.9497347,0.9490271,0.94763166,0.94937724,0.9502724,0.94951385,0.9522764,0.9517611,0.95112205,0.95016587,0.9512392,0.95016694,0.94852716,0.95298254,0.95542014,0.95186937,0.9509378,0.9489541,0.9534358,0.94999003,0.94780827,0.94916934,0.94946957,0.9482369,0.9497685,0.9999975,0.94785506,0.9492929,0.9504693,0.949821,0.9513211,0.94960517,0.9518609,0.95007277,0.95103604,0.9521872,0.9499349,0.95498616,0.9520259,0.94799906,0.952186,0.94892377,0.9542933,0.9518602,0.9488922,0.9476249,0.95046103,0.9514879,0.94990313,0.9515405,0.95355815,0.94921684,0.9533502,0.9525679,0.9511311,0.9484276,0.94972235,0.951499,0.95129514,0.95173264,0.94995785,0.95296866,0.94936156,0.94877905,0.95017064,0.9518663,0.9494126,0.9500098,0.94786125,0.9509948,0.95033276,0.9501667,0.9495139,0.9528911,0.94864523,0.9475939,0.95121074,0.95030737,0.95408636,0.95154667,0.9489465,0.9525903,0.95109254,0.9488449,0.9495426,0.9528372,0.9542658,0.9508539,0.95172775,0.9485009,0.9524769,0.95093745,0.95033,0.9511014,0.94999826,0.9509503
HOXA1,0.95490724,0.94973814,0.9526539,0.952528,0.9567563,0.96020275,0.9536844,0.95094347,0.95101106,0.9493558,0.9486018,0.94988143,0.950438,0.9548949,0.9509522,0.9561193,0.9619972,0.95058167,0.9480344,0.95160896,0.9504118,0.95055974,0.9482006,0.9522178,0.9560318,0.9572686,0.95178276,0.9537432,0.9518548,0.94785506,0.9999957,0.9520735,0.9489676,0.9502296,0.94835895,0.9511913,0.9472225,0.95000637,0.9491399,0.9530449,0.9505144,0.94879824,0.94985664,0.9586801,0.94835687,0.9545239,0.9488854,0.9499526,0.9498679,0.96198344,0.9515381,0.9548297,0.9542817,0.95059973,0.9496796,0.9544311,0.95024717,0.94868726,0.9536725,0.948752,0.9488239,0.9513334,0.9442453,0.9497858,0.9512149,0.951419,0.9553362,0.9552832,0.9554198,0.9510366,0.9541997,0.9527688,0.957341,0.9522709,0.95003885,0.9497067,0.95326006,0.9482926,0.958029,0.96357465,0.9520567,0.9551547,0.94767684,0.946898,0.9562859,0.94878733,0.9503149,0.95646906,0.94969255,0.9489186,0.9503824,0.9490148,0.95022285,0.9528401,0.9489011,0.953021,0.95144296,0.95062256,0.9498646,0.9512446
HSPH1,0.9564499,0.9494349,0.9499446,0.95388806,0.9557253,0.9583406,0.95163655,0.95484173,0.95684755,0.95462036,0.944654,0.9526165,0.94854516,0.9565895,0.95173,0.95045793,0.95727175,0.9484962,0.9479031,0.9471415,0.9524473,0.9522239,0.94851094,0.9506749,0.94793975,0.9498547,0.94790834,0.9496566,0.9518105,0.9492929,0.9520735,0.99999946,0.950922,0.9560843,0.94304675,0.95130754,0.9529648,0.9424687,0.95208526,0.94784456,0.9468029,0.94811964,0.9484876,0.9507421,0.9487153,0.954713,0.9494875,0.9528147,0.9541512,0.95153415,0.9510112,0.9580912,0.9541548,0.95521694,0.94729435,0.94521713,0.9501832,0.9480341,0.9515766,0.9544246,0.95225966,0.9459439,0.9500499,0.9494765,0.9544505,0.9499552,0.9491699,0.9524166,0.94818336,0.9496235,0.9480243,0.94869107,0.95120883,0.9455537,0.9599243,0.95403504,0.94872016,0.9472192,0.95058805,0.9488399,0.95083004,0.96357125,0.94857043,0.9481356,0.9596592,0.94804627,0.94452953,0.9557753,0.94826454,0.94800305,0.9510839,0.94947964,0.9480927,0.9497497,0.94658464,0.9523022,0.9499973,0.95050544,0.9552716,0.95196027
IL17F,0.9504875,0.95148724,0.9510886,0.9547729,0.9475908,0.9483716,0.9501252,0.9614828,0.95447695,0.96044254,0.9501335,0.9483375,0.9484055,0.95050937,0.950509,0.95096755,0.947561,0.95341265,0.9495845,0.9459774,0.9528102,0.95297366,0.9524643,0.9443085,0.94906247,0.9482318,0.9505339,0.94956434,0.95475984,0.9504693,0.9489676,0.950922,0.9999972,0.96396816,0.95098484,0.9565561,0.9572799,0.94943833,0.95261145,0.94560444,0.94654375,0.9491281,0.95036834,0.9485503,0.9516809,0.9562973,0.9496965,0.95443106,0.9598873,0.9462284,0.95109326,0.9491865,0.953874,0.9561014,0.94999254,0.9508125,0.95333487,0.9516291,0.9438457,0.96257704,0.9631069,0.951956,0.94864017,0.95035493,0.95436436,0.94887227,0.94928813,0.95041776,0.95011914,0.9493771,0.94031405,0.9504602,0.95260197,0.94488174,0.95930743,0.9560897,0.9523649,0.95157564,0.946748,0.9471732,0.94914347,0.9517096,0.95293367,0.95025855,0.956297,0.9499288,0.9502627,0.9496457,0.952571,0.94941604,0.9529744,0.95586294,0.952299,0.9490751,0.9498102,0.95092416,0.949407,0.9562475,0.958156,0.9512166
KCNIP2,0.95102507,0.95206606,0.9519379,0.9567755,0.9497273,0.9534719,0.9523725,0.96811795,0.9556819,0.9641025,0.94809675,0.94848084,0.9483321,0.94940585,0.94638956,0.95140296,0.9498188,0.95224893,0.9492159,0.9424922,0.95283747,0.9567121,0.95205915,0.9415204,0.94949543,0.94781804,0.9503381,0.9481374,0.9578385,0.949821,0.9502296,0.9560843,0.96396816,1.0000111,0.9480073,0.96045727,0.95783347,0.94687605,0.95515525,0.9453306,0.9448235,0.9479829,0.9497045,0.94994885,0.9520365,0.9606892,0.94975346,0.95652205,0.9678969,0.94941765,0.94927835,0.95182407,0.9566355,0.9553089,0.94857585,0.9490684,0.95205486,0.9494469,0.9407114,0.96327543,0.9594535,0.94901764,0.9441876,0.94846505,0.95626205,0.9504408,0.95000744,0.95142436,0.94748545,0.9493365,0.93882114,0.9493208,0.9533814,0.9424155,0.96460176,0.95819575,0.9535552,0.94884706,0.9487931,0.9480087,0.9483887,0.95610297,0.9513213,0.94774693,0.96218204,0.94602406,0.9472033,0.9499755,0.9519247,0.9485954,0.9544564,0.95402664,0.951237,0.9499318,0.9480687,0.951286,0.95108324,0.9561094,0.9615896,0.9497067
KDELR2,0.94650376,0.95353615,0.9521095,0.95177907,0.94754475,0.9445294,0.9528043,0.9456029,0.94405997,0.94736874,0.9621452,0.9497351,0.95476675,0.9515002,0.9506247,0.953763,0.94516635,0.9533872,0.95099854,0.95518214,0.95317566,0.94771343,0.95157933,0.9516956,0.9506776,0.9532715,0.9549135,0.95189744,0.95314765,0.9513211,0.94835895,0.94304675,0.95098484,0.9480073,0.9999873,0.9478831,0.9495572,0.9639164,0.94969326,0.9491524,0.9535129,0.9502111,0.9526397,0.9482595,0.9506471,0.9494908,0.9507752,0.94791734,0.9462887,0.94987136,0.9517794,0.9426384,0.94857544,0.95195127,0.9503359,0.95466983,0.951445,0.9533423,0.95322776,0.95305383,0.951833,0.9607196,0.9515376,0.9566783,0.94859415,0.94931126,0.9518237,0.9511819,0.95641583,0.95031524,0.95264,0.95344025,0.9516143,0.95833963,0.943515,0.94997007,0.9545861,0.9556183,0.94892204,0.95072496,0.9581575,0.94809955,0.9545956,0.95337987,0.94261074,0.9552174,0.9571011,0.9519701,0.9509905,0.9515779,0.948887,0.9562902,0.95367193,0.9506724,0.9577996,0.9493382,0.9497916,0.95338047,0.94963014,0.953776
KDM6A,0.94743896,0.9526145,0.9528853,0.954069,0.9480734,0.95316887,0.9510815,0.9603518,0.9556535,0.95788103,0.94715863,0.95032233,0.94766057,0.94869006,0.9459393,0.9506835,0.9491595,0.95077884,0.9493003,0.9428091,0.95097756,0.95311147,0.9513981,0.94225293,0.9499837,0.94664377,0.9487816,0.9481046,0.95383596,0.94960517,0.9511913,0.95130754,0.9565561,0.96045727,0.9478831,0.9999863,0.9564129,0.9425313,0.9553959,0.9482247,0.94565904,0.9476049,0.94863313,0.9500246,0.95105183,0.9564774,0.9491062,0.95918906,0.95875347,0.9474366,0.95036715,0.95450115,0.9523111,0.95260435,0.9490248,0.94804215,0.94984376,0.9489752,0.9425881,0.95378524,0.95754683,0.94703555,0.9467394,0.9477226,0.957026,0.94665486,0.9501031,0.9484339,0.9489629,0.9491627,0.94151604,0.9470168,0.9506181,0.9453157,0.96195745,0.95373917,0.9473897,0.9492193,0.9494544,0.9479432,0.9501807,0.9528667,0.9494505,0.9477396,0.95655894,0.94738793,0.94538665,0.9447316,0.95226365,0.9484279,0.95349777,0.95280284,0.94691133,0.94915414,0.9475317,0.94953305,0.95115805,0.95271385,0.9565965,0.9480264
KLF13,0.94619924,0.9499811,0.9506094,0.95062387,0.9464302,0.94934756,0.9520864,0.95544285,0.95933187,0.95526,0.9482784,0.94807386,0.9495613,0.95096225,0.9551508,0.9477776,0.94599295,0.9536396,0.9512041,0.9465377,0.9508697,0.9511092,0.95333284,0.9489009,0.9440586,0.9418033,0.95437515,0.94425315,0.9507431,0.9518609,0.9472225,0.9529648,0.9572799,0.95783347,0.9495572,0.9564129,1.000012,0.94823945,0.95601165,0.9511523,0.9514315,0.952085,0.949119,0.947607,0.95016026,0.95331395,0.95214665,0.96180683,0.9543215,0.94143647,0.9510473,0.95495206,0.95147866,0.9548858,0.9513265,0.9458301,0.95029736,0.9544305,0.94528407,0.95577323,0.9567566,0.95064473,0.9532673,0.9526668,0.9536103,0.9496184,0.94758403,0.94636273,0.9469974,0.95233816,0.94596004,0.94575393,0.9444012,0.9470701,0.9570161,0.9535899,0.9479507,0.9517931,0.94320804,0.94137406,0.95170486,0.9493104,0.9530022,0.95617306,0.9587065,0.9492462,0.9497949,0.94491017,0.94834197,0.95083964,0.95484495,0.9537554,0.9504057,0.948014,0.94939166,0.95094794,0.948618,0.9566782,0.9542941,0.9513088
KLRG1,0.94663656,0.9502762,0.9507769,0.9518388,0.94742095,0.9442024,0.955127,0.9470692,0.9413594,0.94456553,0.9599793,0.9461608,0.9549811,0.953222,0.9504948,0.95372474,0.94484246,0.9542025,0.9503379,0.95405114,0.9515971,0.94737035,0.95196664,0.95344347,0.95086914,0.95049673,0.954482,0.9538573,0.9549172,0.95007277,0.95000637,0.9424687,0.94943833,0.94687605,0.9639164,0.9425313,0.94823945,0.99999785,0.94650114,0.9491218,0.9561531,0.94895583,0.9518984,0.95013916,0.95157427,0.94901544,0.94968957,0.94497967,0.94492877,0.9513964,0.94975054,0.9404684,0.94865036,0.9499814,0.9515275,0.95597595,0.9515792,0.9539856,0.9504893,0.95501626,0.9520311,0.9626213,0.95128965,0.95371807,0.94743055,0.9536805,0.9528405,0.9535769,0.954484,0.9509773,0.95360434,0.954931,0.94926894,0.96254337,0.93953776,0.94769967,0.95539725,0.9541123,0.94885993,0.9515191,0.9572331,0.94815254,0.95352036,0.954399,0.9444629,0.9540587,0.96370953,0.95131534,0.9504433,0.9510222,0.9480195,0.95406973,0.9573924,0.949744,0.9560526,0.9492111,0.95073193,0.9557084,0.94859374,0.95238227
KRTCAP2,0.9491073,0.9487425,0.9517574,0.9490453,0.94932353,0.9536941,0.9527586,0.95375973,0.95494884,0.9530247,0.9488806,0.9520771,0.9526805,0.9505381,0.94987446,0.94887805,0.94902223,0.95519084,0.9511262,0.9497621,0.9523412,0.9517011,0.953665,0.9505247,0.94723797,0.94763756,0.9507579,0.94702387,0.9514189,0.95103604,0.9491399,0.95208526,0.95261145,0.95515525,0.94969326,0.9553959,0.95601165,0.94650114,0.9999899,0.95245564,0.9497184,0.9520478,0.9504917,0.94835556,0.95072335,0.95324975,0.9521287,0.95612204,0.9535903,0.9469799,0.9528773,0.95557463,0.95234036,0.9518812,0.9525355,0.9471378,0.95045894,0.9549555,0.9465849,0.9517101,0.9531444,0.9494064,0.95146286,0.9517553,0.95507574,0.9483403,0.94854647,0.94589186,0.94938695,0.9532452,0.94646454,0.9488293,0.94750136,0.94826376,0.9555477,0.9511815,0.94812614,0.9531132,0.94807905,0.94697267,0.95064074,0.9495897,0.9515971,0.95015335,0.9564156,0.9509409,0.94972986,0.94704586,0.950785,0.95023596,0.9531031,0.9521492,0.9492824,0.9491442,0.95026183,0.95393705,0.9513869,0.9513,0.95317924,0.9541042
LCMT2,0.9430893,0.9492884,0.9494909,0.9459159,0.9522936,0.95635545,0.9455477,0.94450396,0.95441633,0.9475872,0.94792193,0.9474843,0.9499349,0.9540143,0.9539394,0.94992024,0.95250356,0.95238745,0.9507505,0.95195746,0.9478918,0.94979584,0.94995457,0.9581056,0.9480685,0.94494134,0.9498907,0.9463603,0.94548744,0.9521872,0.9530449,0.94784456,0.94560444,0.9453306,0.9491524,0.9482247,0.9511523,0.9491218,0.95245564,1.0000017,0.95010126,0.95332485,0.94988286,0.94996023,0.94896907,0.94816834,0.95090157,0.95498353,0.94397104,0.94617164,0.95173466,0.96238095,0.94741815,0.94996834,0.9503244,0.94690174,0.94438523,0.9549359,0.9518316,0.9405421,0.94521534,0.94947207,0.9546577,0.95200133,0.9454559,0.94927573,0.9497603,0.9490949,0.9484819,0.9511441,0.950951,0.95057803,0.9437535,0.9558631,0.94701815,0.94624466,0.9475914,0.9497113,0.9495663,0.94782114,0.95296156,0.94904256,0.9447068,0.95087296,0.9533634,0.9538277,0.9505853,0.94982445,0.9480882,0.9495839,0.9523714,0.9491801,0.9483119,0.9498429,0.9502163,0.9501259,0.9485631,0.9500927,0.94745153,0.9521347
LRP6,0.9494063,0.94750655,0.95183647,0.94831645,0.94621015,0.94918513,0.95942086,0.94569343,0.9467096,0.94394356,0.95421976,0.9511763,0.95772225,0.9541818,0.95083344,0.94893277,0.9472804,0.9511277,0.9503604,0.95311403,0.9501461,0.94684285,0.9504308,0.9546352,0.94892853,0.9492782,0.9596399,0.94851226,0.9495188,0.9499349,0.9505144,0.9468029,0.94654375,0.9448235,0.9535129,0.94565904,0.9514315,0.9561531,0.9497184,0.95010126,1.0000097,0.9491929,0.9495221,0.94605297,0.95031923,0.9491063,0.95060897,0.9480419,0.9425885,0.95023566,0.9509498,0.94580126,0.9507364,0.9494755,0.95130986,0.9492178,0.9521834,0.95160115,0.9509227,0.951857,0.9480308,0.9543422,0.95307565,0.95260954,0.949462,0.9516474,0.94979846,0.9488628,0.95152706,0.95436305,0.95750135,0.95155954,0.9494934,0.9564153,0.94194925,0.95043856,0.95147043,0.95097125,0.94772005,0.9507971,0.9542099,0.9445679,0.9513564,0.9603284,0.9491354,0.94976044,0.95477974,0.9514534,0.9457643,0.9505748,0.950189,0.95067215,0.9538928,0.9455937,0.9526886,0.9515399,0.950994,0.9526443,0.94639647,0.95158845
LRRC37A3,0.94872606,0.9491206,0.9476428,0.94772476,0.94816077,0.9490975,0.9484257,0.9473903,0.9519444,0.9493981,0.95128554,0.9517879,0.9521297,0.9495576,0.95355874,0.948424,0.9471681,0.954092,0.9559197,0.95322996,0.94877213,0.9514783,0.9527937,0.9532635,0.9451994,0.94805276,0.9491776,0.9460565,0.9464037,0.95498616,0.94879824,0.94811964,0.9491281,0.9479829,0.9502111,0.9476049,0.952085,0.94895583,0.9520478,0.95332485,0.9491929,0.99998766,0.95252645,0.9474359,0.9517555,0.94863397,0.9529358,0.952968,0.94747674,0.94482845,0.95241904,0.95339996,0.94914377,0.9509635,0.9537759,0.9475711,0.9520266,0.95363814,0.95093924,0.9472453,0.9503137,0.95025796,0.95542514,0.95206445,0.9497113,0.9526894,0.9479247,0.9459779,0.9493866,0.9530443,0.94987226,0.94843364,0.9463631,0.9506943,0.948637,0.94881624,0.9482387,0.95191085,0.9476127,0.9437424,0.95093,0.94711953,0.95335376,0.9520881,0.94980395,0.95358515,0.9502572,0.9485999,0.949033,0.9519126,0.95379186,0.9509432,0.95116824,0.9486733,0.95089996,0.95272815,0.94760394,0.94896,0.9487147,0.9525321
LRTOMT,0.94895566,0.94997394,0.9523146,0.9517864,0.9505275,0.9499639,0.9489084,0.94974256,0.9471735,0.94885874,0.9535609,0.9486797,0.95095897,0.9497208,0.9480145,0.9519942,0.94991493,0.95292735,0.9528501,0.95078695,0.94962806,0.94979984,0.9521001,0.95059276,0.9501732,0.9513111,0.9485235,0.9517665,0.95333064,0.9520259,0.94985664,0.9484876,0.95036834,0.9497045,0.9526397,0.94863313,0.949119,0.9518984,0.9504917,0.94988286,0.9495221,0.95252645,1.0000029,0.9500911,0.9526996,0.9508666,0.9521179,0.94825333,0.94913715,0.9503446,0.9501894,0.9474741,0.94879645,0.94878113,0.9524025,0.9526272,0.9526641,0.9526996,0.9503707,0.9503052,0.9497059,0.9539755,0.9499395,0.95253974,0.94937557,0.95141226,0.95121855,0.9531235,0.9533906,0.9512923,0.9487475,0.95456326,0.951226,0.9521214,0.9484527,0.95031583,0.9524617,0.9516141,0.9490441,0.94978076,0.9509948,0.95269024,0.9539167,0.9495353,0.9488081,0.9511047,0.9538741,0.95124614,0.950672,0.9530903,0.9519211,0.9511236,0.95419586,0.9520697,0.9521735,0.9514936,0.95052373,0.95066166,0.9515113,0.95183414
LY96,0.9505889,0.9502222,0.95069385,0.95184654,0.9557005,0.9528625,0.9510417,0.9495008,0.94906634,0.9500129,0.9478175,0.948733,0.9484707,0.9502197,0.9478993,0.9557537,0.9578454,0.9499058,0.9478488,0.948804,0.9507488,0.94922996,0.9498569,0.9507263,0.95379114,0.95565724,0.94776696,0.95675695,0.9500899,0.94799906,0.9586801,0.9507421,0.9485503,0.94994885,0.9482595,0.9500246,0.947607,0.95013916,0.94835556,0.94996023,0.94605297,0.9474359,0.9500911,1.0000048,0.948491,0.95237166,0.94786465,0.9486474,0.95193464,0.9595267,0.94890183,0.9517172,0.95049596,0.9495165,0.9477938,0.9536207,0.94816464,0.94822955,0.9492333,0.9488171,0.9488242,0.9482643,0.94438934,0.94830537,0.94854355,0.9493155,0.95429736,0.9545225,0.9508879,0.94848526,0.9528209,0.9511522,0.9531454,0.95067984,0.9503975,0.9496677,0.95146143,0.9484208,0.9584482,0.9625255,0.9488788,0.95501214,0.947405,0.94230443,0.95103383,0.9492425,0.95013833,0.9522424,0.94998986,0.94725835,0.94718826,0.9476299,0.947755,0.95463556,0.9463863,0.9480555,0.9501314,0.9500983,0.94833946,0.9481056
LYST,0.94980943,0.9498339,0.94981134,0.950095,0.9473579,0.94798535,0.9505378,0.95117486,0.9491174,0.9512937,0.9523451,0.95006835,0.95144403,0.9516342,0.9482054,0.94944036,0.947358,0.9521079,0.9528813,0.9485183,0.9511053,0.9513358,0.9518841,0.9482263,0.94814825,0.9493844,0.9504383,0.9510526,0.951814,0.952186,0.94835687,0.9487153,0.9516809,0.9520365,0.9506471,0.95105183,0.95016026,0.95157427,0.95072335,0.94896907,0.95031923,0.9517555,0.9526996,0.948491,0.99999565,0.94919264,0.9538218,0.9509141,0.9515946,0.9495176,0.9510882,0.9478309,0.94978726,0.9510465,0.9519082,0.95096004,0.95443,0.951053,0.9484872,0.952405,0.9508578,0.95180064,0.94952154,0.9515841,0.95209485,0.95273775,0.94929,0.9500625,0.95013493,0.95187324,0.9486389,0.95019627,0.9505749,0.9492599,0.9518114,0.95281076,0.9500289,0.9517779,0.94758284,0.94912034,0.9499669,0.9490611,0.95387167,0.95086664,0.95044035,0.9492247,0.95128125,0.9490423,0.95088655,0.9527473,0.9525022,0.95143723,0.95260257,0.94865143,0.9521084,0.9518587,0.95019424,0.9519972,0.9507517,0.95075464
MAP7D1,0.95275563,0.95042413,0.9533743,0.9552295,0.9505479,0.9569253,0.9530371,0.95750487,0.95191514,0.95703727,0.9481222,0.94965553,0.9511126,0.9528787,0.9486664,0.9534932,0.95367086,0.95154816,0.948564,0.94691426,0.9528441,0.9539231,0.9503046,0.9481521,0.95187044,0.9513034,0.9518605,0.94933194,0.95579445,0.94892377,0.9545239,0.954713,0.9562973,0.9606892,0.9494908,0.9564774,0.95331395,0.94901544,0.95324975,0.94816834,0.9491063,0.94863397,0.9508666,0.95237166,0.94919264,0.9999957,0.9502326,0.9541279,0.957403,0.9510472,0.95188075,0.9518098,0.9557107,0.95453507,0.9500841,0.94974566,0.9508797,0.9478734,0.9477965,0.95743495,0.9552175,0.95140845,0.94573873,0.94855434,0.95587116,0.9505434,0.9533052,0.95383686,0.9504603,0.95088935,0.945311,0.9518578,0.95424265,0.9493304,0.955613,0.95367116,0.9552294,0.9490763,0.95074654,0.949802,0.95117503,0.95512265,0.95002294,0.94899666,0.957664,0.9475624,0.94866765,0.9528661,0.95392406,0.949319,0.9534037,0.9538319,0.9510887,0.9510141,0.9492625,0.95455074,0.9509661,0.95456004,0.9561708,0.9514714
MAPK8,0.9482374,0.94928694,0.9495006,0.94914645,0.94834006,0.9483639,0.9497102,0.9494606,0.94929624,0.94952774,0.95272636,0.9514205,0.951119,0.9491181,0.94949216,0.94795126,0.9475045,0.95201933,0.9544488,0.9482242,0.95102483,0.95081955,0.95302147,0.94952023,0.94763666,0.94811153,0.9511584,0.9482312,0.9501236,0.9542933,0.9488854,0.9494875,0.9496965,0.94975346,0.9507752,0.9491062,0.95214665,0.94968957,0.9521287,0.95090157,0.95060897,0.9529358,0.9521179,0.94786465,0.9538218,0.9502326,1.0000143,0.951178,0.9488051,0.94772786,0.9508495,0.9491195,0.9509436,0.9508525,0.9540392,0.9480039,0.9540929,0.9524925,0.94849014,0.9498259,0.9495059,0.94984645,0.95001966,0.95076156,0.951873,0.9527316,0.94877905,0.9478087,0.95045614,0.95247644,0.94896764,0.94924027,0.9479257,0.94921404,0.9506753,0.9512372,0.9493456,0.95138675,0.9475857,0.9471802,0.94949794,0.94890225,0.9542463,0.9509789,0.95063996,0.9496201,0.9511189,0.94914895,0.9495019,0.9543199,0.9528524,0.9498751,0.95332515,0.94845957,0.9514265,0.95245326,0.9505628,0.9516291,0.9501435,0.95064473
MBOAT2,0.9459785,0.94969356,0.95053506,0.95067126,0.9496784,0.95353305,0.9491025,0.95458597,0.9620046,0.9571372,0.94636476,0.9494087,0.949251,0.95373565,0.95345324,0.94745576,0.9487121,0.9527987,0.9506062,0.946975,0.95056266,0.95104635,0.9524387,0.9481101,0.9444621,0.94336444,0.95219946,0.94194543,0.9492249,0.9518602,0.9499526,0.9528147,0.95443106,0.95652205,0.94791734,0.95918906,0.96180683,0.94497967,0.95612204,0.95498353,0.9480419,0.952968,0.94825333,0.9486474,0.9509141,0.9541279,0.951178,1.0000015,0.95409995,0.94154155,0.95248604,0.96166366,0.9540376,0.95352554,0.9502541,0.9440448,0.9498275,0.9549452,0.9482105,0.9513864,0.95434755,0.94768673,0.953913,0.95134205,0.9526881,0.9470884,0.94762146,0.94497955,0.9457702,0.9521264,0.94597137,0.9460714,0.94714206,0.9486185,0.957875,0.95165706,0.94728136,0.9514074,0.9460181,0.9427699,0.9512057,0.95065606,0.94892436,0.9525765,0.96007323,0.95141506,0.9469069,0.9456152,0.9491085,0.9502233,0.9533894,0.9527677,0.9471749,0.9491686,0.94741803,0.9512554,0.9495531,0.9556682,0.95351136,0.9516175
MCTS1,0.95292354,0.9524697,0.9495912,0.9563619,0.9501979,0.95060635,0.9517566,0.96590436,0.95440626,0.9623616,0.94698817,0.9497284,0.9473974,0.9485607,0.9473379,0.95181406,0.9520997,0.9496396,0.94797707,0.9448054,0.95244443,0.9561791,0.9508514,0.9418582,0.9498112,0.9512859,0.9489051,0.95013183,0.95435643,0.9488922,0.9498679,0.9541512,0.9598873,0.9678969,0.9462887,0.95875347,0.9543215,0.94492877,0.9535903,0.94397104,0.9425885,0.94747674,0.94913715,0.95193464,0.9515946,0.957403,0.9488051,0.95409995,1.0000069,0.9513734,0.9485562,0.9509132,0.9532432,0.9534886,0.94831014,0.9505884,0.95151234,0.94804204,0.942109,0.9600785,0.9577636,0.9458076,0.94370794,0.9473174,0.95631945,0.950469,0.9500275,0.95180875,0.9473178,0.9477903,0.93956816,0.9476754,0.9559839,0.9406741,0.96441644,0.9571872,0.951828,0.9479125,0.9494364,0.9505013,0.9471188,0.95496625,0.95108885,0.9439032,0.9597515,0.9454048,0.9467177,0.948098,0.9530721,0.94750214,0.9521784,0.9521687,0.94976604,0.95069915,0.9463771,0.94980615,0.9509872,0.95152205,0.9594907,0.94840896
MED19,0.9575258,0.9510565,0.95321345,0.9534643,0.95725596,0.9570479,0.9552611,0.9484749,0.94338894,0.94815415,0.95092654,0.9514811,0.95073086,0.9524207,0.946519,0.95575297,0.960666,0.94830275,0.94814426,0.95160466,0.9519542,0.9488952,0.9490847,0.95004946,0.95760244,0.9621512,0.95031047,0.96159124,0.9537956,0.9476249,0.96198344,0.95153415,0.9462284,0.94941765,0.94987136,0.9474366,0.94143647,0.9513964,0.9469799,0.94617164,0.95023566,0.94482845,0.9503446,0.9595267,0.9495176,0.9510472,0.94772786,0.94154155,0.9513734,1.0000086,0.9492411,0.94611764,0.95265126,0.94860524,0.9476884,0.9578074,0.9500995,0.94497776,0.9524391,0.9514885,0.94813687,0.9507462,0.9411186,0.94924784,0.94948316,0.95218533,0.9560596,0.9569238,0.9547175,0.9498236,0.95863926,0.95416045,0.96173656,0.9511609,0.9477353,0.95131975,0.9554228,0.94836295,0.9621861,0.97375923,0.95058113,0.9553726,0.94846624,0.9426837,0.94940954,0.94740206,0.95210654,0.95725125,0.9500517,0.94774145,0.9477405,0.94692945,0.9509233,0.95370865,0.94845736,0.95025444,0.9528785,0.9489861,0.9488658,0.9503951
MGA,0.95050603,0.94811666,0.9502638,0.9488606,0.9502095,0.95329094,0.95305884,0.9483656,0.9539697,0.94932306,0.9516791,0.9536558,0.9536675,0.9563892,0.95581675,0.9489924,0.95002973,0.95354164,0.95131004,0.9526842,0.9495486,0.9514652,0.95031035,0.954055,0.94874746,0.95053065,0.95115566,0.9501601,0.9489051,0.95046103,0.9515381,0.9510112,0.95109326,0.94927835,0.9517794,0.95036715,0.9510473,0.94975054,0.9528773,0.95173466,0.9509498,0.95241904,0.9501894,0.94890183,0.9510882,0.95188075,0.9508495,0.95248604,0.9485562,0.9492411,0.9999914,0.9533152,0.9518883,0.95181316,0.95176226,0.94821334,0.94992423,0.9539426,0.952512,0.95229506,0.9524007,0.95230985,0.9530181,0.953675,0.95134056,0.9488938,0.9484589,0.9467879,0.9524428,0.95326364,0.9502411,0.94889736,0.94863456,0.9536958,0.94919205,0.95043564,0.9484957,0.95391667,0.9489672,0.9495973,0.956141,0.9498216,0.95258856,0.95090735,0.9509078,0.95102674,0.9503656,0.95485276,0.95107514,0.9489061,0.95129585,0.9551937,0.9523509,0.9513381,0.9511835,0.9557914,0.94967467,0.9507461,0.9491836,0.95616436
MICA,0.9508171,0.9484722,0.9466082,0.9487188,0.9565755,0.96360433,0.94594675,0.95101786,0.964784,0.95069075,0.938222,0.95127773,0.9475764,0.9563374,0.95801353,0.94821256,0.9564565,0.9542366,0.9493165,0.9519998,0.9470352,0.95181286,0.9481377,0.95681095,0.9458276,0.94675654,0.9478056,0.94484514,0.9428112,0.9514879,0.9548297,0.9580912,0.9491865,0.95182407,0.9426384,0.95450115,0.95495206,0.9404684,0.95557463,0.96238095,0.94580126,0.95339996,0.9474741,0.9517172,0.9478309,0.9518098,0.9491195,0.96166366,0.9509132,0.94611764,0.9533152,1.0000107,0.9518516,0.9517555,0.94886106,0.9427172,0.94505817,0.95427006,0.95118994,0.94353956,0.95092994,0.94440335,0.95554364,0.9486639,0.9510641,0.9476929,0.9465721,0.9468038,0.9456001,0.95175093,0.9484477,0.94568413,0.94584733,0.94901055,0.9570055,0.94808257,0.94287133,0.949272,0.95176566,0.9457078,0.95322764,0.9527364,0.94458276,0.94830173,0.9630095,0.95231646,0.9444318,0.9515203,0.9484598,0.94775164,0.95444024,0.9481453,0.94123775,0.94806325,0.9430484,0.9511843,0.9470298,0.9468898,0.9498521,0.95446134
MOSMO,0.9557039,0.9483373,0.9531355,0.951212,0.9520953,0.961935,0.96015114,0.9515117,0.95582926,0.9538572,0.9510641,0.95566154,0.9539476,0.9573965,0.9522329,0.95261186,0.9554098,0.9541157,0.9490924,0.9506801,0.9529619,0.95132124,0.94939715,0.95301104,0.9510004,0.9539578,0.9560408,0.9473833,0.9516789,0.94990313,0.9542817,0.9541548,0.953874,0.9566355,0.94857544,0.9523111,0.95147866,0.94865036,0.95234036,0.94741815,0.9507364,0.94914377,0.94879645,0.95049596,0.94978726,0.9557107,0.9509436,0.9540376,0.9532432,0.95265126,0.9518883,0.9518516,0.99999,0.95387816,0.95099586,0.94884473,0.9527224,0.9502038,0.95284474,0.95737547,0.9487547,0.95182854,0.9474947,0.94864833,0.95314765,0.9524214,0.949184,0.9482826,0.9529284,0.9538825,0.9495147,0.95007277,0.9559448,0.9533848,0.95360106,0.9532264,0.95192516,0.9496249,0.9515901,0.95116615,0.9558629,0.95285374,0.9519868,0.94992495,0.9595027,0.9461133,0.9507398,0.9564628,0.95252556,0.94833684,0.9519106,0.95280296,0.95228577,0.9513354,0.9522622,0.95527494,0.9519266,0.95416045,0.95098156,0.95427024
MT3,0.94973373,0.9528543,0.9501157,0.9531204,0.9480151,0.94924235,0.9530418,0.9543909,0.95545805,0.95556176,0.9526799,0.9518188,0.95222163,0.9517325,0.9541208,0.9518638,0.9499772,0.9529959,0.95014,0.94893503,0.9540074,0.951113,0.9514233,0.9488543,0.9485389,0.9489802,0.9547399,0.9480939,0.9520398,0.9515405,0.95059973,0.95521694,0.9561014,0.9553089,0.95195127,0.95260435,0.9548858,0.9499814,0.9518812,0.94996834,0.9494755,0.9509635,0.94878113,0.9495165,0.9510465,0.95453507,0.9508525,0.95352554,0.9534886,0.94860524,0.95181316,0.9517555,0.95387816,1.000001,0.9502792,0.94872385,0.95075417,0.9521592,0.9496385,0.9571625,0.95433235,0.953002,0.95072407,0.95317477,0.9523053,0.94937587,0.95022655,0.9512993,0.9509639,0.9511163,0.94632715,0.94907767,0.9535004,0.95114505,0.9546254,0.95511204,0.95114005,0.9524558,0.9494519,0.94710225,0.95346355,0.95307946,0.95393705,0.9507291,0.9545355,0.951172,0.9509423,0.9515113,0.95212054,0.95010525,0.95391095,0.9560029,0.95208526,0.9498295,0.9531896,0.9544562,0.9501414,0.9551606,0.9524897,0.9539883
NDST1,0.94915235,0.9496464,0.95096695,0.94966555,0.9475063,0.94957215,0.9501745,0.9484588,0.9499529,0.9475842,0.9525007,0.95091283,0.9534183,0.94903326,0.9505682,0.94980717,0.9471586,0.95318675,0.95410395,0.9511608,0.94927347,0.95146286,0.9517852,0.951501,0.947493,0.9490236,0.95191664,0.94866663,0.950558,0.95355815,0.9496796,0.94729435,0.94999254,0.94857585,0.9503359,0.9490248,0.9513265,0.9515275,0.9525355,0.9503244,0.95130986,0.9537759,0.9524025,0.9477938,0.9519082,0.9500841,0.9540392,0.9502541,0.94831014,0.9476884,0.95176226,0.94886106,0.95099586,0.9502792,0.9999981,0.9492106,0.95288515,0.95267403,0.94966245,0.9493152,0.9491053,0.9525095,0.9507177,0.951808,0.9516159,0.95339304,0.94859165,0.94953567,0.952368,0.9534039,0.9503818,0.95012605,0.94867647,0.95230526,0.9472606,0.9500119,0.94969016,0.95319027,0.9485935,0.9478545,0.95071375,0.94775194,0.9541737,0.9516661,0.9495817,0.9511201,0.95389944,0.94890654,0.950886,0.95460725,0.95330536,0.95214456,0.9549494,0.94935566,0.9514858,0.95371294,0.95051837,0.9512408,0.9484605,0.9526794
NNAT,0.94947433,0.95250636,0.952872,0.9526428,0.9506807,0.94498086,0.95039535,0.9510131,0.9427158,0.94919926,0.95526767,0.9491574,0.9500549,0.950874,0.9478659,0.9559137,0.95037466,0.94886297,0.9493595,0.9490071,0.955023,0.9495905,0.9511986,0.9483688,0.95513374,0.9584237,0.94917595,0.9606717,0.95641387,0.94921684,0.9544311,0.94521713,0.9508125,0.9490684,0.95466983,0.94804215,0.9458301,0.95597595,0.9471378,0.94690174,0.9492178,0.9475711,0.9526272,0.9536207,0.95096004,0.94974566,0.9480039,0.9440448,0.9505884,0.9578074,0.94821334,0.9427172,0.94884473,0.94872385,0.9492106,0.9999875,0.95146644,0.95163065,0.95066905,0.95305526,0.9533528,0.954356,0.94633335,0.952242,0.9497049,0.9509084,0.95548326,0.9550586,0.95560545,0.9477959,0.95007014,0.9545096,0.9555823,0.95294434,0.9454441,0.95168275,0.95708764,0.9512597,0.9518602,0.9590247,0.9504292,0.9518681,0.9519433,0.947685,0.9448963,0.9520006,0.95596355,0.9523963,0.9524763,0.9505605,0.94785833,0.95135105,0.9525498,0.9539018,0.95005745,0.94771713,0.95146406,0.95274734,0.9508814,0.95001185
ORM2,0.9508692,0.95022905,0.9517733,0.95258486,0.9470549,0.9466013,0.9531824,0.952989,0.94692534,0.9515659,0.95440245,0.95196474,0.9517066,0.95111436,0.94949573,0.9508528,0.9481632,0.95107245,0.9521481,0.9483929,0.95429397,0.9501561,0.9551028,0.9469222,0.95023125,0.9516198,0.95198375,0.95238227,0.952349,0.9533502,0.95024717,0.9501832,0.95333487,0.95205486,0.951445,0.94984376,0.95029736,0.9515792,0.95045894,0.94438523,0.9521834,0.9520266,0.9526641,0.94816464,0.95443,0.9508797,0.9540929,0.9498275,0.95151234,0.9500995,0.94992423,0.94505817,0.9527224,0.95075417,0.95288515,0.95146644,0.9999994,0.9509517,0.9482037,0.9567088,0.9523281,0.95166594,0.94884795,0.9504595,0.95433074,0.95435774,0.9509945,0.94815755,0.95224893,0.9531503,0.95048124,0.9499865,0.95396525,0.9489254,0.95041865,0.9549688,0.9532545,0.9535037,0.94802034,0.9497672,0.94961303,0.9498924,0.9554964,0.95033264,0.95054674,0.94858855,0.9532,0.9516532,0.9501188,0.9529848,0.9528318,0.95175654,0.95537806,0.95066416,0.95203525,0.9530036,0.9505137,0.9537166,0.95200485,0.9516448
P3H3,0.9440166,0.9499607,0.95033145,0.9474531,0.9483161,0.94774383,0.94952637,0.94935554,0.95356965,0.9493306,0.95391816,0.94984984,0.95294285,0.9521976,0.9551584,0.95014226,0.94613135,0.9559907,0.95256823,0.95279264,0.95143414,0.94994414,0.9539021,0.9554984,0.94660264,0.94710946,0.9507632,0.94997823,0.9495406,0.9525679,0.94868726,0.9480341,0.9516291,0.9494469,0.9533423,0.9489752,0.9544305,0.9539856,0.9549555,0.9549359,0.95160115,0.95363814,0.9526996,0.94822955,0.951053,0.9478734,0.9524925,0.9549452,0.94804204,0.94497776,0.9539426,0.95427006,0.9502038,0.9521592,0.95267403,0.95163065,0.9509517,1.0000048,0.94886434,0.94943774,0.9519904,0.95408976,0.95496315,0.9529902,0.9499125,0.95070314,0.9494979,0.94571453,0.95199823,0.9526284,0.9483362,0.95025605,0.94457656,0.9545287,0.94922906,0.9489991,0.94944936,0.9544167,0.94622934,0.94664437,0.9542312,0.94782364,0.9515418,0.9513784,0.9506602,0.9561261,0.9552886,0.94762224,0.9502515,0.95129013,0.9511774,0.9533842,0.95083994,0.9512795,0.95121986,0.9507344,0.9504399,0.95489806,0.9499969,0.95565253
PEX10,0.9538329,0.94878906,0.9512565,0.95094293,0.95296943,0.9560214,0.9518248,0.939691,0.9478278,0.9446138,0.9527092,0.95631635,0.9554795,0.957778,0.9556916,0.95222217,0.9562494,0.9509302,0.94984496,0.9587325,0.9506954,0.9489864,0.9487017,0.95827615,0.95000476,0.9546974,0.9540489,0.94944185,0.94793814,0.9511311,0.9536725,0.9515766,0.9438457,0.9407114,0.95322776,0.9425881,0.94528407,0.9504893,0.9465849,0.9518316,0.9509227,0.95093924,0.9503707,0.9492333,0.9484872,0.9477965,0.94849014,0.9482105,0.942109,0.9524391,0.952512,0.95118994,0.95284474,0.9496385,0.94966245,0.95066905,0.9482037,0.94886434,1.000012,0.94294864,0.94186556,0.953891,0.9524333,0.95405066,0.94774556,0.9491298,0.9501555,0.9525394,0.95539796,0.9526367,0.9573768,0.9539215,0.9540434,0.9583053,0.943972,0.9465662,0.9506593,0.951377,0.9551954,0.95181054,0.9556486,0.95132715,0.95019835,0.9504317,0.94655895,0.9540564,0.9492695,0.95853245,0.9518763,0.9505902,0.94861317,0.9484933,0.950041,0.9501177,0.9544331,0.9523862,0.95010436,0.9454373,0.9441655,0.95617753
PIP,0.95625746,0.9507272,0.9521282,0.95912087,0.94868016,0.94882053,0.9572275,0.9604316,0.95086956,0.95822096,0.9564413,0.95173335,0.9531186,0.9565801,0.95205903,0.9519258,0.948213,0.9517144,0.94857883,0.9450603,0.95765615,0.9529959,0.95267606,0.94723004,0.9507654,0.9541902,0.9551919,0.95308447,0.9568583,0.9484276,0.948752,0.9544246,0.96257704,0.96327543,0.95305383,0.95378524,0.95577323,0.95501626,0.9517101,0.9405421,0.951857,0.9472453,0.9503052,0.9488171,0.952405,0.95743495,0.9498259,0.9513864,0.9600785,0.9514885,0.95229506,0.94353956,0.95737547,0.9571625,0.9493152,0.95305526,0.9567088,0.94943774,0.94294864,1.0000027,0.9640657,0.9541844,0.9479143,0.9514226,0.9585709,0.95131695,0.949787,0.9515862,0.9531504,0.9515412,0.9465967,0.9504707,0.95803833,0.9478601,0.955946,0.95763403,0.95650434,0.9530059,0.9471441,0.9493681,0.95341754,0.9532935,0.95668036,0.95091736,0.9558425,0.94740486,0.9550171,0.956402,0.9503897,0.9488126,0.9518275,0.95759845,0.9562692,0.95038784,0.9511755,0.95359236,0.9500588,0.95913595,0.95996255,0.9530643
POU2F3,0.9509987,0.95200723,0.9503661,0.95667195,0.9477329,0.9469656,0.95207983,0.96206975,0.9553341,0.9568049,0.9502938,0.9503032,0.9488399,0.95420253,0.9541117,0.9515793,0.9471946,0.9526135,0.949878,0.94660044,0.9568571,0.95237213,0.95334935,0.9468094,0.94704473,0.9498204,0.9499244,0.95136607,0.9579303,0.94972235,0.9488239,0.95225966,0.9631069,0.9594535,0.951833,0.95754683,0.9567566,0.9520311,0.9531444,0.94521534,0.9480308,0.9503137,0.9497059,0.9488242,0.9508578,0.9552175,0.9495059,0.95434755,0.9577636,0.94813687,0.9524007,0.95092994,0.9487547,0.95433235,0.9491053,0.9533528,0.9523281,0.9519904,0.94186556,0.9640657,1.0000068,0.951246,0.9521512,0.9514687,0.95655763,0.94881517,0.95049745,0.94893974,0.94923997,0.95133317,0.9434043,0.9488334,0.9503871,0.9450534,0.9576439,0.9562429,0.9521774,0.9550138,0.9471334,0.946913,0.9502341,0.9512212,0.9542902,0.9512113,0.9552339,0.95095676,0.9543493,0.9485267,0.9513301,0.9492101,0.953104,0.9572957,0.9522409,0.9489798,0.9481701,0.95032257,0.9485484,0.95604897,0.9601982,0.95317197
RAB30,0.94754696,0.9508296,0.9539437,0.9515948,0.9477779,0.9485879,0.9542421,0.94796896,0.945446,0.94805896,0.960484,0.950547,0.95606375,0.9521438,0.95289004,0.95388246,0.94627875,0.95634305,0.9520986,0.95441604,0.9524064,0.94870514,0.9534565,0.95166916,0.9503605,0.9523005,0.9547365,0.9526099,0.9547982,0.951499,0.9513334,0.9459439,0.951956,0.94901764,0.9607196,0.94703555,0.95064473,0.9626213,0.9494064,0.94947207,0.9543422,0.95025796,0.9539755,0.9482643,0.95180064,0.95140845,0.94984645,0.94768673,0.9458076,0.9507462,0.95230985,0.94440335,0.95182854,0.953002,0.9525095,0.954356,0.95166594,0.95408976,0.953891,0.9541844,0.951246,0.9999967,0.95182335,0.9573411,0.9510755,0.9510586,0.9517591,0.9545309,0.95671344,0.95282245,0.9514964,0.9553922,0.95243245,0.9606812,0.94352543,0.950678,0.9549094,0.9546523,0.9485565,0.95021456,0.958771,0.9495755,0.9551391,0.952515,0.94660854,0.9530378,0.95790064,0.9550531,0.9510126,0.9513817,0.95021343,0.9573656,0.95566,0.95034117,0.95817304,0.9502191,0.9501409,0.9539721,0.9492106,0.9554521
RAMP1,0.94744146,0.94862807,0.9482415,0.94811594,0.9469286,0.9494219,0.9491492,0.94405955,0.95380443,0.9461886,0.9502773,0.95210326,0.9522262,0.95303744,0.9602509,0.94794536,0.9442614,0.95308834,0.9518147,0.9563697,0.95007277,0.94834673,0.95025295,0.95801026,0.94393265,0.94630885,0.95061725,0.9467094,0.9460347,0.95129514,0.9442453,0.9500499,0.94864017,0.9441876,0.9515376,0.9467394,0.9532673,0.95128965,0.95146286,0.9546577,0.95307565,0.95542514,0.9499395,0.94438934,0.94952154,0.94573873,0.95001966,0.953913,0.94370794,0.9411186,0.9530181,0.95554364,0.9474947,0.95072407,0.9507177,0.94633335,0.94884795,0.95496315,0.9524333,0.9479143,0.9521512,0.95182335,0.999993,0.9537739,0.94943154,0.94836265,0.94508976,0.9438651,0.94911337,0.95227635,0.9517504,0.94652283,0.9430147,0.95277727,0.94682586,0.94620657,0.945651,0.95587695,0.9443623,0.94010234,0.95436877,0.9452464,0.95172536,0.9577083,0.94974965,0.9539012,0.951236,0.9501542,0.94857246,0.95005965,0.9516956,0.9525447,0.94947106,0.9479023,0.95105743,0.9511277,0.9455304,0.94808877,0.94808847,0.9543275
RASD2,0.94759125,0.9524195,0.95182836,0.9519624,0.94928414,0.948641,0.9517059,0.94783914,0.9493902,0.9501109,0.9581417,0.95294106,0.95394105,0.9562839,0.95378655,0.9529241,0.94862366,0.95327604,0.9523763,0.95288616,0.95339334,0.9493472,0.95275146,0.95114255,0.9490093,0.9507445,0.95413935,0.95110047,0.9512949,0.95173264,0.9497858,0.9494765,0.95035493,0.94846505,0.9566783,0.9477226,0.9526668,0.95371807,0.9517553,0.95200133,0.95260954,0.95206445,0.95253974,0.94830537,0.9515841,0.94855434,0.95076156,0.95134205,0.9473174,0.94924784,0.953675,0.9486639,0.94864833,0.95317477,0.951808,0.952242,0.9504595,0.9529902,0.95405066,0.9514226,0.9514687,0.9573411,0.9537739,1.0000011,0.9513902,0.9485866,0.9512547,0.95194703,0.9525683,0.95192826,0.9514201,0.9528444,0.9525083,0.9569316,0.9480337,0.95062846,0.95255554,0.9553325,0.94877964,0.9491432,0.95519376,0.9515127,0.95448303,0.952439,0.94824594,0.9558517,0.9553165,0.9537692,0.95024735,0.9520599,0.9523835,0.95636535,0.95417345,0.9505197,0.9554301,0.9530334,0.94867885,0.95423615,0.949274,0.9539293
RCBTB1,0.952287,0.94967026,0.9539453,0.95522195,0.9492071,0.95314926,0.9523606,0.957606,0.9519321,0.95406425,0.950687,0.9534274,0.95212686,0.9533543,0.94998074,0.9509232,0.95082676,0.9514797,0.94965255,0.9465739,0.95574313,0.9546671,0.95365,0.9465043,0.9488675,0.94942594,0.9501786,0.9499782,0.9552784,0.94995785,0.9512149,0.9544505,0.95436436,0.95626205,0.94859415,0.957026,0.9536103,0.94743055,0.95507574,0.9454559,0.949462,0.9497113,0.94937557,0.94854355,0.95209485,0.95587116,0.951873,0.9526881,0.95631945,0.94948316,0.95134056,0.9510641,0.95314765,0.9523053,0.9516159,0.9497049,0.95433074,0.9499125,0.94774556,0.9585709,0.95655763,0.9510755,0.94943154,0.9513902,1.0000068,0.95305336,0.9510851,0.9501964,0.95140624,0.95191324,0.9462217,0.94939137,0.9521583,0.94675004,0.9572678,0.9566163,0.9510569,0.9510105,0.94914407,0.94787914,0.94994015,0.95142776,0.95149076,0.9491497,0.9562332,0.9494242,0.95136935,0.951157,0.9537854,0.95038986,0.95362854,0.9508864,0.9525554,0.9488648,0.95017874,0.9533189,0.95175666,0.95486426,0.9561857,0.9533035
RFX5,0.9513776,0.94844395,0.9497201,0.9516382,0.9485876,0.95171124,0.95205736,0.9488322,0.9461819,0.9475872,0.95155686,0.9505286,0.9511347,0.95128405,0.94934386,0.94940436,0.9521537,0.9503486,0.9524723,0.9508176,0.9504227,0.95131916,0.9524032,0.94983137,0.9489216,0.9485686,0.9503531,0.9510283,0.95201313,0.95296866,0.951419,0.9499552,0.94887227,0.9504408,0.94931126,0.94665486,0.9496184,0.9536805,0.9483403,0.94927573,0.9516474,0.9526894,0.95141226,0.9493155,0.95273775,0.9505434,0.9527316,0.9470884,0.950469,0.95218533,0.9488938,0.9476929,0.9524214,0.94937587,0.95339304,0.9509084,0.95435774,0.95070314,0.9491298,0.95131695,0.94881517,0.9510586,0.94836265,0.9485866,0.95305336,1.0000025,0.9519773,0.9525697,0.94889873,0.9518057,0.9517187,0.95210624,0.9498228,0.9495396,0.94818735,0.9515911,0.9536566,0.95017,0.9498155,0.9501991,0.94909805,0.9485242,0.9527787,0.9494424,0.9525963,0.94974524,0.95132124,0.952055,0.9489629,0.95238996,0.95287293,0.947188,0.95581824,0.948601,0.950238,0.95219225,0.9514323,0.95233625,0.9508773,0.9478088
RPL26L1,0.94991845,0.95007336,0.9533843,0.954969,0.9519838,0.952914,0.9518788,0.9517161,0.9451933,0.94951063,0.95246404,0.9480953,0.9498687,0.9527848,0.9464301,0.95389605,0.954131,0.9484272,0.94737864,0.9473145,0.952064,0.9515407,0.95246273,0.94804645,0.95437616,0.9525056,0.9500931,0.95514256,0.9551995,0.94936156,0.9553362,0.9491699,0.94928813,0.95000744,0.9518237,0.9501031,0.94758403,0.9528405,0.94854647,0.9497603,0.94979846,0.9479247,0.95121855,0.95429736,0.94929,0.9533052,0.94877905,0.94762146,0.9500275,0.9560596,0.9484589,0.9465721,0.949184,0.95022655,0.94859165,0.95548326,0.9509945,0.9494979,0.9501555,0.949787,0.95049745,0.9517591,0.94508976,0.9512547,0.9510851,0.9519773,0.99999535,0.9567671,0.9517343,0.94809544,0.95031005,0.955604,0.9556075,0.95220566,0.949138,0.95086235,0.95705295,0.948547,0.9563109,0.95609105,0.9503635,0.9546165,0.94836223,0.9474533,0.9499543,0.95060986,0.9547171,0.9523614,0.9526188,0.9500555,0.9502548,0.9482771,0.95221114,0.9516686,0.95003957,0.9509503,0.95244014,0.9548421,0.9519523,0.94849
RPS6KA1,0.95104635,0.9520815,0.9516024,0.9569546,0.9524377,0.95233333,0.948444,0.9500499,0.94414663,0.9505886,0.9512973,0.9474259,0.94934267,0.95199233,0.94749576,0.95666224,0.95712614,0.94922775,0.94787395,0.9489467,0.9519534,0.9500236,0.95057935,0.9484137,0.95290494,0.9539909,0.95112526,0.9552274,0.95542,0.94877905,0.9552832,0.9524166,0.95041776,0.95142436,0.9511819,0.9484339,0.94636273,0.9535769,0.94589186,0.9490949,0.9488628,0.9459779,0.9531235,0.9545225,0.9500625,0.95383686,0.9478087,0.94497955,0.95180875,0.9569238,0.9467879,0.9468038,0.9482826,0.9512993,0.94953567,0.9550586,0.94815755,0.94571453,0.9525394,0.9515862,0.94893974,0.9545309,0.9438651,0.95194703,0.9501964,0.9525697,0.9567671,0.999998,0.95086306,0.9483635,0.94948757,0.9565648,0.95708716,0.9527222,0.94845957,0.9504747,0.9577554,0.94824654,0.9560982,0.95708126,0.950065,0.95695424,0.948465,0.9475197,0.9515233,0.94878894,0.95075625,0.95566034,0.9514042,0.9500425,0.948861,0.9500826,0.95204985,0.9493378,0.95196605,0.9502572,0.95145905,0.94949365,0.9529493,0.94929093
S100P,0.9526339,0.9507215,0.95487773,0.95226634,0.9513688,0.95091647,0.95311844,0.94654095,0.94659525,0.9486961,0.9567694,0.95292854,0.9544224,0.9543129,0.9507234,0.95499283,0.9515054,0.9517855,0.9510647,0.9534554,0.95276815,0.95008796,0.95069885,0.95261174,0.95480853,0.9571039,0.95279926,0.95351505,0.95366144,0.95017064,0.9554198,0.94818336,0.95011914,0.94748545,0.95641583,0.9489629,0.9469974,0.954484,0.94938695,0.9484819,0.95152706,0.9493866,0.9533906,0.9508879,0.95013493,0.9504603,0.95045614,0.9457702,0.9473178,0.9547175,0.9524428,0.9456001,0.9529284,0.9509639,0.952368,0.95560545,0.95224893,0.95199823,0.95539796,0.9531504,0.94923997,0.95671344,0.94911337,0.9525683,0.95140624,0.94889873,0.9517343,0.95086306,1.0000091,0.9505807,0.9519623,0.95202196,0.9570543,0.9548135,0.9462766,0.9500352,0.953741,0.9519198,0.95234334,0.9546195,0.9546085,0.95173347,0.95199376,0.95126736,0.94763005,0.95170736,0.95708215,0.9568545,0.9514401,0.95071197,0.9497493,0.9532638,0.9526412,0.95317924,0.9547672,0.9526977,0.9524492,0.95055544,0.9485281,0.95299256
SAMHD1,0.9523927,0.9481531,0.9519013,0.94953746,0.9480956,0.9528093,0.9534647,0.9499786,0.95088834,0.9499886,0.95226634,0.9535399,0.95573175,0.9521682,0.9528628,0.94943285,0.94922644,0.95526844,0.9523245,0.9524773,0.9517791,0.95090073,0.9527474,0.9538628,0.94657505,0.9487682,0.9549517,0.94847345,0.9503339,0.9518663,0.9510366,0.9496235,0.9493771,0.9493365,0.95031524,0.9491627,0.95233816,0.9509773,0.9532452,0.9511441,0.95436305,0.9530443,0.9512923,0.94848526,0.95187324,0.95088935,0.95247644,0.9521264,0.9477903,0.9498236,0.95326364,0.95175093,0.9538825,0.9511163,0.9534039,0.9477959,0.9531503,0.9526284,0.9526367,0.9515412,0.95133317,0.95282245,0.95227635,0.95192826,0.95191324,0.9518057,0.94809544,0.9483635,0.9505807,0.9999922,0.9516628,0.95059234,0.94885206,0.9528006,0.94867766,0.95058846,0.9506554,0.9548098,0.9490298,0.9484587,0.95190346,0.9474602,0.95354795,0.9541303,0.9539936,0.9511057,0.9521455,0.95036006,0.95005476,0.9517123,0.9531987,0.9514544,0.95339614,0.94839877,0.95232344,0.95453763,0.95145893,0.9517138,0.9486512,0.95303464
SENP5,0.95451754,0.9474953,0.9495277,0.94926524,0.9516679,0.9535729,0.95484614,0.9375118,0.9452752,0.938073,0.95355314,0.95241004,0.9527836,0.95307016,0.9521295,0.94990194,0.95275146,0.9500432,0.9500421,0.95684993,0.948403,0.94379807,0.950107,0.9588303,0.95089155,0.953792,0.9520378,0.95215786,0.94745994,0.9494126,0.9541997,0.9480243,0.94031405,0.93882114,0.95264,0.94151604,0.94596004,0.95360434,0.94646454,0.950951,0.95750135,0.94987226,0.9487475,0.9528209,0.9486389,0.945311,0.94896764,0.94597137,0.93956816,0.95863926,0.9502411,0.9484477,0.9495147,0.94632715,0.9503818,0.95007014,0.95048124,0.9483362,0.9573768,0.9465967,0.9434043,0.9514964,0.9517504,0.9514201,0.9462217,0.9517187,0.95031005,0.94948757,0.9519623,0.9516628,1.0000043,0.9501239,0.95021415,0.9580012,0.9378928,0.9478255,0.948968,0.95119065,0.9530883,0.95498455,0.95378596,0.94841903,0.94911885,0.9515609,0.9437062,0.95148706,0.9538008,0.95462596,0.9453909,0.9497972,0.9482128,0.94747365,0.95224607,0.9507797,0.9505934,0.95053995,0.95009553,0.948444,0.9423417,0.95159376
SFXN4,0.95101637,0.9490057,0.9558998,0.9523485,0.95339507,0.9524033,0.94920534,0.9484902,0.94256276,0.94788444,0.95283026,0.9495643,0.9525423,0.9515947,0.9468271,0.9550155,0.95260644,0.9511886,0.9483104,0.9512241,0.94979584,0.9495272,0.95212984,0.9520992,0.9553751,0.95329493,0.9511341,0.9526569,0.9539989,0.9500098,0.9527688,0.94869107,0.9504602,0.9493208,0.95344025,0.9470168,0.94575393,0.954931,0.9488293,0.95057803,0.95155954,0.94843364,0.95456326,0.9511522,0.95019627,0.9518578,0.94924027,0.9460714,0.9476754,0.95416045,0.94889736,0.94568413,0.95007277,0.94907767,0.95012605,0.9545096,0.9499865,0.95025605,0.9539215,0.9504707,0.9488334,0.9553922,0.94652283,0.9528444,0.94939137,0.95210624,0.955604,0.9565648,0.95202196,0.95059234,0.9501239,0.99998885,0.95499814,0.9530003,0.94662356,0.9486557,0.95713776,0.9487005,0.9524784,0.9533018,0.95076764,0.9528764,0.95046455,0.94850034,0.94923186,0.9512893,0.95502025,0.95419204,0.9523149,0.95042855,0.9486155,0.948918,0.95309937,0.95187885,0.9513625,0.9511662,0.9533515,0.9513674,0.9502485,0.9494773
SH2D2A,0.9590396,0.95199984,0.95372665,0.9576353,0.95293283,0.9537439,0.9547079,0.952147,0.94396675,0.95339215,0.9541403,0.95432705,0.95194393,0.95506185,0.94892347,0.95723647,0.9584806,0.9487317,0.94739336,0.9492613,0.9548357,0.9516407,0.94831747,0.9465614,0.95582396,0.9637959,0.9551622,0.95751494,0.95418847,0.94786125,0.957341,0.95120883,0.95260197,0.9533814,0.9516143,0.9506181,0.9444012,0.94926894,0.94750136,0.9437535,0.9494934,0.9463631,0.951226,0.9531454,0.9505749,0.95424265,0.9479257,0.94714206,0.9559839,0.96173656,0.94863456,0.94584733,0.9559448,0.9535004,0.94867647,0.9555823,0.95396525,0.94457656,0.9540434,0.95803833,0.9503871,0.95243245,0.9430147,0.9525083,0.9521583,0.9498228,0.9556075,0.95708716,0.9570543,0.94885206,0.95021415,0.95499814,1.0000112,0.95071495,0.9504435,0.9547019,0.95825356,0.9493879,0.9581231,0.9606795,0.95302355,0.95687383,0.9519943,0.94509697,0.95155513,0.9467333,0.9514355,0.96122086,0.95245206,0.94842577,0.94854075,0.9519358,0.95115167,0.95354366,0.95269775,0.9534242,0.95042783,0.9502092,0.9526751,0.9518368
SH3KBP1,0.9452012,0.9480554,0.9515511,0.94868314,0.9501334,0.9528416,0.95607364,0.94161224,0.9469842,0.943872,0.9582434,0.94951475,0.95702744,0.9584633,0.9537131,0.95373523,0.94989717,0.955356,0.95033383,0.95506704,0.9517315,0.9461548,0.95122087,0.96048117,0.9508837,0.9507751,0.95874125,0.95077544,0.95106596,0.9509948,0.9522709,0.9455537,0.94488174,0.9424155,0.95833963,0.9453157,0.9470701,0.96254337,0.94826376,0.9558631,0.9564153,0.9506943,0.9521214,0.95067984,0.9492599,0.9493304,0.94921404,0.9486185,0.9406741,0.9511609,0.9536958,0.94901055,0.9533848,0.95114505,0.95230526,0.95294434,0.9489254,0.9545287,0.9583053,0.9478601,0.9450534,0.9606812,0.95277727,0.9569316,0.94675004,0.9495396,0.95220566,0.9527222,0.9548135,0.9528006,0.9580012,0.9530003,0.95071495,0.9999938,0.93849146,0.9455421,0.9517857,0.9527676,0.9509183,0.9520049,0.9626745,0.9511345,0.95107466,0.9524969,0.9453681,0.95467985,0.9575375,0.9539388,0.950541,0.95107794,0.94920427,0.9538428,0.9546419,0.9513737,0.957436,0.9523569,0.94979286,0.95297873,0.9453165,0.95649785
SIKE1,0.9497347,0.95175976,0.9512403,0.9548053,0.9502869,0.9532714,0.9483414,0.962624,0.9602286,0.9623904,0.94314355,0.94975674,0.94560033,0.94905376,0.9474294,0.9493725,0.9519842,0.9501553,0.94870967,0.9421123,0.9517555,0.95598453,0.9517437,0.9409599,0.947284,0.9467049,0.9468077,0.94727725,0.95407844,0.95033276,0.95003885,0.9599243,0.95930743,0.96460176,0.943515,0.96195745,0.9570161,0.93953776,0.9555477,0.94701815,0.94194925,0.948637,0.9484527,0.9503975,0.9518114,0.955613,0.9506753,0.957875,0.96441644,0.9477353,0.94919205,0.9570055,0.95360106,0.9546254,0.9472606,0.9454441,0.95041865,0.94922906,0.943972,0.955946,0.9576439,0.94352543,0.94682586,0.9480337,0.9572678,0.94818735,0.949138,0.94845957,0.9462766,0.94867766,0.9378928,0.94662356,0.9504435,0.93849146,0.9999954,0.95443636,0.9478081,0.9484467,0.94856876,0.946694,0.94576305,0.95641303,0.94867486,0.94633836,0.9619699,0.9462545,0.9442924,0.94535923,0.952725,0.94814277,0.9531482,0.94971377,0.9470564,0.9488614,0.945765,0.9502628,0.94903564,0.9518541,0.9603689,0.94937986
SIT1,0.9538771,0.9505472,0.95213485,0.9548085,0.94836867,0.9499015,0.9517098,0.95833826,0.9517978,0.95530474,0.9510703,0.9522864,0.95026356,0.95180047,0.9501418,0.95047456,0.950035,0.94922024,0.95000434,0.945122,0.9544653,0.95309573,0.95251954,0.94505745,0.9497177,0.9505697,0.9504162,0.9504406,0.9538809,0.9501667,0.9497067,0.95403504,0.9560897,0.95819575,0.94997007,0.95373917,0.9535899,0.94769967,0.9511815,0.94624466,0.95043856,0.94881624,0.95031583,0.9496677,0.95281076,0.95367116,0.9512372,0.95165706,0.9571872,0.95131975,0.95043564,0.94808257,0.9532264,0.95511204,0.9500119,0.95168275,0.9549688,0.9489991,0.9465662,0.95763403,0.9562429,0.950678,0.94620657,0.95062846,0.9566163,0.9515911,0.95086235,0.9504747,0.9500352,0.95058846,0.9478255,0.9486557,0.9547019,0.9455421,0.95443636,1.0000039,0.9531639,0.9510282,0.948071,0.9484531,0.9484097,0.95254016,0.95326865,0.9500728,0.9553069,0.94747084,0.9517088,0.9518901,0.9499097,0.95031554,0.9527685,0.9512812,0.95259887,0.94977075,0.9504805,0.95297337,0.95167005,0.9547666,0.9571923,0.9501812
SLC25A33,0.9521894,0.9506525,0.9547159,0.95508873,0.9516345,0.95083225,0.95005435,0.9520281,0.94284487,0.95157886,0.9538777,0.9490304,0.9514728,0.95392567,0.94865286,0.9546563,0.9515908,0.9490106,0.9497426,0.94776607,0.9551861,0.95121086,0.9526192,0.9483624,0.95458114,0.9561402,0.9528304,0.95508754,0.95730805,0.9495139,0.95326006,0.94872016,0.9523649,0.9535552,0.9545861,0.9473897,0.9479507,0.95539725,0.94812614,0.9475914,0.95147043,0.9482387,0.9524617,0.95146143,0.9500289,0.9552294,0.9493456,0.94728136,0.951828,0.9554228,0.9484957,0.94287133,0.95192516,0.95114005,0.94969016,0.95708764,0.9532545,0.94944936,0.9506593,0.95650434,0.9521774,0.9549094,0.945651,0.95255554,0.9510569,0.9536566,0.95705295,0.9577554,0.953741,0.9506554,0.948968,0.95713776,0.95825356,0.9517857,0.9478081,0.9531639,0.999993,0.95033455,0.95316434,0.95466894,0.9505952,0.95333695,0.9518639,0.9488403,0.9498429,0.95073426,0.9552648,0.95505124,0.9512491,0.9510652,0.94856393,0.9512299,0.9556395,0.95314413,0.9519476,0.9515674,0.95309615,0.9545479,0.9541745,0.9495368
SPATA2,0.94898903,0.95115185,0.95045185,0.9520886,0.94650143,0.9467654,0.9516588,0.9492747,0.9497825,0.9497337,0.954711,0.9538142,0.95270014,0.95292014,0.9551663,0.95132643,0.9458447,0.9550529,0.95298356,0.95356774,0.95322883,0.94826436,0.95400554,0.95142174,0.9467074,0.94970953,0.952361,0.9511325,0.9495971,0.9528911,0.9482926,0.9472192,0.95157564,0.94884706,0.9556183,0.9492193,0.9517931,0.9541123,0.9531132,0.9497113,0.95097125,0.95191085,0.9516141,0.9484208,0.9517779,0.9490763,0.95138675,0.9514074,0.9479125,0.94836295,0.95391667,0.949272,0.9496249,0.9524558,0.95319027,0.9512597,0.9535037,0.9544167,0.951377,0.9530059,0.9550138,0.9546523,0.95587695,0.9553325,0.9510105,0.95017,0.948547,0.94824654,0.9519198,0.9548098,0.95119065,0.9487005,0.9493879,0.9527676,0.9484467,0.9510282,0.95033455,1.0000043,0.94772625,0.948777,0.9531722,0.9468796,0.9553369,0.95222646,0.94850713,0.95371294,0.9533614,0.950005,0.94960403,0.953316,0.952618,0.95445204,0.9536298,0.94991183,0.95350724,0.9526577,0.94829476,0.95122385,0.9495283,0.9560126
SYNE1,0.95486,0.9508922,0.95110875,0.9512005,0.9559582,0.9566876,0.9512315,0.9483737,0.94617957,0.9489285,0.94837236,0.95147246,0.9503486,0.9520387,0.94951963,0.95407134,0.96159863,0.94803405,0.94837135,0.952333,0.95031583,0.9502175,0.94764876,0.94973683,0.9552482,0.9594178,0.950225,0.9553048,0.9501466,0.94864523,0.958029,0.95058805,0.946748,0.9487931,0.94892204,0.9494544,0.94320804,0.94885993,0.94807905,0.9495663,0.94772005,0.9476127,0.9490441,0.9584482,0.94758284,0.95074654,0.9475857,0.9460181,0.9494364,0.9621861,0.9489672,0.95176566,0.9515901,0.9494519,0.9485935,0.9518602,0.94802034,0.94622934,0.9551954,0.9471441,0.9471334,0.9485565,0.9443623,0.94877964,0.94914407,0.9498155,0.9563109,0.9560982,0.95234334,0.9490298,0.9530883,0.9524784,0.9581231,0.9509183,0.94856876,0.948071,0.95316434,0.94772625,0.99999946,0.9636694,0.95027304,0.9527564,0.9472537,0.9436666,0.95060736,0.94895655,0.950354,0.95496356,0.95095456,0.94830644,0.9482902,0.9453666,0.94799095,0.9520675,0.9495971,0.95049185,0.9512937,0.94734854,0.94758654,0.9509043
TESPA1,0.9531616,0.95010275,0.9537331,0.9509312,0.9549958,0.9527611,0.95478415,0.9477002,0.9431728,0.9470461,0.9499556,0.949883,0.9503112,0.9507577,0.94800913,0.9555773,0.9602135,0.94890726,0.94753706,0.95156336,0.95027196,0.9481459,0.9480653,0.94949186,0.95938456,0.96364033,0.9497563,0.963153,0.951608,0.9475939,0.96357465,0.9488399,0.9471732,0.9480087,0.95072496,0.9479432,0.94137406,0.9515191,0.94697267,0.94782114,0.9507971,0.9437424,0.94978076,0.9625255,0.94912034,0.949802,0.9471802,0.9427699,0.9505013,0.97375923,0.9495973,0.9457078,0.95116615,0.94710225,0.9478545,0.9590247,0.9497672,0.94664437,0.95181054,0.9493681,0.946913,0.95021456,0.94010234,0.9491432,0.94787914,0.9501991,0.95609105,0.95708126,0.9546195,0.9484587,0.95498455,0.9533018,0.9606795,0.9520049,0.946694,0.9484531,0.95466894,0.948777,0.9636694,1.000007,0.94980836,0.95389986,0.947879,0.9414447,0.9474361,0.94737047,0.95164007,0.9544273,0.950352,0.9478809,0.9469183,0.94716614,0.94976175,0.9546249,0.94844824,0.9489222,0.9519417,0.9485609,0.94688106,0.949595
THYN1,0.9487672,0.95018387,0.9497683,0.9518339,0.95037663,0.9552273,0.95800334,0.9443587,0.9528745,0.94704175,0.95640385,0.95196545,0.9579548,0.9577578,0.9571173,0.95433444,0.951191,0.95619893,0.94934565,0.95662653,0.95173186,0.94638956,0.94946593,0.95634884,0.94896036,0.9508016,0.9592528,0.9505101,0.95135593,0.95121074,0.9520567,0.95083004,0.94914347,0.9483887,0.9581575,0.9501807,0.95170486,0.9572331,0.95064074,0.95296156,0.9542099,0.95093,0.9509948,0.9488788,0.9499669,0.95117503,0.94949794,0.9512057,0.9471188,0.95058113,0.956141,0.95322764,0.9558629,0.95346355,0.95071375,0.9504292,0.94961303,0.9542312,0.9556486,0.95341754,0.9502341,0.958771,0.95436877,0.95519376,0.94994015,0.94909805,0.9503635,0.950065,0.9546085,0.95190346,0.95378596,0.95076764,0.95302355,0.9626745,0.94576305,0.9484097,0.9505952,0.9531722,0.95027304,0.94980836,0.9999964,0.95208925,0.9534933,0.9524943,0.9518747,0.9534487,0.9517659,0.9572833,0.9497014,0.94905823,0.95180726,0.95712364,0.9528539,0.95075876,0.9565454,0.95382285,0.94900453,0.95268977,0.94774884,0.955763
TMEM229B,0.95222235,0.94953126,0.9517097,0.95628697,0.9558322,0.95617026,0.9515293,0.9536773,0.9516685,0.95339274,0.9499972,0.949584,0.94745785,0.95603716,0.9483436,0.95510805,0.96029365,0.9492812,0.9470802,0.94637054,0.95240885,0.9510573,0.95022947,0.94799066,0.95267016,0.95220923,0.9493247,0.95260286,0.95500803,0.95030737,0.9551547,0.96357125,0.9517096,0.95610297,0.94809955,0.9528667,0.9493104,0.94815254,0.9495897,0.94904256,0.9445679,0.94711953,0.95269024,0.95501214,0.9490611,0.95512265,0.94890225,0.95065606,0.95496625,0.9553726,0.9498216,0.9527364,0.95285374,0.95307946,0.94775194,0.9518681,0.9498924,0.94782364,0.95132715,0.9532935,0.9512212,0.9495755,0.9452464,0.9515127,0.95142776,0.9485242,0.9546165,0.95695424,0.95173347,0.9474602,0.94841903,0.9528764,0.95687383,0.9511345,0.95641303,0.95254016,0.95333695,0.9468796,0.9527564,0.95389986,0.95208925,1.0000076,0.9479495,0.9437652,0.95301867,0.95133543,0.94994056,0.9551084,0.9501062,0.9486955,0.95006096,0.9514184,0.9501168,0.9535837,0.94844466,0.9513523,0.95107114,0.95284224,0.95456946,0.95003855
TMEM25,0.951177,0.9517298,0.9502796,0.95240337,0.94651175,0.9451247,0.95259225,0.948894,0.9482313,0.9508257,0.95681566,0.95347357,0.9543067,0.95098424,0.9511,0.9511719,0.9465399,0.95344347,0.9541004,0.95161134,0.95426846,0.950321,0.9526631,0.94868904,0.9480542,0.9514165,0.95316,0.9503246,0.95142245,0.95408636,0.94767684,0.94857043,0.95293367,0.9513213,0.9545956,0.9494505,0.9530022,0.95352036,0.9515971,0.9447068,0.9513564,0.95335376,0.9539167,0.947405,0.95387167,0.95002294,0.9542463,0.94892436,0.95108885,0.94846624,0.95258856,0.94458276,0.9519868,0.95393705,0.9541737,0.9519433,0.9554964,0.9515418,0.95019835,0.95668036,0.9542902,0.9551391,0.95172536,0.95448303,0.95149076,0.9527787,0.94836223,0.948465,0.95199376,0.95354795,0.94911885,0.95046455,0.9519943,0.95107466,0.94867486,0.95326865,0.9518639,0.9553369,0.9472537,0.947879,0.9534933,0.9479495,1.000005,0.9521443,0.9481385,0.95084476,0.95365965,0.9513509,0.9505096,0.9523521,0.9520868,0.9545302,0.9555615,0.95010597,0.9542749,0.9532547,0.94866705,0.95223004,0.9507617,0.9529598
TP53,0.949207,0.9501944,0.9510633,0.94908714,0.9434258,0.9482033,0.9502571,0.9471224,0.94990075,0.9465082,0.9524412,0.95093894,0.95421433,0.9499674,0.9533031,0.94878656,0.94097674,0.9523376,0.952639,0.95197034,0.9504405,0.94948554,0.95094025,0.95158577,0.94631076,0.9453999,0.95840865,0.9453084,0.9495114,0.95154667,0.946898,0.9481356,0.95025855,0.94774693,0.95337987,0.9477396,0.95617306,0.954399,0.95015335,0.95087296,0.9603284,0.9520881,0.9495353,0.94230443,0.95086664,0.94899666,0.9509789,0.9525765,0.9439032,0.9426837,0.95090735,0.94830173,0.94992495,0.9507291,0.9516661,0.947685,0.95033264,0.9513784,0.9504317,0.95091736,0.9512113,0.952515,0.9577083,0.952439,0.9491497,0.9494424,0.9474533,0.9475197,0.95126736,0.9541303,0.9515609,0.94850034,0.94509697,0.9524969,0.94633836,0.9500728,0.9488403,0.95222646,0.9436666,0.9414447,0.9524943,0.9437652,0.9521443,0.9999989,0.9496841,0.95142496,0.95180315,0.94950056,0.9473941,0.95185757,0.9507129,0.9519979,0.9521527,0.94405174,0.95355487,0.9503784,0.9494925,0.95243484,0.94753945,0.9514104
TRIT1,0.9566905,0.9479044,0.95154405,0.9536651,0.9529013,0.9644561,0.9551712,0.95869094,0.961518,0.95870024,0.9425932,0.9502905,0.9509612,0.956554,0.95459163,0.94976723,0.9568381,0.9527485,0.9480332,0.9467604,0.9523401,0.9558817,0.9505414,0.9520924,0.94775283,0.94758224,0.9536797,0.94644713,0.95146966,0.9489465,0.9562859,0.9596592,0.956297,0.96218204,0.94261074,0.95655894,0.9587065,0.9444629,0.9564156,0.9533634,0.9491354,0.94980395,0.9488081,0.95103383,0.95044035,0.957664,0.95063996,0.96007323,0.9597515,0.94940954,0.9509078,0.9630095,0.9595027,0.9545355,0.9495817,0.9448963,0.95054674,0.9506602,0.94655895,0.9558425,0.9552339,0.94660854,0.94974965,0.94824594,0.9562332,0.9525963,0.9499543,0.9515233,0.94763005,0.9539936,0.9437062,0.94923186,0.95155513,0.9453681,0.9619699,0.9553069,0.9498429,0.94850713,0.95060736,0.9474361,0.9518747,0.95301867,0.9481385,0.9496841,0.99998754,0.9455726,0.94666845,0.95136887,0.95204586,0.94806683,0.95565575,0.94946486,0.94978917,0.94801724,0.94512874,0.95687956,0.9492123,0.9538821,0.9570403,0.9507886
TRMT10A,0.9469641,0.95154655,0.94752973,0.94899243,0.94948584,0.9475071,0.94738173,0.9457906,0.9489662,0.947099,0.9553793,0.95063233,0.95199203,0.9520143,0.9543845,0.9505644,0.9485959,0.9536965,0.951923,0.95398176,0.9516194,0.9466892,0.95139,0.95364714,0.9485982,0.94973254,0.9496141,0.95019436,0.9483844,0.9525903,0.94878733,0.94804627,0.9499288,0.94602406,0.9552174,0.94738793,0.9492462,0.9540587,0.9509409,0.9538277,0.94976044,0.95358515,0.9511047,0.9492425,0.9492247,0.9475624,0.9496201,0.95141506,0.9454048,0.94740206,0.95102674,0.95231646,0.9461133,0.951172,0.9511201,0.9520006,0.94858855,0.9561261,0.9540564,0.94740486,0.95095676,0.9530378,0.9539012,0.9558517,0.9494242,0.94974524,0.95060986,0.94878894,0.95170736,0.9511057,0.95148706,0.9512893,0.9467333,0.95467985,0.9462545,0.94747084,0.95073426,0.95371294,0.94895655,0.94737047,0.9534487,0.95133543,0.95084476,0.95142496,0.9455726,0.99999535,0.9560663,0.9504834,0.9501918,0.9510963,0.95135236,0.95085645,0.95108944,0.95150566,0.95007885,0.9491551,0.9488754,0.9497623,0.9465887,0.95310163
TRPM2,0.94790655,0.9497132,0.9545881,0.9502157,0.9495986,0.9466127,0.9554356,0.9485384,0.94508016,0.9479138,0.95860356,0.94959444,0.9551889,0.9559328,0.9516863,0.95136124,0.9462066,0.9524534,0.95219356,0.9500909,0.95482516,0.94900066,0.95500785,0.95432967,0.9509281,0.9535959,0.9526927,0.9542244,0.9535798,0.95109254,0.9503149,0.94452953,0.9502627,0.9472033,0.9571011,0.94538665,0.9497949,0.96370953,0.94972986,0.9505853,0.95477974,0.9502572,0.9538741,0.95013833,0.95128125,0.94866765,0.9511189,0.9469069,0.9467177,0.95210654,0.9503656,0.9444318,0.9507398,0.9509423,0.95389944,0.95596355,0.9532,0.9552886,0.9492695,0.9550171,0.9543493,0.95790064,0.951236,0.9553165,0.95136935,0.95132124,0.9547171,0.95075625,0.95708215,0.9521455,0.9538008,0.95502025,0.9514355,0.9575375,0.9442924,0.9517088,0.9552648,0.9533614,0.950354,0.95164007,0.9517659,0.94994056,0.95365965,0.95180315,0.94666845,0.9560663,1.0000014,0.9519348,0.9514255,0.95214856,0.95083153,0.9521414,0.9558033,0.9502349,0.95170313,0.95165956,0.9522023,0.9559039,0.9497335,0.9546599
TRPV2,0.95874727,0.9498318,0.9514139,0.9550875,0.95631635,0.95791054,0.9549291,0.9465925,0.9473051,0.94869155,0.95481527,0.9543945,0.9535044,0.9599887,0.95655036,0.9551928,0.9591047,0.95068717,0.94869316,0.95351183,0.95327014,0.95004255,0.9477346,0.9546282,0.95418483,0.9591495,0.95289177,0.9535961,0.95010716,0.9488449,0.95646906,0.9557753,0.9496457,0.9499755,0.9519701,0.9447316,0.94491017,0.95131534,0.94704586,0.94982445,0.9514534,0.9485999,0.95124614,0.9522424,0.9490423,0.9528661,0.94914895,0.9456152,0.948098,0.95725125,0.95485276,0.9515203,0.9564628,0.9515113,0.94890654,0.9523963,0.9516532,0.94762224,0.95853245,0.956402,0.9485267,0.9550531,0.9501542,0.9537692,0.951157,0.952055,0.9523614,0.95566034,0.9568545,0.95036006,0.95462596,0.95419204,0.96122086,0.9539388,0.94535923,0.9518901,0.95505124,0.950005,0.95496356,0.9544273,0.9572833,0.9551084,0.9513509,0.94950056,0.95136887,0.9504834,0.9519348,0.99999636,0.9510774,0.94779617,0.94954795,0.9536811,0.9525299,0.95240116,0.9514171,0.95579493,0.9503388,0.94964725,0.95004165,0.9544868
YWHAG,0.9507941,0.95300984,0.9510819,0.9530305,0.95060104,0.9518076,0.9508862,0.95167017,0.94980115,0.95298856,0.9503377,0.95115006,0.9514244,0.95067996,0.9479364,0.9520417,0.94948065,0.9507097,0.94946635,0.95003647,0.9527514,0.9538015,0.95149803,0.9479618,0.95087653,0.95327985,0.94951886,0.95146894,0.9526174,0.9495426,0.94969255,0.94826454,0.952571,0.9519247,0.9509905,0.95226365,0.94834197,0.9504433,0.950785,0.9480882,0.9457643,0.949033,0.950672,0.94998986,0.95088655,0.95392406,0.9495019,0.9491085,0.9530721,0.9500517,0.95107514,0.9484598,0.95252556,0.95212054,0.950886,0.9524763,0.9501188,0.9502515,0.9518763,0.9503897,0.9513301,0.9510126,0.94857246,0.95024735,0.9537854,0.9489629,0.9526188,0.9514042,0.9514401,0.95005476,0.9453909,0.9523149,0.95245206,0.950541,0.952725,0.9499097,0.9512491,0.94960403,0.95095456,0.950352,0.9497014,0.9501062,0.9505096,0.9473941,0.95204586,0.9501918,0.9514255,0.9510774,0.9999989,0.94983155,0.9514507,0.9518804,0.9513097,0.95131874,0.9508004,0.9534151,0.951586,0.95056593,0.9518714,0.9526305
ZDHHC5,0.94877017,0.9497864,0.9505918,0.949006,0.94724166,0.94767857,0.9498403,0.94901884,0.94858074,0.9481683,0.95295286,0.95103353,0.95167154,0.9486746,0.94984424,0.9490432,0.9477297,0.951787,0.95429194,0.9502715,0.95055205,0.94893324,0.9525751,0.9494849,0.9481549,0.9487159,0.95090795,0.949228,0.95034844,0.9528372,0.9489186,0.94800305,0.94941604,0.9485954,0.9515779,0.9484279,0.95083964,0.9510222,0.95023596,0.9495839,0.9505748,0.9519126,0.9530903,0.94725835,0.9527473,0.949319,0.9543199,0.9502233,0.94750214,0.94774145,0.9489061,0.94775164,0.94833684,0.95010525,0.95460725,0.9505605,0.9529848,0.95129013,0.9505902,0.9488126,0.9492101,0.9513817,0.95005965,0.9520599,0.95038986,0.95238996,0.9500555,0.9500425,0.95071197,0.9517123,0.9497972,0.95042855,0.94842577,0.95107794,0.94814277,0.95031554,0.9510652,0.953316,0.94830644,0.9478809,0.94905823,0.9486955,0.9523521,0.95185757,0.94806683,0.9510963,0.95214856,0.94779617,0.94983155,0.99998945,0.95272166,0.9498029,0.9532315,0.9493795,0.95215005,0.9514736,0.95108825,0.950606,0.9492484,0.9516755
ZFHX4,0.94948125,0.9498509,0.95065075,0.95187587,0.94867563,0.9535712,0.95032305,0.9526449,0.9549328,0.95197874,0.9505007,0.95167536,0.95170045,0.9511891,0.95294285,0.94988954,0.95004904,0.95478,0.95369804,0.9490913,0.95053595,0.9509351,0.9535733,0.95028275,0.94757134,0.94760746,0.95191807,0.9475657,0.94977856,0.9542658,0.9503824,0.9510839,0.9529744,0.9544564,0.948887,0.95349777,0.95484495,0.9480195,0.9531031,0.9523714,0.950189,0.95379186,0.9519211,0.94718826,0.9525022,0.9534037,0.9528524,0.9533894,0.9521784,0.9477405,0.95129585,0.95444024,0.9519106,0.95391095,0.95330536,0.94785833,0.9528318,0.9511774,0.94861317,0.9518275,0.953104,0.95021343,0.9516956,0.9523835,0.95362854,0.95287293,0.9502548,0.948861,0.9497493,0.9531987,0.9482128,0.9486155,0.94854075,0.94920427,0.9531482,0.9527685,0.94856393,0.952618,0.9482902,0.9469183,0.95180726,0.95006096,0.9520868,0.9507129,0.95565575,0.95135236,0.95083153,0.94954795,0.9514507,0.95272166,1.0000088,0.9521953,0.9529503,0.94838566,0.9495885,0.9543123,0.95040095,0.95294565,0.9515554,0.95158696
ZFP14,0.9480832,0.95221806,0.95180565,0.95186996,0.9455172,0.94612145,0.95363003,0.9519454,0.95355195,0.9534619,0.9564295,0.9493219,0.9539654,0.9513788,0.95301735,0.95375556,0.9426744,0.9566793,0.9518616,0.9520139,0.9527167,0.95077366,0.95047903,0.9491608,0.9481026,0.9509752,0.9543066,0.9492927,0.95469,0.9508539,0.9490148,0.94947964,0.95586294,0.95402664,0.9562902,0.95280284,0.9537554,0.95406973,0.9521492,0.9491801,0.95067215,0.9509432,0.9511236,0.9476299,0.95143723,0.9538319,0.9498751,0.9527677,0.9521687,0.94692945,0.9551937,0.9481453,0.95280296,0.9560029,0.95214456,0.95135105,0.95175654,0.9533842,0.9484933,0.95759845,0.9572957,0.9573656,0.9525447,0.95636535,0.9508864,0.947188,0.9482771,0.9500826,0.9532638,0.9514544,0.94747365,0.948918,0.9519358,0.9538428,0.94971377,0.9512812,0.9512299,0.95445204,0.9453666,0.94716614,0.95712364,0.9514184,0.9545302,0.9519979,0.94946486,0.95085645,0.9521414,0.9536811,0.9518804,0.9498029,0.9521953,0.9999976,0.951083,0.95163566,0.9556836,0.9516141,0.94887865,0.95351297,0.9517849,0.9558593
ZNF10,0.9505752,0.9490752,0.9527549,0.9535081,0.9474191,0.9488442,0.9544027,0.95135903,0.94624776,0.948628,0.9570626,0.94964236,0.9537326,0.9529108,0.9501473,0.9496884,0.947848,0.9529938,0.95257026,0.9499242,0.9530833,0.9494318,0.9552149,0.95057863,0.94869184,0.9500288,0.95399463,0.9528415,0.95557225,0.95172775,0.95022285,0.9480927,0.952299,0.951237,0.95367193,0.94691133,0.9504057,0.9573924,0.9492824,0.9483119,0.9538928,0.95116824,0.95419586,0.947755,0.95260257,0.9510887,0.95332515,0.9471749,0.94976604,0.9509233,0.9523509,0.94123775,0.95228577,0.95208526,0.9549494,0.9525498,0.95537806,0.95083994,0.950041,0.9562692,0.9522409,0.95566,0.94947106,0.95417345,0.9525554,0.95581824,0.95221114,0.95204985,0.9526412,0.95339614,0.95224607,0.95309937,0.95115167,0.9546419,0.9470564,0.95259887,0.9556395,0.9536298,0.94799095,0.94976175,0.9528539,0.9501168,0.9555615,0.9521527,0.94978917,0.95108944,0.9558033,0.9525299,0.9513097,0.9532315,0.9529503,0.951083,0.9999918,0.949454,0.95495665,0.9550619,0.95302343,0.9572812,0.95191073,0.95140636
ZNF138,0.9513608,0.95160735,0.9495837,0.9503593,0.95447284,0.9502765,0.9507452,0.9500616,0.94923836,0.95029235,0.9509896,0.9497874,0.9500095,0.9500631,0.94976807,0.9530155,0.95280415,0.9492005,0.9494855,0.9506351,0.95140356,0.9495895,0.94927233,0.949545,0.9561647,0.9575938,0.94899124,0.9559403,0.951828,0.9485009,0.9528401,0.9497497,0.9490751,0.9499318,0.9506724,0.94915414,0.948014,0.949744,0.9491442,0.9498429,0.9455937,0.9486733,0.9520697,0.95463556,0.94865143,0.9510141,0.94845957,0.9491686,0.95069915,0.95370865,0.9513381,0.94806325,0.9513354,0.9498295,0.94935566,0.9539018,0.95066416,0.9512795,0.9501177,0.95038784,0.9489798,0.95034117,0.9479023,0.9505197,0.9488648,0.948601,0.9516686,0.9493378,0.95317924,0.94839877,0.9507797,0.95187885,0.95354366,0.9513737,0.9488614,0.94977075,0.95314413,0.94991183,0.9520675,0.9546249,0.95075876,0.9535837,0.95010597,0.94405174,0.94801724,0.95150566,0.9502349,0.95240116,0.95131874,0.9493795,0.94838566,0.95163566,0.949454,1.0,0.9501773,0.94955,0.95036376,0.9500799,0.9509445,0.95112354
ZNF235,0.94815254,0.95124686,0.9487034,0.950776,0.9477346,0.94688195,0.9522062,0.9458196,0.94560885,0.9486238,0.95862234,0.9514791,0.95441526,0.95043325,0.94997364,0.95339245,0.9473654,0.95431983,0.951586,0.954859,0.9514515,0.9489765,0.9514103,0.94941473,0.94886607,0.9504,0.9545908,0.9504149,0.952881,0.9524769,0.9489011,0.94658464,0.9498102,0.9480687,0.9577996,0.9475317,0.94939166,0.9560526,0.95026183,0.9502163,0.9526886,0.95089996,0.9521735,0.9463863,0.9521084,0.9492625,0.9514265,0.94741803,0.9463771,0.94845736,0.9511835,0.9430484,0.9522622,0.9531896,0.9514858,0.95005745,0.95203525,0.95121986,0.9544331,0.9511755,0.9481701,0.95817304,0.95105743,0.9554301,0.95017874,0.950238,0.95003957,0.95196605,0.9547672,0.95232344,0.9505934,0.9513625,0.95269775,0.957436,0.945765,0.9504805,0.9519476,0.95350724,0.9495971,0.94844824,0.9565454,0.94844466,0.9542749,0.95355487,0.94512874,0.95007885,0.95170313,0.9514171,0.9508004,0.95215005,0.9495885,0.9556836,0.95495665,0.9501773,0.99999523,0.953062,0.9501392,0.95161426,0.94883853,0.95337844
ZNF473,0.9546228,0.94757897,0.95221865,0.950614,0.9514456,0.95666534,0.9553308,0.948937,0.9515635,0.9503611,0.9516406,0.9549371,0.9556686,0.9564527,0.9523021,0.94966334,0.9530804,0.95441836,0.95138115,0.9513877,0.95335966,0.951475,0.95152074,0.95196944,0.9482298,0.951707,0.9545338,0.9482354,0.95066833,0.95093745,0.953021,0.9523022,0.95092416,0.951286,0.9493382,0.94953305,0.95094794,0.9492111,0.95393705,0.9501259,0.9515399,0.95272815,0.9514936,0.9480555,0.9518587,0.95455074,0.95245326,0.9512554,0.94980615,0.95025444,0.9557914,0.9511843,0.95527494,0.9544562,0.95371294,0.94771713,0.9530036,0.9507344,0.9523862,0.95359236,0.95032257,0.9502191,0.9511277,0.9530334,0.9533189,0.95219225,0.9509503,0.9502572,0.9526977,0.95453763,0.95053995,0.9511662,0.9534242,0.9523569,0.9502628,0.95297337,0.9515674,0.9526577,0.95049185,0.9489222,0.95382285,0.9513523,0.9532547,0.9503784,0.95687956,0.9491551,0.95165956,0.95579493,0.9534151,0.9514736,0.9543123,0.9516141,0.9550619,0.94955,0.953062,1.0000117,0.9510251,0.9528457,0.9522534,0.9564794
ZNF483,0.9503608,0.9498307,0.95385164,0.9501784,0.95220554,0.9521565,0.95073724,0.9512079,0.94771355,0.9498488,0.95048076,0.9510515,0.9516438,0.94993514,0.94645983,0.95139873,0.9527935,0.948188,0.950079,0.94826066,0.9496564,0.95079637,0.9521041,0.94933057,0.9520818,0.950554,0.95026976,0.94990057,0.95328254,0.95033,0.95144296,0.9499973,0.949407,0.95108324,0.9497916,0.95115805,0.948618,0.95073193,0.9513869,0.9485631,0.950994,0.94760394,0.95052373,0.9501314,0.95019424,0.9509661,0.9505628,0.9495531,0.9509872,0.9528785,0.94967467,0.9470298,0.9519266,0.9501414,0.95051837,0.95146406,0.9505137,0.9504399,0.95010436,0.9500588,0.9485484,0.9501409,0.9455304,0.94867885,0.95175666,0.9514323,0.95244014,0.95145905,0.9524492,0.95145893,0.95009553,0.9533515,0.95042783,0.94979286,0.94903564,0.95167005,0.95309615,0.94829476,0.9512937,0.9519417,0.94900453,0.95107114,0.94866705,0.9494925,0.9492123,0.9488754,0.9522023,0.9503388,0.951586,0.95108825,0.95040095,0.94887865,0.95302343,0.95036376,0.9501392,0.9510251,1.0000094,0.9508522,0.9498891,0.9499023
ZNF534,0.9477829,0.95136297,0.95475864,0.95352334,0.94843686,0.9488525,0.9550549,0.9557386,0.9526201,0.9538475,0.95567006,0.94684464,0.9518577,0.9556774,0.9511186,0.9521143,0.9470865,0.9514737,0.9501491,0.94622505,0.9543966,0.95140105,0.9549056,0.94692725,0.94909143,0.9477304,0.95525044,0.9509942,0.9562211,0.9511014,0.95062256,0.95050544,0.9562475,0.9561094,0.95338047,0.95271385,0.9566782,0.9557084,0.9513,0.9500927,0.9526443,0.94896,0.95066166,0.9500983,0.9519972,0.95456004,0.9516291,0.9556682,0.95152205,0.9489861,0.9507461,0.9468898,0.95416045,0.9551606,0.9512408,0.95274734,0.9537166,0.95489806,0.9454373,0.95913595,0.95604897,0.9539721,0.94808877,0.95423615,0.95486426,0.95233625,0.9548421,0.94949365,0.95055544,0.9517138,0.948444,0.9513674,0.9502092,0.95297873,0.9518541,0.9547666,0.9545479,0.95122385,0.94734854,0.9485609,0.95268977,0.95284224,0.95223004,0.95243484,0.9538821,0.9497623,0.9559039,0.94964725,0.95056593,0.950606,0.95294565,0.95351297,0.9572812,0.9500799,0.95161426,0.9528457,0.9508522,1.0000082,0.955186,0.9514224
ZNF687,0.951177,0.95067644,0.9510449,0.9573917,0.9497123,0.94932,0.9488626,0.9618077,0.95217174,0.95822066,0.9493078,0.94888526,0.9473596,0.9542218,0.9485822,0.9509201,0.9504473,0.9500915,0.948362,0.94396967,0.9544884,0.95433617,0.9531907,0.9453077,0.94926715,0.94907683,0.94837934,0.95071334,0.95690197,0.94999826,0.9498646,0.9552716,0.958156,0.9615896,0.94963014,0.9565965,0.9542941,0.94859374,0.95317924,0.94745153,0.94639647,0.9487147,0.9515113,0.94833946,0.9507517,0.9561708,0.9501435,0.95351136,0.9594907,0.9488658,0.9491836,0.9498521,0.95098156,0.9524897,0.9484605,0.9508814,0.95200485,0.9499969,0.9441655,0.95996255,0.9601982,0.9492106,0.94808847,0.949274,0.9561857,0.9508773,0.9519523,0.9529493,0.9485281,0.9486512,0.9423417,0.9502485,0.9526751,0.9453165,0.9603689,0.9571923,0.9541745,0.9495283,0.94758654,0.94688106,0.94774884,0.95456946,0.9507617,0.94753945,0.9570403,0.9465887,0.9497335,0.95004165,0.9518714,0.9492484,0.9515554,0.9517849,0.95191073,0.9509445,0.94883853,0.9522534,0.9498891,0.955186,0.99999297,0.94941545
ZNF880,0.9517804,0.9503785,0.95159274,0.94957215,0.95093566,0.9526194,0.9539805,0.9485549,0.9523577,0.9492285,0.95354354,0.9545385,0.95538044,0.95588565,0.95477986,0.95110947,0.9492146,0.9554672,0.95107543,0.9543258,0.9544019,0.9502523,0.9510885,0.9557447,0.9478058,0.95249045,0.9527314,0.9503095,0.95144093,0.9509503,0.9512446,0.95196027,0.9512166,0.9497067,0.953776,0.9480264,0.9513088,0.95238227,0.9541042,0.9521347,0.95158845,0.9525321,0.95183414,0.9481056,0.95075464,0.9514714,0.95064473,0.9516175,0.94840896,0.9503951,0.95616436,0.95446134,0.95427024,0.9539883,0.9526794,0.95001185,0.9516448,0.95565253,0.95617753,0.9530643,0.95317197,0.9554521,0.9543275,0.9539293,0.9533035,0.9478088,0.94849,0.94929093,0.95299256,0.95303464,0.95159376,0.9494773,0.9518368,0.95649785,0.94937986,0.9501812,0.9495368,0.9560126,0.9509043,0.949595,0.955763,0.95003855,0.9529598,0.9514104,0.9507886,0.95310163,0.9546599,0.9544868,0.9526305,0.9516755,0.95158696,0.9558593,0.95140636,0.95112354,0.95337844,0.9564794,0.9499023,0.9514224,0.94941545,0.9999918
